open_margin_db,close_margin_db,release_ms,hold_ms,noise_ema_tc_closed,low_hz,high_hz,pass_rate,passed,failed,mean_missed_speech,mean_false_open,mean_start_delay_ms,mean_early_close_ms,total_scenarios
6.0,4.0,500.0,100.0,1.0,150.0,3400.0,0.6,18,12,0.1826,1.4813,42.68,508.58,30
6.0,4.0,500.0,250.0,1.0,150.0,3400.0,0.6,18,12,0.1826,1.4813,42.68,508.58,30
6.0,6.0,500.0,100.0,1.0,150.0,4000.0,0.6,18,12,0.2453,1.43,41.86,611.32,30
6.0,6.0,500.0,250.0,1.0,150.0,4000.0,0.6,18,12,0.2453,1.43,41.86,611.32,30
6.0,6.0,500.0,100.0,1.0,300.0,4000.0,0.6,18,12,0.2506,1.508,41.19,617.32,30
6.0,6.0,500.0,250.0,1.0,300.0,4000.0,0.6,18,12,0.2506,1.508,41.19,617.32,30
6.0,6.0,500.0,100.0,1.0,150.0,3400.0,0.6,18,12,0.2606,1.432,41.86,617.32,30
6.0,6.0,500.0,250.0,1.0,150.0,3400.0,0.6,18,12,0.2606,1.432,41.86,617.32,30
6.0,6.0,500.0,100.0,1.0,300.0,3400.0,0.6,18,12,0.2633,1.5139,41.19,640.66,30
6.0,6.0,500.0,250.0,1.0,300.0,3400.0,0.6,18,12,0.2633,1.5139,41.19,640.66,30
6.0,2.0,500.0,100.0,1.0,300.0,4000.0,0.5667,17,13,0.1532,1.6378,19.29,503.92,30
6.0,2.0,500.0,250.0,1.0,300.0,4000.0,0.5667,17,13,0.1532,1.6378,19.29,503.92,30
6.0,2.0,500.0,100.0,1.0,150.0,4000.0,0.5667,17,13,0.1559,1.5819,20.78,503.25,30
6.0,2.0,500.0,250.0,1.0,150.0,4000.0,0.5667,17,13,0.1559,1.5819,20.78,503.25,30
6.0,2.0,500.0,100.0,1.0,150.0,3400.0,0.5667,17,13,0.1626,1.5806,20.78,503.25,30
6.0,2.0,500.0,250.0,1.0,150.0,3400.0,0.5667,17,13,0.1626,1.5806,20.78,503.25,30
6.0,4.0,500.0,100.0,1.0,150.0,4000.0,0.5667,17,13,0.1759,1.4806,42.68,508.58,30
6.0,4.0,500.0,250.0,1.0,150.0,4000.0,0.5667,17,13,0.1759,1.4806,42.68,508.58,30
8.0,4.0,500.0,100.0,1.0,150.0,3400.0,0.5667,17,13,0.1766,1.2946,44.01,508.58,30
8.0,4.0,500.0,250.0,1.0,150.0,3400.0,0.5667,17,13,0.1766,1.2946,44.01,508.58,30
8.0,6.0,500.0,100.0,1.0,150.0,4000.0,0.5667,17,13,0.2659,1.2359,43.19,611.32,30
8.0,6.0,500.0,250.0,1.0,150.0,4000.0,0.5667,17,13,0.2659,1.2359,43.19,611.32,30
8.0,6.0,500.0,100.0,1.0,300.0,4000.0,0.5667,17,13,0.2781,1.3068,43.34,626.7,30
8.0,6.0,500.0,250.0,1.0,300.0,4000.0,0.5667,17,13,0.2781,1.3068,43.34,626.7,30
8.0,6.0,500.0,100.0,1.0,150.0,3400.0,0.5667,17,13,0.2846,1.232,43.19,617.32,30
8.0,6.0,500.0,250.0,1.0,150.0,3400.0,0.5667,17,13,0.2846,1.232,43.19,617.32,30
8.0,6.0,500.0,100.0,1.0,300.0,3400.0,0.5667,17,13,0.2883,1.2717,43.34,650.03,30
8.0,6.0,500.0,250.0,1.0,300.0,3400.0,0.5667,17,13,0.2883,1.2717,43.34,650.03,30
10.0,4.0,500.0,100.0,1.0,150.0,3400.0,0.5667,17,13,0.3354,1.1528,32.78,468.48,30
10.0,4.0,500.0,250.0,1.0,150.0,3400.0,0.5667,17,13,0.3354,1.1528,32.78,468.48,30
10.0,6.0,500.0,100.0,1.0,150.0,4000.0,0.5667,17,13,0.414,1.154,32.78,562.56,30
10.0,6.0,500.0,250.0,1.0,150.0,4000.0,0.5667,17,13,0.414,1.154,32.78,562.56,30
10.0,6.0,500.0,100.0,1.0,150.0,3400.0,0.5667,17,13,0.4228,1.0808,32.78,585.22,30
10.0,6.0,500.0,250.0,1.0,150.0,3400.0,0.5667,17,13,0.4228,1.0808,32.78,585.22,30
12.0,6.0,500.0,100.0,1.0,150.0,4000.0,0.5667,17,13,0.5267,0.9633,55.44,568.56,30
12.0,6.0,500.0,250.0,1.0,150.0,4000.0,0.5667,17,13,0.5267,0.9633,55.44,568.56,30
12.0,6.0,500.0,100.0,1.0,150.0,3400.0,0.5667,17,13,0.63,0.9587,31.04,473.63,30
12.0,6.0,500.0,250.0,1.0,150.0,3400.0,0.5667,17,13,0.63,0.9587,31.04,473.63,30
6.0,4.0,800.0,100.0,1.0,150.0,3400.0,0.5333,16,14,0.1405,2.0092,18.0,150.5,30
6.0,4.0,800.0,100.0,1.0,150.0,4000.0,0.5333,16,14,0.1405,2.0112,18.0,150.5,30
6.0,4.0,800.0,250.0,1.0,150.0,3400.0,0.5333,16,14,0.1405,2.0092,18.0,150.5,30
6.0,4.0,800.0,250.0,1.0,150.0,4000.0,0.5333,16,14,0.1405,2.0112,18.0,150.5,30
8.0,4.0,800.0,100.0,1.0,150.0,3400.0,0.5333,16,14,0.1445,1.7725,21.29,150.5,30
8.0,4.0,800.0,100.0,1.0,150.0,4000.0,0.5333,16,14,0.1445,1.7751,21.29,150.5,30
8.0,4.0,800.0,250.0,1.0,150.0,3400.0,0.5333,16,14,0.1445,1.7725,21.29,150.5,30
8.0,4.0,800.0,250.0,1.0,150.0,4000.0,0.5333,16,14,0.1445,1.7751,21.29,150.5,30
6.0,2.0,500.0,100.0,1.0,300.0,3400.0,0.5333,16,14,0.1618,1.6338,19.29,503.92,30
6.0,2.0,500.0,250.0,1.0,300.0,3400.0,0.5333,16,14,0.1618,1.6338,19.29,503.92,30
6.0,6.0,800.0,100.0,1.0,150.0,4000.0,0.5333,16,14,0.1619,1.8719,18.0,171.92,30
6.0,6.0,800.0,250.0,1.0,150.0,4000.0,0.5333,16,14,0.1619,1.8719,18.0,171.92,30
8.0,2.0,500.0,100.0,1.0,150.0,3400.0,0.5333,16,14,0.1679,1.3579,21.44,503.25,30
8.0,2.0,500.0,100.0,1.0,150.0,4000.0,0.5333,16,14,0.1679,1.3573,21.44,503.25,30
8.0,2.0,500.0,250.0,1.0,150.0,3400.0,0.5333,16,14,0.1679,1.3579,21.44,503.25,30
8.0,2.0,500.0,250.0,1.0,150.0,4000.0,0.5333,16,14,0.1679,1.3573,21.44,503.25,30
8.0,2.0,500.0,100.0,1.0,300.0,3400.0,0.5333,16,14,0.1686,1.4206,21.44,503.92,30
8.0,2.0,500.0,100.0,1.0,300.0,4000.0,0.5333,16,14,0.1686,1.4199,21.44,503.92,30
8.0,2.0,500.0,250.0,1.0,300.0,3400.0,0.5333,16,14,0.1686,1.4206,21.44,503.92,30
8.0,2.0,500.0,250.0,1.0,300.0,4000.0,0.5333,16,14,0.1686,1.4199,21.44,503.92,30
6.0,4.0,500.0,100.0,1.0,300.0,4000.0,0.5333,16,14,0.1745,1.5891,41.19,508.58,30
6.0,4.0,500.0,250.0,1.0,300.0,4000.0,0.5333,16,14,0.1745,1.5891,41.19,508.58,30
8.0,4.0,500.0,100.0,1.0,300.0,3400.0,0.5333,16,14,0.1753,1.3346,43.34,508.58,30
8.0,4.0,500.0,250.0,1.0,300.0,3400.0,0.5333,16,14,0.1753,1.3346,43.34,508.58,30
6.0,6.0,800.0,100.0,1.0,150.0,3400.0,0.5333,16,14,0.1779,1.8773,18.0,334.58,30
6.0,6.0,800.0,250.0,1.0,150.0,3400.0,0.5333,16,14,0.1779,1.8773,18.0,334.58,30
6.0,4.0,500.0,100.0,1.0,300.0,3400.0,0.5333,16,14,0.1811,1.5891,41.19,508.58,30
6.0,4.0,500.0,250.0,1.0,300.0,3400.0,0.5333,16,14,0.1811,1.5891,41.19,508.58,30
8.0,4.0,500.0,100.0,1.0,300.0,4000.0,0.5333,16,14,0.1886,1.3346,43.34,508.58,30
8.0,4.0,500.0,250.0,1.0,300.0,4000.0,0.5333,16,14,0.1886,1.3346,43.34,508.58,30
8.0,4.0,500.0,100.0,1.0,150.0,4000.0,0.5333,16,14,0.1899,1.2939,44.01,508.58,30
8.0,4.0,500.0,250.0,1.0,150.0,4000.0,0.5333,16,14,0.1899,1.2939,44.01,508.58,30
10.0,2.0,500.0,100.0,1.0,150.0,3400.0,0.5333,16,14,0.3321,1.2048,32.78,465.15,30
10.0,2.0,500.0,250.0,1.0,150.0,3400.0,0.5333,16,14,0.3321,1.2048,32.78,465.15,30
10.0,2.0,500.0,100.0,1.0,150.0,4000.0,0.5333,16,14,0.3661,1.2948,32.78,465.15,30
10.0,2.0,500.0,250.0,1.0,150.0,4000.0,0.5333,16,14,0.3661,1.2948,32.78,465.15,30
10.0,4.0,500.0,100.0,1.0,150.0,4000.0,0.5333,16,14,0.3834,1.2368,32.78,467.82,30
10.0,4.0,500.0,250.0,1.0,150.0,4000.0,0.5333,16,14,0.3834,1.2368,32.78,467.82,30
10.0,6.0,500.0,100.0,1.0,300.0,3400.0,0.5333,16,14,0.4329,1.1942,37.44,594.6,30
10.0,6.0,500.0,250.0,1.0,300.0,3400.0,0.5333,16,14,0.4329,1.1942,37.44,594.6,30
10.0,6.0,500.0,100.0,1.0,300.0,4000.0,0.5333,16,14,0.4336,1.1829,37.44,594.6,30
10.0,6.0,500.0,250.0,1.0,300.0,4000.0,0.5333,16,14,0.4336,1.1829,37.44,594.6,30
10.0,4.0,300.0,100.0,1.0,150.0,3400.0,0.5333,16,14,0.4465,0.7605,93.89,617.06,30
10.0,4.0,300.0,100.0,1.0,150.0,4000.0,0.5333,16,14,0.4465,0.8338,93.89,616.39,30
10.0,4.0,300.0,250.0,1.0,150.0,3400.0,0.5333,16,14,0.4465,0.7605,93.89,617.06,30
10.0,4.0,300.0,250.0,1.0,150.0,4000.0,0.5333,16,14,0.4465,0.8338,93.89,616.39,30
12.0,6.0,500.0,100.0,1.0,300.0,4000.0,0.5333,16,14,0.5267,0.9607,59.44,600.6,30
12.0,6.0,500.0,250.0,1.0,300.0,4000.0,0.5333,16,14,0.5267,0.9607,59.44,600.6,30
12.0,2.0,300.0,100.0,1.0,150.0,4000.0,0.5333,16,14,0.54,0.788,245.89,438.51,30
12.0,2.0,300.0,250.0,1.0,150.0,4000.0,0.5333,16,14,0.54,0.788,245.89,438.51,30
12.0,2.0,500.0,100.0,1.0,150.0,3400.0,0.5333,16,14,0.5526,1.1119,31.04,383.55,30
12.0,2.0,500.0,250.0,1.0,150.0,3400.0,0.5333,16,14,0.5526,1.1119,31.04,383.55,30
12.0,4.0,500.0,100.0,1.0,150.0,3400.0,0.5333,16,14,0.5699,1.0639,31.04,385.55,30
12.0,4.0,500.0,250.0,1.0,150.0,3400.0,0.5333,16,14,0.5699,1.0639,31.04,385.55,30
12.0,2.0,300.0,100.0,1.0,150.0,3400.0,0.5333,16,14,0.64,0.7853,220.82,349.58,30
12.0,2.0,300.0,250.0,1.0,150.0,3400.0,0.5333,16,14,0.64,0.7853,220.82,349.58,30
12.0,6.0,500.0,100.0,1.0,300.0,3400.0,0.5333,16,14,0.64,0.972,35.04,483.0,30
12.0,6.0,500.0,250.0,1.0,300.0,3400.0,0.5333,16,14,0.64,0.972,35.04,483.0,30
6.0,4.0,800.0,100.0,0.3,300.0,3400.0,0.5,15,15,0.1301,2.4121,10.96,147.16,30
6.0,4.0,800.0,100.0,0.3,300.0,4000.0,0.5,15,15,0.1301,2.3795,10.96,147.16,30
6.0,4.0,800.0,250.0,0.3,300.0,3400.0,0.5,15,15,0.1301,2.4121,10.96,147.16,30
6.0,4.0,800.0,250.0,0.3,300.0,4000.0,0.5,15,15,0.1301,2.3795,10.96,147.16,30
6.0,2.0,800.0,100.0,1.0,150.0,3400.0,0.5,15,15,0.1332,2.1645,18.0,115.16,30
6.0,2.0,800.0,100.0,1.0,150.0,4000.0,0.5,15,15,0.1332,2.1458,18.0,115.16,30
6.0,2.0,800.0,250.0,1.0,150.0,3400.0,0.5,15,15,0.1332,2.1645,18.0,115.16,30
6.0,2.0,800.0,250.0,1.0,150.0,4000.0,0.5,15,15,0.1332,2.1458,18.0,115.16,30
6.0,4.0,800.0,100.0,0.3,150.0,3400.0,0.5,15,15,0.1339,2.3772,11.4,150.5,30
6.0,4.0,800.0,100.0,0.3,150.0,4000.0,0.5,15,15,0.1339,2.3812,11.4,150.5,30
6.0,4.0,800.0,250.0,0.3,150.0,3400.0,0.5,15,15,0.1339,2.3772,11.4,150.5,30
6.0,4.0,800.0,250.0,0.3,150.0,4000.0,0.5,15,15,0.1339,2.3812,11.4,150.5,30
8.0,2.0,800.0,100.0,1.0,150.0,3400.0,0.5,15,15,0.1365,1.8891,21.29,115.16,30
8.0,2.0,800.0,100.0,1.0,150.0,4000.0,0.5,15,15,0.1365,1.8905,21.29,115.16,30
8.0,2.0,800.0,250.0,1.0,150.0,3400.0,0.5,15,15,0.1365,1.8891,21.29,115.16,30
8.0,2.0,800.0,250.0,1.0,150.0,4000.0,0.5,15,15,0.1365,1.8905,21.29,115.16,30
6.0,4.0,800.0,100.0,1.0,300.0,3400.0,0.5,15,15,0.1398,2.0572,17.34,150.5,30
6.0,4.0,800.0,100.0,1.0,300.0,4000.0,0.5,15,15,0.1398,2.0398,17.34,150.5,30
6.0,4.0,800.0,250.0,1.0,300.0,3400.0,0.5,15,15,0.1398,2.0572,17.34,150.5,30
6.0,4.0,800.0,250.0,1.0,300.0,4000.0,0.5,15,15,0.1398,2.0398,17.34,150.5,30
8.0,4.0,800.0,100.0,1.0,300.0,3400.0,0.5,15,15,0.1438,1.8218,21.29,150.5,30
8.0,4.0,800.0,250.0,1.0,300.0,3400.0,0.5,15,15,0.1438,1.8218,21.29,150.5,30
8.0,6.0,800.0,100.0,1.0,150.0,4000.0,0.5,15,15,0.1667,1.6447,22.11,171.92,30
8.0,6.0,800.0,250.0,1.0,150.0,4000.0,0.5,15,15,0.1667,1.6447,22.11,171.92,30
8.0,6.0,800.0,100.0,1.0,150.0,3400.0,0.5,15,15,0.194,1.6434,22.11,334.58,30
8.0,6.0,800.0,250.0,1.0,150.0,3400.0,0.5,15,15,0.194,1.6434,22.11,334.58,30
6.0,2.0,300.0,100.0,1.0,150.0,4000.0,0.5,15,15,0.2221,1.2034,221.12,481.28,30
6.0,2.0,300.0,250.0,1.0,150.0,4000.0,0.5,15,15,0.2221,1.2034,221.12,481.28,30
6.0,2.0,300.0,100.0,1.0,150.0,3400.0,0.5,15,15,0.2241,1.2014,221.12,481.28,30
6.0,2.0,300.0,250.0,1.0,150.0,3400.0,0.5,15,15,0.2241,1.2014,221.12,481.28,30
10.0,2.0,800.0,100.0,1.0,150.0,3400.0,0.5,15,15,0.2257,1.707,31.96,87.06,30
10.0,2.0,800.0,100.0,1.0,150.0,4000.0,0.5,15,15,0.2257,1.8064,31.96,87.06,30
10.0,2.0,800.0,250.0,1.0,150.0,3400.0,0.5,15,15,0.2257,1.707,31.96,87.06,30
10.0,2.0,800.0,250.0,1.0,150.0,4000.0,0.5,15,15,0.2257,1.8064,31.96,87.06,30
8.0,2.0,300.0,100.0,1.0,150.0,4000.0,0.5,15,15,0.2267,1.0247,222.46,481.28,30
8.0,2.0,300.0,250.0,1.0,150.0,4000.0,0.5,15,15,0.2267,1.0247,222.46,481.28,30
10.0,4.0,800.0,100.0,1.0,150.0,4000.0,0.5,15,15,0.2304,1.6917,31.96,119.06,30
10.0,4.0,800.0,250.0,1.0,150.0,4000.0,0.5,15,15,0.2304,1.6917,31.96,119.06,30
10.0,4.0,800.0,100.0,1.0,150.0,3400.0,0.5,15,15,0.234,1.584,31.96,122.66,30
10.0,4.0,800.0,250.0,1.0,150.0,3400.0,0.5,15,15,0.234,1.584,31.96,122.66,30
8.0,2.0,300.0,100.0,1.0,150.0,3400.0,0.5,15,15,0.2441,1.0107,233.12,481.28,30
8.0,2.0,300.0,250.0,1.0,150.0,3400.0,0.5,15,15,0.2441,1.0107,233.12,481.28,30
6.0,4.0,300.0,100.0,1.0,150.0,4000.0,0.5,15,15,0.2812,1.1312,93.12,665.12,30
6.0,4.0,300.0,250.0,1.0,150.0,4000.0,0.5,15,15,0.2812,1.1312,93.12,665.12,30
8.0,6.0,500.0,100.0,0.3,150.0,3400.0,0.5,15,15,0.2814,1.5967,41.37,603.32,30
8.0,6.0,500.0,250.0,0.3,150.0,3400.0,0.5,15,15,0.2814,1.5967,41.37,603.32,30
8.0,4.0,300.0,100.0,1.0,150.0,4000.0,0.5,15,15,0.2919,0.9479,95.79,663.83,30
8.0,4.0,300.0,250.0,1.0,150.0,4000.0,0.5,15,15,0.2919,0.9479,95.79,663.83,30
6.0,4.0,300.0,100.0,1.0,150.0,3400.0,0.5,15,15,0.2952,1.1352,93.12,663.78,30
6.0,4.0,300.0,250.0,1.0,150.0,3400.0,0.5,15,15,0.2952,1.1352,93.12,663.78,30
8.0,4.0,300.0,100.0,1.0,150.0,3400.0,0.5,15,15,0.3146,0.9473,95.79,663.83,30
8.0,4.0,300.0,250.0,1.0,150.0,3400.0,0.5,15,15,0.3146,0.9473,95.79,663.83,30
10.0,6.0,800.0,100.0,1.0,150.0,4000.0,0.5,15,15,0.3366,1.5799,32.78,224.48,30
10.0,6.0,800.0,250.0,1.0,150.0,4000.0,0.5,15,15,0.3366,1.5799,32.78,224.48,30
10.0,2.0,500.0,100.0,1.0,300.0,3400.0,0.5,15,15,0.3368,1.3361,38.11,465.82,30
10.0,2.0,500.0,250.0,1.0,300.0,3400.0,0.5,15,15,0.3368,1.3361,38.11,465.82,30
10.0,2.0,500.0,100.0,1.0,300.0,4000.0,0.5,15,15,0.3381,1.3361,38.11,465.82,30
10.0,2.0,500.0,250.0,1.0,300.0,4000.0,0.5,15,15,0.3381,1.3361,38.11,465.82,30
10.0,4.0,500.0,100.0,1.0,300.0,3400.0,0.5,15,15,0.3401,1.2634,38.11,467.82,30
10.0,4.0,500.0,250.0,1.0,300.0,3400.0,0.5,15,15,0.3401,1.2634,38.11,467.82,30
10.0,6.0,800.0,100.0,1.0,150.0,3400.0,0.5,15,15,0.3426,1.4879,32.78,289.15,30
10.0,6.0,800.0,250.0,1.0,150.0,3400.0,0.5,15,15,0.3426,1.4879,32.78,289.15,30
10.0,4.0,500.0,100.0,1.0,300.0,4000.0,0.5,15,15,0.3548,1.2621,38.11,467.82,30
10.0,4.0,500.0,250.0,1.0,300.0,4000.0,0.5,15,15,0.3548,1.2621,38.11,467.82,30
12.0,6.0,800.0,100.0,1.0,150.0,4000.0,0.5,15,15,0.3659,1.3173,55.44,230.48,30
12.0,6.0,800.0,250.0,1.0,150.0,4000.0,0.5,15,15,0.3659,1.3173,55.44,230.48,30
10.0,2.0,300.0,100.0,1.0,150.0,4000.0,0.5,15,15,0.3993,0.91,221.89,436.51,30
10.0,2.0,300.0,250.0,1.0,150.0,4000.0,0.5,15,15,0.3993,0.91,221.89,436.51,30
10.0,2.0,300.0,100.0,1.0,150.0,3400.0,0.5,15,15,0.4106,0.8286,221.89,436.51,30
10.0,2.0,300.0,250.0,1.0,150.0,3400.0,0.5,15,15,0.4106,0.8286,221.89,436.51,30
12.0,2.0,500.0,100.0,1.0,150.0,4000.0,0.5,15,15,0.4359,1.1126,55.44,465.82,30
12.0,2.0,500.0,250.0,1.0,150.0,4000.0,0.5,15,15,0.4359,1.1126,55.44,465.82,30
10.0,4.0,800.0,100.0,0.3,150.0,3400.0,0.5,15,15,0.4393,1.8906,17.56,119.06,30
10.0,4.0,800.0,100.0,0.3,150.0,4000.0,0.5,15,15,0.4393,1.8926,17.56,119.06,30
10.0,4.0,800.0,250.0,0.3,150.0,3400.0,0.5,15,15,0.4393,1.8906,17.56,119.06,30
10.0,4.0,800.0,250.0,0.3,150.0,4000.0,0.5,15,15,0.4393,1.8926,17.56,119.06,30
10.0,6.0,800.0,100.0,0.3,150.0,4000.0,0.5,15,15,0.44,1.836,17.56,119.73,30
10.0,6.0,800.0,250.0,0.3,150.0,4000.0,0.5,15,15,0.44,1.836,17.56,119.73,30
12.0,4.0,500.0,100.0,1.0,150.0,4000.0,0.5,15,15,0.4533,1.0633,55.44,467.82,30
12.0,4.0,500.0,250.0,1.0,150.0,4000.0,0.5,15,15,0.4533,1.0633,55.44,467.82,30
10.0,4.0,500.0,100.0,0.3,150.0,3400.0,0.5,15,15,0.4547,1.4141,18.35,381.55,30
10.0,4.0,500.0,250.0,0.3,150.0,3400.0,0.5,15,15,0.4547,1.4141,18.35,381.55,30
12.0,6.0,800.0,100.0,1.0,150.0,3400.0,0.5,15,15,0.4646,1.3153,31.04,187.55,30
12.0,6.0,800.0,250.0,1.0,150.0,3400.0,0.5,15,15,0.4646,1.3153,31.04,187.55,30
10.0,4.0,500.0,100.0,0.3,150.0,4000.0,0.5,15,15,0.4901,1.3954,18.35,381.55,30
10.0,4.0,500.0,250.0,0.3,150.0,4000.0,0.5,15,15,0.4901,1.3954,18.35,381.55,30
10.0,6.0,500.0,100.0,0.3,150.0,3400.0,0.5,15,15,0.5173,1.3366,18.35,448.96,30
10.0,6.0,500.0,100.0,0.3,150.0,4000.0,0.5,15,15,0.5173,1.32,18.35,448.96,30
10.0,6.0,500.0,250.0,0.3,150.0,3400.0,0.5,15,15,0.5173,1.3366,18.35,448.96,30
10.0,6.0,500.0,250.0,0.3,150.0,4000.0,0.5,15,15,0.5173,1.32,18.35,448.96,30
10.0,4.0,300.0,100.0,0.3,150.0,3400.0,0.5,15,15,0.5299,1.0819,172.8,346.92,30
10.0,4.0,300.0,250.0,0.3,150.0,3400.0,0.5,15,15,0.5299,1.0819,172.8,346.92,30
10.0,4.0,300.0,100.0,0.3,150.0,4000.0,0.5,15,15,0.5373,1.0779,172.8,347.58,30
10.0,4.0,300.0,250.0,0.3,150.0,4000.0,0.5,15,15,0.5373,1.0779,172.8,347.58,30
12.0,2.0,500.0,100.0,1.0,300.0,3400.0,0.5,15,15,0.5573,1.1399,35.04,384.22,30
12.0,2.0,500.0,250.0,1.0,300.0,3400.0,0.5,15,15,0.5573,1.1399,35.04,384.22,30
12.0,4.0,500.0,100.0,1.0,300.0,3400.0,0.5,15,15,0.5726,1.0746,35.04,384.89,30
12.0,4.0,500.0,250.0,1.0,300.0,3400.0,0.5,15,15,0.5726,1.0746,35.04,384.89,30
12.0,4.0,300.0,100.0,1.0,150.0,4000.0,0.5,15,15,0.5832,0.7458,245.89,491.73,30
12.0,4.0,300.0,250.0,1.0,150.0,4000.0,0.5,15,15,0.5832,0.7458,245.89,491.73,30
12.0,4.0,300.0,100.0,1.0,150.0,3400.0,0.5,15,15,0.6758,0.7438,93.49,528.13,30
12.0,4.0,300.0,250.0,1.0,150.0,3400.0,0.5,15,15,0.6758,0.7438,93.49,528.13,30
6.0,2.0,800.0,100.0,0.3,300.0,3400.0,0.4667,14,16,0.1115,2.5335,10.96,100.5,30
6.0,2.0,800.0,100.0,0.3,300.0,4000.0,0.4667,14,16,0.1115,2.5021,10.96,100.5,30
6.0,2.0,800.0,250.0,0.3,300.0,3400.0,0.4667,14,16,0.1115,2.5335,10.96,100.5,30
6.0,2.0,800.0,250.0,0.3,300.0,4000.0,0.4667,14,16,0.1115,2.5021,10.96,100.5,30
6.0,2.0,800.0,100.0,0.3,150.0,4000.0,0.4667,14,16,0.1219,2.5199,11.4,110.5,30
6.0,2.0,800.0,250.0,0.3,150.0,4000.0,0.4667,14,16,0.1219,2.5199,11.4,110.5,30
6.0,2.0,800.0,100.0,0.3,150.0,3400.0,0.4667,14,16,0.1266,2.5012,11.4,115.16,30
6.0,2.0,800.0,250.0,0.3,150.0,3400.0,0.4667,14,16,0.1266,2.5012,11.4,115.16,30
6.0,2.0,800.0,100.0,1.0,300.0,3400.0,0.4667,14,16,0.1325,2.1332,17.34,115.16,30
6.0,2.0,800.0,100.0,1.0,300.0,4000.0,0.4667,14,16,0.1325,2.1338,17.34,115.16,30
6.0,2.0,800.0,250.0,1.0,300.0,3400.0,0.4667,14,16,0.1325,2.1332,17.34,115.16,30
6.0,2.0,800.0,250.0,1.0,300.0,4000.0,0.4667,14,16,0.1325,2.1338,17.34,115.16,30
6.0,2.0,500.0,100.0,0.3,150.0,4000.0,0.4667,14,16,0.1385,2.0879,11.38,389.92,30
6.0,2.0,500.0,250.0,0.3,150.0,4000.0,0.4667,14,16,0.1385,2.0879,11.38,389.92,30
8.0,4.0,800.0,100.0,1.0,300.0,4000.0,0.4667,14,16,0.1445,1.8738,21.29,150.5,30
8.0,4.0,800.0,250.0,1.0,300.0,4000.0,0.4667,14,16,0.1445,1.8738,21.29,150.5,30
6.0,2.0,500.0,100.0,0.3,150.0,3400.0,0.4667,14,16,0.1499,2.0892,14.0,394.58,30
6.0,2.0,500.0,250.0,0.3,150.0,3400.0,0.4667,14,16,0.1499,2.0892,14.0,394.58,30
6.0,6.0,800.0,100.0,0.3,300.0,4000.0,0.4667,14,16,0.1541,2.2861,13.38,252.76,30
6.0,6.0,800.0,250.0,0.3,300.0,4000.0,0.4667,14,16,0.1541,2.2861,13.38,252.76,30
6.0,6.0,800.0,100.0,0.3,150.0,4000.0,0.4667,14,16,0.1555,2.2808,13.38,254.09,30
6.0,6.0,800.0,100.0,0.3,300.0,3400.0,0.4667,14,16,0.1555,2.3128,13.38,316.76,30
6.0,6.0,800.0,250.0,0.3,150.0,4000.0,0.4667,14,16,0.1555,2.2808,13.38,254.09,30
6.0,6.0,800.0,250.0,0.3,300.0,3400.0,0.4667,14,16,0.1555,2.3128,13.38,316.76,30
6.0,6.0,800.0,100.0,1.0,300.0,4000.0,0.4667,14,16,0.1753,1.9519,17.34,269.92,30
6.0,6.0,800.0,250.0,1.0,300.0,4000.0,0.4667,14,16,0.1753,1.9519,17.34,269.92,30
6.0,6.0,800.0,100.0,1.0,300.0,3400.0,0.4667,14,16,0.1766,1.9519,17.34,333.92,30
6.0,6.0,800.0,250.0,1.0,300.0,3400.0,0.4667,14,16,0.1766,1.9519,17.34,333.92,30
8.0,6.0,800.0,100.0,1.0,300.0,4000.0,0.4667,14,16,0.1872,1.7105,21.29,269.92,30
8.0,6.0,800.0,250.0,1.0,300.0,4000.0,0.4667,14,16,0.1872,1.7105,21.29,269.92,30
8.0,6.0,800.0,100.0,1.0,300.0,3400.0,0.4667,14,16,0.1919,1.7012,21.29,333.92,30
8.0,6.0,800.0,250.0,1.0,300.0,3400.0,0.4667,14,16,0.1919,1.7012,21.29,333.92,30
8.0,2.0,500.0,100.0,0.3,150.0,3400.0,0.4667,14,16,0.2152,1.8259,41.37,390.58,30
8.0,2.0,500.0,250.0,0.3,150.0,3400.0,0.4667,14,16,0.2152,1.8259,41.37,390.58,30
10.0,4.0,800.0,100.0,1.0,300.0,3400.0,0.4667,14,16,0.2357,1.7737,37.29,119.06,30
10.0,4.0,800.0,100.0,1.0,300.0,4000.0,0.4667,14,16,0.2357,1.7757,37.29,119.06,30
10.0,4.0,800.0,250.0,1.0,300.0,3400.0,0.4667,14,16,0.2357,1.7737,37.29,119.06,30
10.0,4.0,800.0,250.0,1.0,300.0,4000.0,0.4667,14,16,0.2357,1.7757,37.29,119.06,30
8.0,4.0,500.0,100.0,0.3,150.0,3400.0,0.4667,14,16,0.2375,1.6568,41.37,502.58,30
8.0,4.0,500.0,250.0,0.3,150.0,3400.0,0.4667,14,16,0.2375,1.6568,41.37,502.58,30
12.0,2.0,800.0,100.0,1.0,150.0,4000.0,0.4667,14,16,0.2477,1.6137,53.96,87.06,30
12.0,2.0,800.0,250.0,1.0,150.0,4000.0,0.4667,14,16,0.2477,1.6137,53.96,87.06,30
12.0,4.0,800.0,100.0,1.0,150.0,4000.0,0.4667,14,16,0.2566,1.452,53.96,122.66,30
12.0,4.0,800.0,250.0,1.0,150.0,4000.0,0.4667,14,16,0.2566,1.452,53.96,122.66,30
8.0,4.0,300.0,100.0,0.3,150.0,4000.0,0.4667,14,16,0.2594,1.3947,197.77,481.95,30
8.0,4.0,300.0,250.0,0.3,150.0,4000.0,0.4667,14,16,0.2594,1.3947,197.77,481.95,30
8.0,6.0,500.0,100.0,0.3,300.0,4000.0,0.4667,14,16,0.2766,1.6873,44.55,616.66,30
8.0,6.0,500.0,250.0,0.3,300.0,4000.0,0.4667,14,16,0.2766,1.6873,44.55,616.66,30
8.0,4.0,300.0,100.0,0.3,150.0,3400.0,0.4667,14,16,0.2879,1.3733,197.1,481.28,30
8.0,4.0,300.0,250.0,0.3,150.0,3400.0,0.4667,14,16,0.2879,1.3733,197.1,481.28,30
8.0,6.0,500.0,100.0,0.3,150.0,4000.0,0.4667,14,16,0.3041,1.6241,20.14,646.66,30
8.0,6.0,500.0,250.0,0.3,150.0,4000.0,0.4667,14,16,0.3041,1.6241,20.14,646.66,30
12.0,6.0,800.0,100.0,1.0,300.0,4000.0,0.4667,14,16,0.3699,1.3066,59.44,230.48,30
12.0,6.0,800.0,250.0,1.0,300.0,4000.0,0.4667,14,16,0.3699,1.3066,59.44,230.48,30
10.0,4.0,500.0,100.0,0.3,300.0,3400.0,0.4667,14,16,0.4141,1.5754,44.92,422.32,30
10.0,4.0,500.0,250.0,0.3,300.0,3400.0,0.4667,14,16,0.4141,1.5754,44.92,422.32,30
10.0,4.0,500.0,100.0,0.3,300.0,4000.0,0.4667,14,16,0.4154,1.5921,44.92,422.32,30
10.0,4.0,500.0,250.0,0.3,300.0,4000.0,0.4667,14,16,0.4154,1.5921,44.92,422.32,30
8.0,6.0,300.0,100.0,0.3,150.0,3400.0,0.4667,14,16,0.4258,1.2745,69.1,765.19,30
8.0,6.0,300.0,250.0,0.3,150.0,3400.0,0.4667,14,16,0.4258,1.2745,69.1,765.19,30
12.0,2.0,500.0,100.0,1.0,300.0,4000.0,0.4667,14,16,0.4406,1.1399,59.44,466.48,30
12.0,2.0,500.0,250.0,1.0,300.0,4000.0,0.4667,14,16,0.4406,1.1399,59.44,466.48,30
12.0,2.0,800.0,100.0,1.0,150.0,3400.0,0.4667,14,16,0.4466,1.5993,29.56,87.06,30
12.0,2.0,800.0,250.0,1.0,150.0,3400.0,0.4667,14,16,0.4466,1.5993,29.56,87.06,30
10.0,6.0,800.0,100.0,0.3,150.0,3400.0,0.4667,14,16,0.4484,1.8258,17.56,186.89,30
10.0,6.0,800.0,250.0,0.3,150.0,3400.0,0.4667,14,16,0.4484,1.8258,17.56,186.89,30
10.0,2.0,500.0,100.0,0.3,150.0,3400.0,0.4667,14,16,0.4514,1.5508,18.35,274.89,30
10.0,2.0,500.0,250.0,0.3,150.0,3400.0,0.4667,14,16,0.4514,1.5508,18.35,274.89,30
12.0,4.0,800.0,100.0,1.0,150.0,3400.0,0.4667,14,16,0.452,1.4506,29.56,119.06,30
12.0,4.0,800.0,250.0,1.0,150.0,3400.0,0.4667,14,16,0.452,1.4506,29.56,119.06,30
12.0,4.0,500.0,100.0,1.0,300.0,4000.0,0.4667,14,16,0.4566,1.0753,59.44,467.82,30
12.0,4.0,500.0,250.0,1.0,300.0,4000.0,0.4667,14,16,0.4566,1.0753,59.44,467.82,30
12.0,6.0,800.0,100.0,1.0,300.0,3400.0,0.4667,14,16,0.4686,1.3119,35.04,187.55,30
12.0,6.0,800.0,250.0,1.0,300.0,3400.0,0.4667,14,16,0.4686,1.3119,35.04,187.55,30
10.0,6.0,500.0,100.0,0.3,300.0,3400.0,0.4667,14,16,0.478,1.4713,44.92,491.06,30
10.0,6.0,500.0,250.0,0.3,300.0,3400.0,0.4667,14,16,0.478,1.4713,44.92,491.06,30
10.0,6.0,500.0,100.0,0.3,300.0,4000.0,0.4667,14,16,0.4786,1.472,44.92,491.06,30
10.0,6.0,500.0,250.0,0.3,300.0,4000.0,0.4667,14,16,0.4786,1.472,44.92,491.06,30
10.0,2.0,500.0,100.0,0.3,150.0,4000.0,0.4667,14,16,0.4867,1.5508,18.35,274.89,30
10.0,2.0,500.0,250.0,0.3,150.0,4000.0,0.4667,14,16,0.4867,1.5508,18.35,274.89,30
10.0,2.0,300.0,100.0,0.3,150.0,3400.0,0.4667,14,16,0.5163,1.1776,172.8,340.59,30
10.0,2.0,300.0,250.0,0.3,150.0,3400.0,0.4667,14,16,0.5163,1.1776,172.8,340.59,30
10.0,2.0,300.0,100.0,0.3,150.0,4000.0,0.4667,14,16,0.5249,1.1783,172.8,340.59,30
10.0,2.0,300.0,250.0,0.3,150.0,4000.0,0.4667,14,16,0.5249,1.1783,172.8,340.59,30
10.0,6.0,300.0,100.0,1.0,150.0,4000.0,0.4667,14,16,0.574,0.78,393.89,577.54,30
10.0,6.0,300.0,250.0,1.0,150.0,4000.0,0.4667,14,16,0.574,0.78,393.89,577.54,30
10.0,6.0,300.0,100.0,1.0,150.0,3400.0,0.4667,14,16,0.6027,0.7193,483.89,498.87,30
10.0,6.0,300.0,250.0,1.0,150.0,3400.0,0.4667,14,16,0.6027,0.7193,483.89,498.87,30
12.0,4.0,500.0,100.0,0.3,150.0,3400.0,0.4667,14,16,0.6134,1.3501,161.02,299.73,30
12.0,4.0,500.0,250.0,0.3,150.0,3400.0,0.4667,14,16,0.6134,1.3501,161.02,299.73,30
12.0,4.0,500.0,100.0,0.3,150.0,4000.0,0.4667,14,16,0.6254,1.3328,161.02,299.73,30
12.0,4.0,500.0,250.0,0.3,150.0,4000.0,0.4667,14,16,0.6254,1.3328,161.02,299.73,30
12.0,6.0,500.0,100.0,0.3,150.0,3400.0,0.4667,14,16,0.6462,1.2762,161.02,366.47,30
12.0,6.0,500.0,250.0,0.3,150.0,3400.0,0.4667,14,16,0.6462,1.2762,161.02,366.47,30
12.0,6.0,500.0,100.0,0.3,150.0,4000.0,0.4667,14,16,0.6582,1.2615,161.02,366.47,30
12.0,6.0,500.0,250.0,0.3,150.0,4000.0,0.4667,14,16,0.6582,1.2615,161.02,366.47,30
12.0,6.0,500.0,100.0,0.3,300.0,3400.0,0.4667,14,16,0.6615,1.2222,168.35,377.18,30
12.0,6.0,500.0,250.0,0.3,300.0,3400.0,0.4667,14,16,0.6615,1.2222,168.35,377.18,30
12.0,6.0,500.0,100.0,0.3,300.0,4000.0,0.4667,14,16,0.6642,1.2249,168.35,377.18,30
12.0,6.0,500.0,250.0,0.3,300.0,4000.0,0.4667,14,16,0.6642,1.2249,168.35,377.18,30
12.0,4.0,300.0,100.0,0.3,150.0,4000.0,0.4667,14,16,0.6926,0.9793,315.47,260.92,30
12.0,4.0,300.0,250.0,0.3,150.0,4000.0,0.4667,14,16,0.6926,0.9793,315.47,260.92,30
12.0,4.0,300.0,100.0,0.3,150.0,3400.0,0.4667,14,16,0.7313,0.9786,326.13,310.25,30
12.0,4.0,300.0,250.0,0.3,150.0,3400.0,0.4667,14,16,0.7313,0.9786,326.13,310.25,30
12.0,6.0,300.0,100.0,1.0,150.0,4000.0,0.4667,14,16,0.738,0.684,293.22,708.2,30
12.0,6.0,300.0,250.0,1.0,150.0,4000.0,0.4667,14,16,0.738,0.684,293.22,708.2,30
12.0,6.0,300.0,100.0,1.0,150.0,3400.0,0.4667,14,16,0.8153,0.6826,348.82,465.27,30
12.0,6.0,300.0,250.0,1.0,150.0,3400.0,0.4667,14,16,0.8153,0.6826,348.82,465.27,30
6.0,2.0,500.0,100.0,0.3,300.0,4000.0,0.4333,13,17,0.1305,2.1125,13.36,379.92,30
6.0,2.0,500.0,250.0,0.3,300.0,4000.0,0.4333,13,17,0.1305,2.1125,13.36,379.92,30
8.0,2.0,800.0,100.0,1.0,300.0,3400.0,0.4333,13,17,0.1365,1.8958,21.29,115.16,30
8.0,2.0,800.0,100.0,1.0,300.0,4000.0,0.4333,13,17,0.1365,1.8985,21.29,115.16,30
8.0,2.0,800.0,250.0,1.0,300.0,3400.0,0.4333,13,17,0.1365,1.8958,21.29,115.16,30
8.0,2.0,800.0,250.0,1.0,300.0,4000.0,0.4333,13,17,0.1365,1.8985,21.29,115.16,30
6.0,2.0,500.0,100.0,0.3,300.0,3400.0,0.4333,13,17,0.1372,2.1585,13.36,379.92,30
6.0,2.0,500.0,250.0,0.3,300.0,3400.0,0.4333,13,17,0.1372,2.1585,13.36,379.92,30
8.0,4.0,800.0,100.0,0.3,300.0,4000.0,0.4333,13,17,0.1425,2.2292,20.05,150.5,30
8.0,4.0,800.0,250.0,0.3,300.0,4000.0,0.4333,13,17,0.1425,2.2292,20.05,150.5,30
8.0,4.0,800.0,100.0,0.3,300.0,3400.0,0.4333,13,17,0.1461,2.2315,20.05,154.09,30
8.0,4.0,800.0,250.0,0.3,300.0,3400.0,0.4333,13,17,0.1461,2.2315,20.05,154.09,30
6.0,4.0,500.0,100.0,0.3,300.0,3400.0,0.4333,13,17,0.1518,1.9678,15.99,504.58,30
6.0,4.0,500.0,250.0,0.3,300.0,3400.0,0.4333,13,17,0.1518,1.9678,15.99,504.58,30
6.0,4.0,500.0,100.0,0.3,150.0,3400.0,0.4333,13,17,0.1538,1.9278,15.99,505.92,30
6.0,4.0,500.0,250.0,0.3,150.0,3400.0,0.4333,13,17,0.1538,1.9278,15.99,505.92,30
8.0,4.0,800.0,100.0,0.3,150.0,3400.0,0.4333,13,17,0.1633,2.094,40.57,150.76,30
8.0,4.0,800.0,250.0,0.3,150.0,3400.0,0.4333,13,17,0.1633,2.094,40.57,150.76,30
6.0,4.0,500.0,100.0,0.3,300.0,4000.0,0.4333,13,17,0.1661,1.9354,15.99,504.58,30
6.0,4.0,500.0,250.0,0.3,300.0,4000.0,0.4333,13,17,0.1661,1.9354,15.99,504.58,30
6.0,4.0,500.0,100.0,0.3,150.0,4000.0,0.4333,13,17,0.1681,1.9301,15.99,505.25,30
6.0,4.0,500.0,250.0,0.3,150.0,4000.0,0.4333,13,17,0.1681,1.9301,15.99,505.25,30
6.0,6.0,800.0,100.0,0.3,150.0,3400.0,0.4333,13,17,0.176,2.2706,13.38,333.25,30
6.0,6.0,800.0,250.0,0.3,150.0,3400.0,0.4333,13,17,0.176,2.2706,13.38,333.25,30
8.0,4.0,500.0,100.0,0.3,300.0,4000.0,0.4333,13,17,0.1782,1.7669,45.37,508.58,30
8.0,4.0,500.0,250.0,0.3,300.0,4000.0,0.4333,13,17,0.1782,1.7669,45.37,508.58,30
8.0,6.0,800.0,100.0,0.3,300.0,4000.0,0.4333,13,17,0.1821,2.1281,20.05,266.76,30
8.0,6.0,800.0,250.0,0.3,300.0,4000.0,0.4333,13,17,0.1821,2.1281,20.05,266.76,30
8.0,6.0,800.0,100.0,0.3,300.0,3400.0,0.4333,13,17,0.1875,2.1588,20.05,330.76,30
8.0,6.0,800.0,250.0,0.3,300.0,3400.0,0.4333,13,17,0.1875,2.1588,20.05,330.76,30
8.0,2.0,500.0,100.0,0.3,300.0,4000.0,0.4333,13,17,0.1906,1.9153,23.47,395.25,30
8.0,2.0,500.0,250.0,0.3,300.0,4000.0,0.4333,13,17,0.1906,1.9153,23.47,395.25,30
8.0,2.0,500.0,100.0,0.3,150.0,4000.0,0.4333,13,17,0.198,1.876,20.14,395.25,30
8.0,2.0,500.0,250.0,0.3,150.0,4000.0,0.4333,13,17,0.198,1.876,20.14,395.25,30
8.0,4.0,500.0,100.0,0.3,150.0,4000.0,0.4333,13,17,0.2182,1.7036,20.14,550.58,30
8.0,4.0,500.0,250.0,0.3,150.0,4000.0,0.4333,13,17,0.2182,1.7036,20.14,550.58,30
8.0,2.0,300.0,100.0,0.3,150.0,4000.0,0.4333,13,17,0.223,1.5804,197.77,469.62,30
8.0,2.0,300.0,250.0,0.3,150.0,4000.0,0.4333,13,17,0.223,1.5804,197.77,469.62,30
10.0,2.0,800.0,100.0,1.0,300.0,3400.0,0.4333,13,17,0.231,1.7977,37.29,87.06,30
10.0,2.0,800.0,100.0,1.0,300.0,4000.0,0.4333,13,17,0.231,1.797,37.29,87.06,30
10.0,2.0,800.0,250.0,1.0,300.0,3400.0,0.4333,13,17,0.231,1.7977,37.29,87.06,30
10.0,2.0,800.0,250.0,1.0,300.0,4000.0,0.4333,13,17,0.231,1.797,37.29,87.06,30
6.0,6.0,500.0,100.0,0.3,300.0,4000.0,0.4333,13,17,0.236,1.8206,37.89,603.99,30
6.0,6.0,500.0,250.0,0.3,300.0,4000.0,0.4333,13,17,0.236,1.8206,37.89,603.99,30
8.0,2.0,300.0,100.0,0.3,150.0,3400.0,0.4333,13,17,0.2376,1.5456,197.1,469.62,30
8.0,2.0,300.0,250.0,0.3,150.0,3400.0,0.4333,13,17,0.2376,1.5456,197.1,469.62,30
6.0,6.0,500.0,100.0,0.3,300.0,3400.0,0.4333,13,17,0.2426,1.8486,37.89,603.99,30
6.0,6.0,500.0,250.0,0.3,300.0,3400.0,0.4333,13,17,0.2426,1.8486,37.89,603.99,30
6.0,6.0,500.0,100.0,0.3,150.0,4000.0,0.4333,13,17,0.2486,1.816,37.89,615.99,30
6.0,6.0,500.0,250.0,0.3,150.0,4000.0,0.4333,13,17,0.2486,1.816,37.89,615.99,30
12.0,2.0,800.0,100.0,1.0,300.0,4000.0,0.4333,13,17,0.2517,1.5624,57.96,87.06,30
12.0,2.0,800.0,250.0,1.0,300.0,4000.0,0.4333,13,17,0.2517,1.5624,57.96,87.06,30
6.0,6.0,500.0,100.0,0.3,150.0,3400.0,0.4333,13,17,0.256,1.8326,37.89,615.99,30
6.0,6.0,500.0,250.0,0.3,150.0,3400.0,0.4333,13,17,0.256,1.8326,37.89,615.99,30
12.0,4.0,800.0,100.0,1.0,300.0,4000.0,0.4333,13,17,0.2606,1.4933,57.96,122.66,30
12.0,4.0,800.0,250.0,1.0,300.0,4000.0,0.4333,13,17,0.2606,1.4933,57.96,122.66,30
8.0,6.0,500.0,100.0,0.3,300.0,3400.0,0.4333,13,17,0.276,1.712,44.55,616.66,30
8.0,6.0,500.0,250.0,0.3,300.0,3400.0,0.4333,13,17,0.276,1.712,44.55,616.66,30
6.0,4.0,300.0,100.0,1.0,300.0,4000.0,0.4333,13,17,0.294,1.1873,107.12,679.21,30
6.0,4.0,300.0,250.0,1.0,300.0,4000.0,0.4333,13,17,0.294,1.1873,107.12,679.21,30
8.0,4.0,300.0,100.0,1.0,300.0,4000.0,0.4333,13,17,0.3033,1.056,110.46,679.87,30
8.0,4.0,300.0,250.0,1.0,300.0,4000.0,0.4333,13,17,0.3033,1.056,110.46,679.87,30
6.0,4.0,300.0,100.0,1.0,300.0,3400.0,0.4333,13,17,0.3106,1.194,107.12,679.21,30
6.0,4.0,300.0,250.0,1.0,300.0,3400.0,0.4333,13,17,0.3106,1.194,107.12,679.21,30
8.0,4.0,300.0,100.0,1.0,300.0,3400.0,0.4333,13,17,0.33,1.024,109.79,679.87,30
8.0,4.0,300.0,250.0,1.0,300.0,3400.0,0.4333,13,17,0.33,1.024,109.79,679.87,30
10.0,6.0,800.0,100.0,1.0,300.0,4000.0,0.4333,13,17,0.3411,1.6271,37.29,224.48,30
10.0,6.0,800.0,250.0,1.0,300.0,4000.0,0.4333,13,17,0.3411,1.6271,37.29,224.48,30
10.0,6.0,800.0,100.0,1.0,300.0,3400.0,0.4333,13,17,0.3471,1.6331,37.29,289.15,30
10.0,6.0,800.0,250.0,1.0,300.0,3400.0,0.4333,13,17,0.3471,1.6331,37.29,289.15,30
6.0,6.0,300.0,100.0,1.0,150.0,4000.0,0.4333,13,17,0.3667,1.0627,347.79,568.97,30
6.0,6.0,300.0,250.0,1.0,150.0,4000.0,0.4333,13,17,0.3667,1.0627,347.79,568.97,30
6.0,6.0,300.0,100.0,1.0,300.0,4000.0,0.4333,13,17,0.3721,1.1481,235.12,618.69,30
6.0,6.0,300.0,250.0,1.0,300.0,4000.0,0.4333,13,17,0.3721,1.1481,235.12,618.69,30
6.0,6.0,300.0,100.0,1.0,150.0,3400.0,0.4333,13,17,0.3747,1.0601,221.12,687.64,30
6.0,6.0,300.0,250.0,1.0,150.0,3400.0,0.4333,13,17,0.3747,1.0601,221.12,687.64,30
6.0,6.0,300.0,100.0,1.0,300.0,3400.0,0.4333,13,17,0.3881,1.1548,235.12,663.35,30
6.0,6.0,300.0,250.0,1.0,300.0,3400.0,0.4333,13,17,0.3881,1.1548,235.12,663.35,30
8.0,6.0,300.0,100.0,0.3,150.0,4000.0,0.4333,13,17,0.3939,1.3206,69.77,765.19,30
8.0,6.0,300.0,250.0,0.3,150.0,4000.0,0.4333,13,17,0.3939,1.3206,69.77,765.19,30
8.0,6.0,300.0,100.0,1.0,150.0,4000.0,0.4333,13,17,0.4014,0.8934,348.46,568.97,30
8.0,6.0,300.0,250.0,1.0,150.0,4000.0,0.4333,13,17,0.4014,0.8934,348.46,568.97,30
8.0,6.0,300.0,100.0,1.0,150.0,3400.0,0.4333,13,17,0.4301,0.8934,221.79,724.97,30
8.0,6.0,300.0,250.0,1.0,150.0,3400.0,0.4333,13,17,0.4301,0.8934,221.79,724.97,30
10.0,2.0,800.0,100.0,0.3,150.0,3400.0,0.4333,13,17,0.4346,1.9853,17.56,87.06,30
10.0,2.0,800.0,100.0,0.3,150.0,4000.0,0.4333,13,17,0.4346,1.9846,17.56,87.06,30
10.0,2.0,800.0,250.0,0.3,150.0,3400.0,0.4333,13,17,0.4346,1.9853,17.56,87.06,30
10.0,2.0,800.0,250.0,0.3,150.0,4000.0,0.4333,13,17,0.4346,1.9846,17.56,87.06,30
12.0,2.0,800.0,100.0,1.0,300.0,3400.0,0.4333,13,17,0.4506,1.5486,33.56,87.06,30
12.0,2.0,800.0,250.0,1.0,300.0,3400.0,0.4333,13,17,0.4506,1.5486,33.56,87.06,30
12.0,4.0,800.0,100.0,1.0,300.0,3400.0,0.4333,13,17,0.4553,1.492,33.56,119.06,30
12.0,4.0,800.0,250.0,1.0,300.0,3400.0,0.4333,13,17,0.4553,1.492,33.56,119.06,30
10.0,4.0,300.0,100.0,1.0,300.0,3400.0,0.4333,13,17,0.4679,0.8979,113.22,633.11,30
10.0,4.0,300.0,250.0,1.0,300.0,3400.0,0.4333,13,17,0.4679,0.8979,113.22,633.11,30
10.0,4.0,300.0,100.0,1.0,300.0,4000.0,0.4333,13,17,0.4685,0.8519,113.22,633.11,30
10.0,4.0,300.0,250.0,1.0,300.0,4000.0,0.4333,13,17,0.4685,0.8519,113.22,633.11,30
12.0,2.0,500.0,100.0,0.3,150.0,3400.0,0.4333,13,17,0.5941,1.4654,161.02,193.06,30
12.0,2.0,500.0,250.0,0.3,150.0,3400.0,0.4333,13,17,0.5941,1.4654,161.02,193.06,30
12.0,4.0,800.0,100.0,0.3,150.0,3400.0,0.4333,13,17,0.5946,1.7773,160.89,119.06,30
12.0,4.0,800.0,100.0,0.3,150.0,4000.0,0.4333,13,17,0.5946,1.7806,160.89,119.06,30
12.0,4.0,800.0,250.0,0.3,150.0,3400.0,0.4333,13,17,0.5946,1.7773,160.89,119.06,30
12.0,4.0,800.0,250.0,0.3,150.0,4000.0,0.4333,13,17,0.5946,1.7806,160.89,119.06,30
10.0,6.0,300.0,100.0,0.3,150.0,4000.0,0.4333,13,17,0.5953,1.0193,172.8,419.64,30
10.0,6.0,300.0,250.0,0.3,150.0,4000.0,0.4333,13,17,0.5953,1.0193,172.8,419.64,30
12.0,6.0,800.0,100.0,0.3,150.0,4000.0,0.4333,13,17,0.5953,1.7293,160.89,119.73,30
12.0,6.0,800.0,250.0,0.3,150.0,4000.0,0.4333,13,17,0.5953,1.7293,160.89,119.73,30
10.0,6.0,300.0,100.0,0.3,150.0,3400.0,0.4333,13,17,0.5973,1.022,172.8,419.64,30
10.0,6.0,300.0,250.0,0.3,150.0,3400.0,0.4333,13,17,0.5973,1.022,172.8,419.64,30
12.0,6.0,800.0,100.0,0.3,150.0,3400.0,0.4333,13,17,0.6053,1.728,160.89,183.73,30
12.0,6.0,800.0,250.0,0.3,150.0,3400.0,0.4333,13,17,0.6053,1.728,160.89,183.73,30
12.0,2.0,500.0,100.0,0.3,150.0,4000.0,0.4333,13,17,0.6094,1.4654,161.02,193.06,30
12.0,2.0,500.0,250.0,0.3,150.0,4000.0,0.4333,13,17,0.6094,1.4654,161.02,193.06,30
12.0,4.0,500.0,100.0,0.3,300.0,3400.0,0.4333,13,17,0.6208,1.3208,168.35,302.4,30
12.0,4.0,500.0,100.0,0.3,300.0,4000.0,0.4333,13,17,0.6208,1.3081,168.35,302.4,30
12.0,4.0,500.0,250.0,0.3,300.0,3400.0,0.4333,13,17,0.6208,1.3208,168.35,302.4,30
12.0,4.0,500.0,250.0,0.3,300.0,4000.0,0.4333,13,17,0.6208,1.3081,168.35,302.4,30
12.0,2.0,300.0,100.0,0.3,150.0,4000.0,0.4333,13,17,0.7256,1.0749,315.47,253.26,30
12.0,2.0,300.0,250.0,0.3,150.0,4000.0,0.4333,13,17,0.7256,1.0749,315.47,253.26,30
12.0,2.0,300.0,100.0,0.3,150.0,3400.0,0.4333,13,17,0.7363,1.0736,326.13,253.26,30
12.0,2.0,300.0,250.0,0.3,150.0,3400.0,0.4333,13,17,0.7363,1.0736,326.13,253.26,30
12.0,4.0,300.0,100.0,0.3,300.0,3400.0,0.4333,13,17,0.7589,0.9962,333.47,327.17,30
12.0,4.0,300.0,250.0,0.3,300.0,3400.0,0.4333,13,17,0.7589,0.9962,333.47,327.17,30
8.0,4.0,800.0,100.0,0.3,150.0,4000.0,0.4,12,18,0.1425,2.1272,19.34,150.5,30
8.0,4.0,800.0,250.0,0.3,150.0,4000.0,0.4,12,18,0.1425,2.1272,19.34,150.5,30
8.0,2.0,800.0,100.0,0.3,150.0,3400.0,0.4,12,18,0.1484,2.2958,37.95,110.5,30
8.0,2.0,800.0,250.0,0.3,150.0,3400.0,0.4,12,18,0.1484,2.2958,37.95,110.5,30
6.0,2.0,300.0,100.0,0.3,150.0,3400.0,0.4,12,18,0.1703,1.777,191.1,449.62,30
6.0,2.0,300.0,250.0,0.3,150.0,3400.0,0.4,12,18,0.1703,1.777,191.1,449.62,30
6.0,2.0,300.0,100.0,0.3,150.0,4000.0,0.4,12,18,0.1763,1.767,191.1,449.62,30
6.0,2.0,300.0,250.0,0.3,150.0,4000.0,0.4,12,18,0.1763,1.767,191.1,449.62,30
8.0,6.0,800.0,100.0,0.3,150.0,4000.0,0.4,12,18,0.1821,2.0621,19.34,266.76,30
8.0,6.0,800.0,250.0,0.3,150.0,4000.0,0.4,12,18,0.1821,2.0621,19.34,266.76,30
8.0,6.0,800.0,100.0,0.3,150.0,3400.0,0.4,12,18,0.1985,2.0318,40.57,321.25,30
8.0,6.0,800.0,250.0,0.3,150.0,3400.0,0.4,12,18,0.1985,2.0318,40.57,321.25,30
8.0,2.0,500.0,100.0,0.3,300.0,3400.0,0.4,12,18,0.2011,1.9578,22.65,395.25,30
8.0,2.0,500.0,250.0,0.3,300.0,3400.0,0.4,12,18,0.2011,1.9578,22.65,395.25,30
8.0,4.0,500.0,100.0,0.3,300.0,3400.0,0.4,12,18,0.2234,1.8114,44.55,508.58,30
8.0,4.0,500.0,250.0,0.3,300.0,3400.0,0.4,12,18,0.2234,1.8114,44.55,508.58,30
6.0,2.0,300.0,100.0,1.0,300.0,4000.0,0.4,12,18,0.226,1.2873,235.12,485.86,30
6.0,2.0,300.0,250.0,1.0,300.0,4000.0,0.4,12,18,0.226,1.2873,235.12,485.86,30
6.0,2.0,300.0,100.0,1.0,300.0,3400.0,0.4,12,18,0.2266,1.2806,235.12,484.53,30
6.0,2.0,300.0,250.0,1.0,300.0,3400.0,0.4,12,18,0.2266,1.2806,235.12,484.53,30
8.0,2.0,300.0,100.0,1.0,300.0,4000.0,0.4,12,18,0.2313,1.1386,222.46,485.2,30
8.0,2.0,300.0,250.0,1.0,300.0,4000.0,0.4,12,18,0.2313,1.1386,222.46,485.2,30
6.0,4.0,300.0,100.0,0.3,300.0,4000.0,0.4,12,18,0.2417,1.6297,191.1,493.58,30
6.0,4.0,300.0,250.0,0.3,300.0,4000.0,0.4,12,18,0.2417,1.6297,191.1,493.58,30
8.0,2.0,300.0,100.0,1.0,300.0,3400.0,0.4,12,18,0.2446,1.0966,229.12,484.53,30
8.0,2.0,300.0,250.0,1.0,300.0,3400.0,0.4,12,18,0.2446,1.0966,229.12,484.53,30
6.0,4.0,300.0,100.0,0.3,300.0,3400.0,0.4,12,18,0.2557,1.6517,191.1,493.58,30
6.0,4.0,300.0,250.0,0.3,300.0,3400.0,0.4,12,18,0.2557,1.6517,191.1,493.58,30
6.0,6.0,300.0,100.0,0.3,150.0,4000.0,0.4,12,18,0.2986,1.512,191.1,573.86,30
6.0,6.0,300.0,250.0,0.3,150.0,4000.0,0.4,12,18,0.2986,1.512,191.1,573.86,30
6.0,6.0,300.0,100.0,0.3,150.0,3400.0,0.4,12,18,0.3073,1.5113,191.1,574.53,30
6.0,6.0,300.0,250.0,0.3,150.0,3400.0,0.4,12,18,0.3073,1.5113,191.1,574.53,30
6.0,6.0,300.0,100.0,0.3,300.0,4000.0,0.4,12,18,0.3147,1.514,79.1,746.57,30
6.0,6.0,300.0,250.0,0.3,300.0,4000.0,0.4,12,18,0.3147,1.514,79.1,746.57,30
6.0,6.0,300.0,100.0,0.3,300.0,3400.0,0.4,12,18,0.3253,1.534,205.1,593.24,30
6.0,6.0,300.0,250.0,0.3,300.0,3400.0,0.4,12,18,0.3253,1.534,205.1,593.24,30
10.0,4.0,800.0,100.0,0.3,300.0,3400.0,0.4,12,18,0.3873,2.0273,44.12,147.16,30
10.0,4.0,800.0,100.0,0.3,300.0,4000.0,0.4,12,18,0.3873,2.0213,44.12,147.16,30
10.0,4.0,800.0,250.0,0.3,300.0,3400.0,0.4,12,18,0.3873,2.0273,44.12,147.16,30
10.0,4.0,800.0,250.0,0.3,300.0,4000.0,0.4,12,18,0.3873,2.0213,44.12,147.16,30
10.0,6.0,800.0,100.0,0.3,300.0,4000.0,0.4,12,18,0.3913,1.9246,44.12,151.16,30
10.0,6.0,800.0,250.0,0.3,300.0,4000.0,0.4,12,18,0.3913,1.9246,44.12,151.16,30
10.0,2.0,500.0,100.0,0.3,300.0,3400.0,0.4,12,18,0.3947,1.6968,44.92,298.32,30
10.0,2.0,500.0,100.0,0.3,300.0,4000.0,0.4,12,18,0.3947,1.7221,44.92,298.32,30
10.0,2.0,500.0,250.0,0.3,300.0,3400.0,0.4,12,18,0.3947,1.6968,44.92,298.32,30
10.0,2.0,500.0,250.0,0.3,300.0,4000.0,0.4,12,18,0.3947,1.7221,44.92,298.32,30
10.0,6.0,800.0,100.0,0.3,300.0,3400.0,0.4,12,18,0.3966,1.924,44.12,215.16,30
10.0,6.0,800.0,250.0,0.3,300.0,3400.0,0.4,12,18,0.3966,1.924,44.12,215.16,30
10.0,2.0,300.0,100.0,1.0,300.0,4000.0,0.4,12,18,0.4085,0.9699,227.22,440.43,30
10.0,2.0,300.0,250.0,1.0,300.0,4000.0,0.4,12,18,0.4085,0.9699,227.22,440.43,30
8.0,6.0,300.0,100.0,1.0,300.0,4000.0,0.4,12,18,0.4161,0.9861,236.46,618.69,30
8.0,6.0,300.0,250.0,1.0,300.0,4000.0,0.4,12,18,0.4161,0.9861,236.46,618.69,30
10.0,2.0,300.0,100.0,1.0,300.0,3400.0,0.4,12,18,0.4185,0.9679,227.22,439.76,30
10.0,2.0,300.0,250.0,1.0,300.0,3400.0,0.4,12,18,0.4185,0.9679,227.22,439.76,30
8.0,6.0,300.0,100.0,1.0,300.0,3400.0,0.4,12,18,0.4508,0.9935,109.79,792.02,30
8.0,6.0,300.0,250.0,1.0,300.0,3400.0,0.4,12,18,0.4508,0.9935,109.79,792.02,30
10.0,4.0,300.0,100.0,0.3,300.0,4000.0,0.4,12,18,0.5089,1.2922,199.37,407.94,30
10.0,4.0,300.0,250.0,0.3,300.0,4000.0,0.4,12,18,0.5089,1.2922,199.37,407.94,30
10.0,4.0,300.0,100.0,0.3,300.0,3400.0,0.4,12,18,0.5095,1.3175,199.37,407.94,30
10.0,4.0,300.0,250.0,0.3,300.0,3400.0,0.4,12,18,0.5095,1.3175,199.37,407.94,30
12.0,2.0,300.0,100.0,1.0,300.0,4000.0,0.4,12,18,0.5319,0.7639,248.56,441.1,30
12.0,2.0,300.0,250.0,1.0,300.0,4000.0,0.4,12,18,0.5319,0.7639,248.56,441.1,30
10.0,6.0,300.0,100.0,1.0,300.0,4000.0,0.4,12,18,0.5727,0.8167,241.22,621.92,30
10.0,6.0,300.0,250.0,1.0,300.0,4000.0,0.4,12,18,0.5727,0.8167,241.22,621.92,30
10.0,6.0,300.0,100.0,1.0,300.0,3400.0,0.4,12,18,0.58,0.8227,241.22,622.59,30
10.0,6.0,300.0,250.0,1.0,300.0,3400.0,0.4,12,18,0.58,0.8227,241.22,622.59,30
12.0,4.0,300.0,100.0,1.0,300.0,4000.0,0.4,12,18,0.5946,0.7172,135.22,645.77,30
12.0,4.0,300.0,250.0,1.0,300.0,4000.0,0.4,12,18,0.5946,0.7172,135.22,645.77,30
12.0,2.0,500.0,100.0,0.3,300.0,3400.0,0.4,12,18,0.6014,1.4468,168.35,193.06,30
12.0,2.0,500.0,100.0,0.3,300.0,4000.0,0.4,12,18,0.6014,1.4414,168.35,193.06,30
12.0,2.0,500.0,250.0,0.3,300.0,3400.0,0.4,12,18,0.6014,1.4468,168.35,193.06,30
12.0,2.0,500.0,250.0,0.3,300.0,4000.0,0.4,12,18,0.6014,1.4414,168.35,193.06,30
12.0,6.0,800.0,100.0,0.3,300.0,4000.0,0.4,12,18,0.6027,1.7107,168.22,119.77,30
12.0,6.0,800.0,250.0,0.3,300.0,4000.0,0.4,12,18,0.6027,1.7107,168.22,119.77,30
12.0,6.0,800.0,100.0,0.3,300.0,3400.0,0.4,12,18,0.6093,1.7087,168.22,183.77,30
12.0,6.0,800.0,250.0,0.3,300.0,3400.0,0.4,12,18,0.6093,1.7087,168.22,183.77,30
12.0,2.0,300.0,100.0,1.0,300.0,3400.0,0.4,12,18,0.6439,0.7612,223.49,351.5,30
12.0,2.0,300.0,250.0,1.0,300.0,3400.0,0.4,12,18,0.6439,0.7612,223.49,351.5,30
12.0,4.0,300.0,100.0,1.0,300.0,3400.0,0.4,12,18,0.6906,0.7166,110.82,543.51,30
12.0,4.0,300.0,250.0,1.0,300.0,3400.0,0.4,12,18,0.6906,0.7166,110.82,543.51,30
12.0,4.0,300.0,100.0,0.3,300.0,4000.0,0.4,12,18,0.7202,0.9909,322.8,277.84,30
12.0,4.0,300.0,250.0,0.3,300.0,4000.0,0.4,12,18,0.7202,0.9909,322.8,277.84,30
12.0,6.0,300.0,100.0,0.3,150.0,4000.0,0.4,12,18,0.7447,0.9313,315.47,334.98,30
12.0,6.0,300.0,250.0,0.3,150.0,4000.0,0.4,12,18,0.7447,0.9313,315.47,334.98,30
12.0,6.0,300.0,100.0,0.3,150.0,3400.0,0.4,12,18,0.762,0.9327,326.13,334.98,30
12.0,6.0,300.0,250.0,0.3,150.0,3400.0,0.4,12,18,0.762,0.9327,326.13,334.98,30
8.0,2.0,800.0,100.0,0.3,150.0,4000.0,0.3667,11,19,0.1319,2.3345,16.72,115.16,30
8.0,2.0,800.0,250.0,0.3,150.0,4000.0,0.3667,11,19,0.1319,2.3345,16.72,115.16,30
8.0,2.0,800.0,100.0,0.3,300.0,3400.0,0.3667,11,19,0.1352,2.3832,20.05,115.16,30
8.0,2.0,800.0,100.0,0.3,300.0,4000.0,0.3667,11,19,0.1352,2.3739,20.05,115.16,30
8.0,2.0,800.0,250.0,0.3,300.0,3400.0,0.3667,11,19,0.1352,2.3832,20.05,115.16,30
8.0,2.0,800.0,250.0,0.3,300.0,4000.0,0.3667,11,19,0.1352,2.3739,20.05,115.16,30
6.0,2.0,300.0,100.0,0.3,300.0,4000.0,0.3667,11,19,0.181,1.779,191.1,452.16,30
6.0,2.0,300.0,250.0,0.3,300.0,4000.0,0.3667,11,19,0.181,1.779,191.1,452.16,30
6.0,2.0,300.0,100.0,0.3,300.0,3400.0,0.3667,11,19,0.1836,1.7936,191.1,452.16,30
6.0,2.0,300.0,250.0,0.3,300.0,3400.0,0.3667,11,19,0.1836,1.7936,191.1,452.16,30
8.0,2.0,300.0,100.0,0.3,300.0,4000.0,0.3667,11,19,0.2143,1.639,201.1,462.16,30
8.0,2.0,300.0,250.0,0.3,300.0,4000.0,0.3667,11,19,0.2143,1.639,201.1,462.16,30
8.0,2.0,300.0,100.0,0.3,300.0,3400.0,0.3667,11,19,0.2176,1.649,201.1,460.82,30
8.0,2.0,300.0,250.0,0.3,300.0,3400.0,0.3667,11,19,0.2176,1.649,201.1,460.82,30
6.0,4.0,300.0,100.0,0.3,150.0,3400.0,0.3667,11,19,0.2286,1.5892,191.1,482.48,30
6.0,4.0,300.0,250.0,0.3,150.0,3400.0,0.3667,11,19,0.2286,1.5892,191.1,482.48,30
6.0,4.0,300.0,100.0,0.3,150.0,4000.0,0.3667,11,19,0.2339,1.5872,191.1,482.48,30
6.0,4.0,300.0,250.0,0.3,150.0,4000.0,0.3667,11,19,0.2339,1.5872,191.1,482.48,30
8.0,4.0,300.0,100.0,0.3,300.0,4000.0,0.3667,11,19,0.279,1.4737,201.1,498.91,30
8.0,4.0,300.0,250.0,0.3,300.0,4000.0,0.3667,11,19,0.279,1.4737,201.1,498.91,30
8.0,4.0,300.0,100.0,0.3,300.0,3400.0,0.3667,11,19,0.2937,1.491,201.1,498.91,30
8.0,4.0,300.0,250.0,0.3,300.0,3400.0,0.3667,11,19,0.2937,1.491,201.1,498.91,30
10.0,2.0,800.0,100.0,0.3,300.0,3400.0,0.3667,11,19,0.368,2.1286,44.12,100.5,30
10.0,2.0,800.0,100.0,0.3,300.0,4000.0,0.3667,11,19,0.368,2.124,44.12,100.5,30
10.0,2.0,800.0,250.0,0.3,300.0,3400.0,0.3667,11,19,0.368,2.1286,44.12,100.5,30
10.0,2.0,800.0,250.0,0.3,300.0,4000.0,0.3667,11,19,0.368,2.124,44.12,100.5,30
8.0,6.0,300.0,100.0,0.3,300.0,4000.0,0.3667,11,19,0.3853,1.3713,149.1,705.91,30
8.0,6.0,300.0,250.0,0.3,300.0,4000.0,0.3667,11,19,0.3853,1.3713,149.1,705.91,30
8.0,6.0,300.0,100.0,0.3,300.0,3400.0,0.3667,11,19,0.4326,1.3826,87.1,768.52,30
8.0,6.0,300.0,250.0,0.3,300.0,3400.0,0.3667,11,19,0.4326,1.3826,87.1,768.52,30
10.0,2.0,300.0,100.0,0.3,300.0,3400.0,0.3667,11,19,0.4681,1.4161,199.37,373.23,30
10.0,2.0,300.0,100.0,0.3,300.0,4000.0,0.3667,11,19,0.4681,1.4161,199.37,373.23,30
10.0,2.0,300.0,250.0,0.3,300.0,3400.0,0.3667,11,19,0.4681,1.4161,199.37,373.23,30
10.0,2.0,300.0,250.0,0.3,300.0,4000.0,0.3667,11,19,0.4681,1.4161,199.37,373.23,30
10.0,6.0,300.0,100.0,0.3,300.0,4000.0,0.3667,11,19,0.5632,1.2259,213.37,467.64,30
10.0,6.0,300.0,250.0,0.3,300.0,4000.0,0.3667,11,19,0.5632,1.2259,213.37,467.64,30
10.0,6.0,300.0,100.0,0.3,300.0,3400.0,0.3667,11,19,0.5778,1.2258,213.37,468.26,30
10.0,6.0,300.0,250.0,0.3,300.0,3400.0,0.3667,11,19,0.5778,1.2258,213.37,468.26,30
12.0,2.0,800.0,100.0,0.3,150.0,3400.0,0.3667,11,19,0.578,1.904,160.89,87.06,30
12.0,2.0,800.0,100.0,0.3,150.0,4000.0,0.3667,11,19,0.578,1.9046,160.89,87.06,30
12.0,2.0,800.0,250.0,0.3,150.0,3400.0,0.3667,11,19,0.578,1.904,160.89,87.06,30
12.0,2.0,800.0,250.0,0.3,150.0,4000.0,0.3667,11,19,0.578,1.9046,160.89,87.06,30
12.0,4.0,800.0,100.0,0.3,300.0,3400.0,0.3667,11,19,0.5906,1.774,168.22,119.06,30
12.0,4.0,800.0,250.0,0.3,300.0,3400.0,0.3667,11,19,0.5906,1.774,168.22,119.06,30
12.0,4.0,800.0,100.0,0.3,300.0,4000.0,0.3667,11,19,0.602,1.7686,168.22,119.06,30
12.0,4.0,800.0,250.0,0.3,300.0,4000.0,0.3667,11,19,0.602,1.7686,168.22,119.06,30
12.0,2.0,300.0,100.0,0.3,300.0,3400.0,0.3667,11,19,0.7008,1.0828,333.47,255.79,30
12.0,2.0,300.0,250.0,0.3,300.0,3400.0,0.3667,11,19,0.7008,1.0828,333.47,255.79,30
12.0,2.0,300.0,100.0,0.3,300.0,4000.0,0.3667,11,19,0.7055,1.0869,322.8,271.17,30
12.0,2.0,300.0,250.0,0.3,300.0,4000.0,0.3667,11,19,0.7055,1.0869,322.8,271.17,30
12.0,6.0,300.0,100.0,1.0,300.0,4000.0,0.3667,11,19,0.7074,0.66,261.89,636.59,30
12.0,6.0,300.0,250.0,1.0,300.0,4000.0,0.3667,11,19,0.7074,0.66,261.89,636.59,30
12.0,6.0,300.0,100.0,1.0,300.0,3400.0,0.3667,11,19,0.7307,0.66,237.49,448.99,30
12.0,6.0,300.0,250.0,1.0,300.0,3400.0,0.3667,11,19,0.7307,0.66,237.49,448.99,30
12.0,6.0,300.0,100.0,0.3,300.0,4000.0,0.3333,10,20,0.7547,0.932,322.8,338.36,30
12.0,6.0,300.0,250.0,0.3,300.0,4000.0,0.3333,10,20,0.7547,0.932,322.8,338.36,30
12.0,6.0,300.0,100.0,0.3,300.0,3400.0,0.3333,10,20,0.7673,0.9293,333.47,338.97,30
12.0,6.0,300.0,250.0,0.3,300.0,3400.0,0.3333,10,20,0.7673,0.9293,333.47,338.97,30
12.0,2.0,800.0,100.0,0.3,300.0,3400.0,0.3,9,21,0.5853,1.906,168.22,87.06,30
12.0,2.0,800.0,100.0,0.3,300.0,4000.0,0.3,9,21,0.5853,1.9073,168.22,87.06,30
12.0,2.0,800.0,250.0,0.3,300.0,3400.0,0.3,9,21,0.5853,1.906,168.22,87.06,30
12.0,2.0,800.0,250.0,0.3,300.0,4000.0,0.3,9,21,0.5853,1.9073,168.22,87.06,30
