stddev_open,close_perc,history_secs,abs_slope_max,win_secs,pass_rate,passed,failed,mean_missed_speech,mean_false_open,mean_start_delay_ms,mean_early_close_ms,total_scenarios
20.0,0.3,0.5,0.0001,0.2,0.1333,4,26,2.2211,1.7604,26.43,0.0,30
20.0,0.3,0.5,0.0001,0.5,0.1333,4,26,2.2211,1.7604,26.43,0.0,30
20.0,0.3,0.5,0.0001,1.0,0.1333,4,26,2.2211,1.7604,26.43,0.0,30
20.0,0.3,1.0,0.0001,0.2,0.1333,4,26,2.2211,1.7611,26.43,0.0,30
20.0,0.3,1.0,0.0001,0.5,0.1333,4,26,2.2211,1.7611,26.43,0.0,30
20.0,0.3,1.0,0.0001,1.0,0.1333,4,26,2.2211,1.7611,26.43,0.0,30
20.0,0.3,2.0,0.0001,0.2,0.1333,4,26,2.2211,1.7724,26.43,0.0,30
20.0,0.3,2.0,0.0001,0.5,0.1333,4,26,2.2211,1.7724,26.43,0.0,30
20.0,0.3,2.0,0.0001,1.0,0.1333,4,26,2.2211,1.7724,26.43,0.0,30
20.0,0.5,0.5,0.0001,0.2,0.1333,4,26,2.2211,1.7604,26.43,0.0,30
20.0,0.5,0.5,0.0001,0.5,0.1333,4,26,2.2211,1.7604,26.43,0.0,30
20.0,0.5,0.5,0.0001,1.0,0.1333,4,26,2.2211,1.7604,26.43,0.0,30
20.0,0.5,1.0,0.0001,0.2,0.1333,4,26,2.2211,1.7611,26.43,0.0,30
20.0,0.5,1.0,0.0001,0.5,0.1333,4,26,2.2211,1.7611,26.43,0.0,30
20.0,0.5,1.0,0.0001,1.0,0.1333,4,26,2.2211,1.7611,26.43,0.0,30
20.0,0.5,2.0,0.0001,0.2,0.1333,4,26,2.2211,1.7724,26.43,0.0,30
20.0,0.5,2.0,0.0001,0.5,0.1333,4,26,2.2211,1.7724,26.43,0.0,30
20.0,0.5,2.0,0.0001,1.0,0.1333,4,26,2.2211,1.7724,26.43,0.0,30
20.0,0.7,0.5,0.0001,0.2,0.1333,4,26,2.2211,1.7078,26.43,0.0,30
20.0,0.7,0.5,0.0001,0.5,0.1333,4,26,2.2211,1.7078,26.43,0.0,30
20.0,0.7,0.5,0.0001,1.0,0.1333,4,26,2.2211,1.7078,26.43,0.0,30
20.0,0.7,1.0,0.0001,0.2,0.1333,4,26,2.2211,1.7084,26.43,0.0,30
20.0,0.7,1.0,0.0001,0.5,0.1333,4,26,2.2211,1.7084,26.43,0.0,30
20.0,0.7,1.0,0.0001,1.0,0.1333,4,26,2.2211,1.7084,26.43,0.0,30
20.0,0.7,2.0,0.0001,0.2,0.1333,4,26,2.2211,1.7198,26.43,0.0,30
20.0,0.7,2.0,0.0001,0.5,0.1333,4,26,2.2211,1.7198,26.43,0.0,30
20.0,0.7,2.0,0.0001,1.0,0.1333,4,26,2.2211,1.7198,26.43,0.0,30
2.0,0.3,0.5,0.0001,0.2,0.1,3,27,1.7082,2.3435,48.99,0.0,30
2.0,0.3,0.5,0.0001,0.5,0.1,3,27,1.7082,2.3435,48.99,0.0,30
2.0,0.3,0.5,0.0001,1.0,0.1,3,27,1.7082,2.3435,48.99,0.0,30
2.0,0.3,1.0,0.0001,0.2,0.1,3,27,1.7082,2.3435,48.99,0.0,30
2.0,0.3,1.0,0.0001,0.5,0.1,3,27,1.7082,2.3435,48.99,0.0,30
2.0,0.3,1.0,0.0001,1.0,0.1,3,27,1.7082,2.3435,48.99,0.0,30
2.0,0.3,2.0,0.0001,0.2,0.1,3,27,1.7082,2.3435,48.99,0.0,30
2.0,0.3,2.0,0.0001,0.5,0.1,3,27,1.7082,2.3435,48.99,0.0,30
2.0,0.3,2.0,0.0001,1.0,0.1,3,27,1.7082,2.3435,48.99,0.0,30
2.0,0.5,0.5,0.0001,0.2,0.1,3,27,1.7082,2.3042,48.99,0.0,30
2.0,0.5,0.5,0.0001,0.5,0.1,3,27,1.7082,2.3042,48.99,0.0,30
2.0,0.5,0.5,0.0001,1.0,0.1,3,27,1.7082,2.3042,48.99,0.0,30
2.0,0.5,1.0,0.0001,0.2,0.1,3,27,1.7082,2.3042,48.99,0.0,30
2.0,0.5,1.0,0.0001,0.5,0.1,3,27,1.7082,2.3042,48.99,0.0,30
2.0,0.5,1.0,0.0001,1.0,0.1,3,27,1.7082,2.3042,48.99,0.0,30
2.0,0.5,2.0,0.0001,0.2,0.1,3,27,1.7082,2.3042,48.99,0.0,30
2.0,0.5,2.0,0.0001,0.5,0.1,3,27,1.7082,2.3042,48.99,0.0,30
2.0,0.5,2.0,0.0001,1.0,0.1,3,27,1.7082,2.3042,48.99,0.0,30
2.0,0.7,0.5,0.0001,0.2,0.1,3,27,1.7109,2.1969,51.72,0.0,30
2.0,0.7,0.5,0.0001,0.5,0.1,3,27,1.7109,2.1969,51.72,0.0,30
2.0,0.7,0.5,0.0001,1.0,0.1,3,27,1.7109,2.1969,51.72,0.0,30
2.0,0.7,1.0,0.0001,0.2,0.1,3,27,1.7109,2.1969,51.72,0.0,30
2.0,0.7,1.0,0.0001,0.5,0.1,3,27,1.7109,2.1969,51.72,0.0,30
2.0,0.7,1.0,0.0001,1.0,0.1,3,27,1.7109,2.1969,51.72,0.0,30
2.0,0.7,2.0,0.0001,0.2,0.1,3,27,1.7109,2.2082,51.72,0.0,30
2.0,0.7,2.0,0.0001,0.5,0.1,3,27,1.7109,2.2082,51.72,0.0,30
2.0,0.7,2.0,0.0001,1.0,0.1,3,27,1.7109,2.2082,51.72,0.0,30
10.0,0.3,0.5,0.0001,0.2,0.1,3,27,2.0001,1.9941,77.57,0.0,30
10.0,0.3,0.5,0.0001,0.5,0.1,3,27,2.0001,1.9941,77.57,0.0,30
10.0,0.3,0.5,0.0001,1.0,0.1,3,27,2.0001,1.9941,77.57,0.0,30
10.0,0.3,1.0,0.0001,0.2,0.1,3,27,2.0001,1.9941,77.57,0.0,30
10.0,0.3,1.0,0.0001,0.5,0.1,3,27,2.0001,1.9941,77.57,0.0,30
10.0,0.3,1.0,0.0001,1.0,0.1,3,27,2.0001,1.9941,77.57,0.0,30
10.0,0.3,2.0,0.0001,0.2,0.1,3,27,2.0001,2.0054,77.57,0.0,30
10.0,0.3,2.0,0.0001,0.5,0.1,3,27,2.0001,2.0054,77.57,0.0,30
10.0,0.3,2.0,0.0001,1.0,0.1,3,27,2.0001,2.0054,77.57,0.0,30
10.0,0.5,0.5,0.0001,0.2,0.1,3,27,2.0401,1.8994,77.57,0.0,30
10.0,0.5,0.5,0.0001,0.5,0.1,3,27,2.0401,1.8994,77.57,0.0,30
10.0,0.5,0.5,0.0001,1.0,0.1,3,27,2.0401,1.8994,77.57,0.0,30
10.0,0.5,1.0,0.0001,0.2,0.1,3,27,2.0401,1.8994,77.57,0.0,30
10.0,0.5,1.0,0.0001,0.5,0.1,3,27,2.0401,1.8994,77.57,0.0,30
10.0,0.5,1.0,0.0001,1.0,0.1,3,27,2.0401,1.8994,77.57,0.0,30
10.0,0.5,2.0,0.0001,0.2,0.1,3,27,2.0401,1.9107,77.57,0.0,30
10.0,0.5,2.0,0.0001,0.5,0.1,3,27,2.0401,1.9107,77.57,0.0,30
10.0,0.5,2.0,0.0001,1.0,0.1,3,27,2.0401,1.9107,77.57,0.0,30
10.0,0.7,0.5,0.0001,0.2,0.1,3,27,2.1276,1.7876,77.57,87.57,30
10.0,0.7,0.5,0.0001,0.5,0.1,3,27,2.1276,1.7876,77.57,87.57,30
10.0,0.7,0.5,0.0001,1.0,0.1,3,27,2.1276,1.7876,77.57,87.57,30
10.0,0.7,1.0,0.0001,0.2,0.1,3,27,2.1276,1.7876,77.57,87.57,30
10.0,0.7,1.0,0.0001,0.5,0.1,3,27,2.1276,1.7876,77.57,87.57,30
10.0,0.7,1.0,0.0001,1.0,0.1,3,27,2.1276,1.7876,77.57,87.57,30
10.0,0.7,2.0,0.0001,0.2,0.1,3,27,2.1276,1.799,77.57,87.57,30
10.0,0.7,2.0,0.0001,0.5,0.1,3,27,2.1276,1.799,77.57,87.57,30
10.0,0.7,2.0,0.0001,1.0,0.1,3,27,2.1276,1.799,77.57,87.57,30
20.0,0.3,0.5,1e-05,0.2,0.1,3,27,2.7958,1.0531,23.12,0.0,30
20.0,0.3,0.5,1e-05,0.5,0.1,3,27,2.7958,1.0531,23.12,0.0,30
20.0,0.3,0.5,1e-05,1.0,0.1,3,27,2.7958,1.0531,23.12,0.0,30
20.0,0.3,1.0,1e-05,0.2,0.1,3,27,2.7958,1.0538,23.12,0.0,30
20.0,0.3,1.0,1e-05,0.5,0.1,3,27,2.7958,1.0538,23.12,0.0,30
20.0,0.3,1.0,1e-05,1.0,0.1,3,27,2.7958,1.0538,23.12,0.0,30
20.0,0.3,2.0,1e-05,0.2,0.1,3,27,2.7958,1.0538,23.12,0.0,30
20.0,0.3,2.0,1e-05,0.5,0.1,3,27,2.7958,1.0538,23.12,0.0,30
20.0,0.3,2.0,1e-05,1.0,0.1,3,27,2.7958,1.0538,23.12,0.0,30
20.0,0.5,0.5,1e-05,0.2,0.1,3,27,2.7958,1.0531,23.12,0.0,30
20.0,0.5,0.5,1e-05,0.5,0.1,3,27,2.7958,1.0531,23.12,0.0,30
20.0,0.5,0.5,1e-05,1.0,0.1,3,27,2.7958,1.0531,23.12,0.0,30
20.0,0.5,1.0,1e-05,0.2,0.1,3,27,2.7958,1.0538,23.12,0.0,30
20.0,0.5,1.0,1e-05,0.5,0.1,3,27,2.7958,1.0538,23.12,0.0,30
20.0,0.5,1.0,1e-05,1.0,0.1,3,27,2.7958,1.0538,23.12,0.0,30
20.0,0.5,2.0,1e-05,0.2,0.1,3,27,2.7958,1.0538,23.12,0.0,30
20.0,0.5,2.0,1e-05,0.5,0.1,3,27,2.7958,1.0538,23.12,0.0,30
20.0,0.5,2.0,1e-05,1.0,0.1,3,27,2.7958,1.0538,23.12,0.0,30
20.0,0.7,0.5,1e-05,0.2,0.1,3,27,2.7958,1.0531,23.12,0.0,30
20.0,0.7,0.5,1e-05,0.5,0.1,3,27,2.7958,1.0531,23.12,0.0,30
20.0,0.7,0.5,1e-05,1.0,0.1,3,27,2.7958,1.0531,23.12,0.0,30
20.0,0.7,1.0,1e-05,0.2,0.1,3,27,2.7958,1.0538,23.12,0.0,30
20.0,0.7,1.0,1e-05,0.5,0.1,3,27,2.7958,1.0538,23.12,0.0,30
20.0,0.7,1.0,1e-05,1.0,0.1,3,27,2.7958,1.0538,23.12,0.0,30
20.0,0.7,2.0,1e-05,0.2,0.1,3,27,2.7958,1.0538,23.12,0.0,30
20.0,0.7,2.0,1e-05,0.5,0.1,3,27,2.7958,1.0538,23.12,0.0,30
20.0,0.7,2.0,1e-05,1.0,0.1,3,27,2.7958,1.0538,23.12,0.0,30
5.0,0.3,1.0,0.0001,0.2,0.0667,2,28,1.9224,2.1344,106.61,0.0,30
5.0,0.3,1.0,0.0001,0.5,0.0667,2,28,1.9224,2.1344,106.61,0.0,30
5.0,0.3,1.0,0.0001,1.0,0.0667,2,28,1.9224,2.1344,106.61,0.0,30
5.0,0.3,2.0,0.0001,0.2,0.0667,2,28,1.9224,2.1344,106.61,0.0,30
5.0,0.3,2.0,0.0001,0.5,0.0667,2,28,1.9224,2.1344,106.61,0.0,30
5.0,0.3,2.0,0.0001,1.0,0.0667,2,28,1.9224,2.1344,106.61,0.0,30
5.0,0.3,0.5,0.0001,0.2,0.0667,2,28,1.9231,2.1344,107.27,0.0,30
5.0,0.3,0.5,0.0001,0.5,0.0667,2,28,1.9231,2.1344,107.27,0.0,30
5.0,0.3,0.5,0.0001,1.0,0.0667,2,28,1.9231,2.1344,107.27,0.0,30
5.0,0.5,1.0,0.0001,0.2,0.0667,2,28,1.9258,2.0738,110.0,0.0,30
5.0,0.5,1.0,0.0001,0.5,0.0667,2,28,1.9258,2.0738,110.0,0.0,30
5.0,0.5,1.0,0.0001,1.0,0.0667,2,28,1.9258,2.0738,110.0,0.0,30
5.0,0.5,2.0,0.0001,0.2,0.0667,2,28,1.9258,2.0852,110.0,0.0,30
5.0,0.5,2.0,0.0001,0.5,0.0667,2,28,1.9258,2.0852,110.0,0.0,30
5.0,0.5,2.0,0.0001,1.0,0.0667,2,28,1.9258,2.0852,110.0,0.0,30
5.0,0.5,0.5,0.0001,0.2,0.0667,2,28,1.9265,2.0738,110.67,0.0,30
5.0,0.5,0.5,0.0001,0.5,0.0667,2,28,1.9265,2.0738,110.67,0.0,30
5.0,0.5,0.5,0.0001,1.0,0.0667,2,28,1.9265,2.0738,110.67,0.0,30
5.0,0.7,1.0,0.0001,0.2,0.0667,2,28,1.9658,1.9312,110.0,0.0,30
5.0,0.7,1.0,0.0001,0.5,0.0667,2,28,1.9658,1.9312,110.0,0.0,30
5.0,0.7,1.0,0.0001,1.0,0.0667,2,28,1.9658,1.9312,110.0,0.0,30
5.0,0.7,2.0,0.0001,0.2,0.0667,2,28,1.9658,1.9425,110.0,0.0,30
5.0,0.7,2.0,0.0001,0.5,0.0667,2,28,1.9658,1.9425,110.0,0.0,30
5.0,0.7,2.0,0.0001,1.0,0.0667,2,28,1.9658,1.9425,110.0,0.0,30
5.0,0.7,0.5,0.0001,0.2,0.0667,2,28,1.9665,1.9312,110.67,0.0,30
5.0,0.7,0.5,0.0001,0.5,0.0667,2,28,1.9665,1.9312,110.67,0.0,30
5.0,0.7,0.5,0.0001,1.0,0.0667,2,28,1.9665,1.9312,110.67,0.0,30
2.0,0.3,0.5,1e-05,0.2,0.0667,2,28,2.6935,1.2201,27.45,0.0,30
2.0,0.3,0.5,1e-05,0.5,0.0667,2,28,2.6935,1.2201,27.45,0.0,30
2.0,0.3,0.5,1e-05,1.0,0.0667,2,28,2.6935,1.2201,27.45,0.0,30
2.0,0.3,1.0,1e-05,0.2,0.0667,2,28,2.6935,1.2188,27.45,0.0,30
2.0,0.3,1.0,1e-05,0.5,0.0667,2,28,2.6935,1.2188,27.45,0.0,30
2.0,0.3,1.0,1e-05,1.0,0.0667,2,28,2.6935,1.2188,27.45,0.0,30
2.0,0.3,2.0,1e-05,0.2,0.0667,2,28,2.6935,1.2188,27.45,0.0,30
2.0,0.3,2.0,1e-05,0.5,0.0667,2,28,2.6935,1.2188,27.45,0.0,30
2.0,0.3,2.0,1e-05,1.0,0.0667,2,28,2.6935,1.2188,27.45,0.0,30
2.0,0.5,0.5,1e-05,0.2,0.0667,2,28,2.6935,1.2201,27.45,0.0,30
2.0,0.5,0.5,1e-05,0.5,0.0667,2,28,2.6935,1.2201,27.45,0.0,30
2.0,0.5,0.5,1e-05,1.0,0.0667,2,28,2.6935,1.2201,27.45,0.0,30
2.0,0.5,1.0,1e-05,0.2,0.0667,2,28,2.6935,1.2188,27.45,0.0,30
2.0,0.5,1.0,1e-05,0.5,0.0667,2,28,2.6935,1.2188,27.45,0.0,30
2.0,0.5,1.0,1e-05,1.0,0.0667,2,28,2.6935,1.2188,27.45,0.0,30
2.0,0.5,2.0,1e-05,0.2,0.0667,2,28,2.6935,1.2188,27.45,0.0,30
2.0,0.5,2.0,1e-05,0.5,0.0667,2,28,2.6935,1.2188,27.45,0.0,30
2.0,0.5,2.0,1e-05,1.0,0.0667,2,28,2.6935,1.2188,27.45,0.0,30
2.0,0.7,0.5,1e-05,0.2,0.0667,2,28,2.6962,1.1888,30.18,0.0,30
2.0,0.7,0.5,1e-05,0.5,0.0667,2,28,2.6962,1.1888,30.18,0.0,30
2.0,0.7,0.5,1e-05,1.0,0.0667,2,28,2.6962,1.1888,30.18,0.0,30
2.0,0.7,1.0,1e-05,0.2,0.0667,2,28,2.6962,1.1875,30.18,0.0,30
2.0,0.7,1.0,1e-05,0.5,0.0667,2,28,2.6962,1.1875,30.18,0.0,30
2.0,0.7,1.0,1e-05,1.0,0.0667,2,28,2.6962,1.1875,30.18,0.0,30
2.0,0.7,2.0,1e-05,0.2,0.0667,2,28,2.6962,1.1875,30.18,0.0,30
2.0,0.7,2.0,1e-05,0.5,0.0667,2,28,2.6962,1.1875,30.18,0.0,30
2.0,0.7,2.0,1e-05,1.0,0.0667,2,28,2.6962,1.1875,30.18,0.0,30
10.0,0.3,0.5,1e-05,0.2,0.0667,2,28,2.7831,1.0757,10.4,0.0,30
10.0,0.3,0.5,1e-05,0.5,0.0667,2,28,2.7831,1.0757,10.4,0.0,30
10.0,0.3,0.5,1e-05,1.0,0.0667,2,28,2.7831,1.0757,10.4,0.0,30
10.0,0.3,1.0,1e-05,0.2,0.0667,2,28,2.7831,1.0757,10.4,0.0,30
10.0,0.3,1.0,1e-05,0.5,0.0667,2,28,2.7831,1.0757,10.4,0.0,30
10.0,0.3,1.0,1e-05,1.0,0.0667,2,28,2.7831,1.0757,10.4,0.0,30
10.0,0.3,2.0,1e-05,0.2,0.0667,2,28,2.7831,1.0757,10.4,0.0,30
10.0,0.3,2.0,1e-05,0.5,0.0667,2,28,2.7831,1.0757,10.4,0.0,30
10.0,0.3,2.0,1e-05,1.0,0.0667,2,28,2.7831,1.0757,10.4,0.0,30
10.0,0.5,0.5,1e-05,0.2,0.0667,2,28,2.7831,1.0757,10.4,0.0,30
10.0,0.5,0.5,1e-05,0.5,0.0667,2,28,2.7831,1.0757,10.4,0.0,30
10.0,0.5,0.5,1e-05,1.0,0.0667,2,28,2.7831,1.0757,10.4,0.0,30
10.0,0.5,1.0,1e-05,0.2,0.0667,2,28,2.7831,1.0757,10.4,0.0,30
10.0,0.5,1.0,1e-05,0.5,0.0667,2,28,2.7831,1.0757,10.4,0.0,30
10.0,0.5,1.0,1e-05,1.0,0.0667,2,28,2.7831,1.0757,10.4,0.0,30
10.0,0.5,2.0,1e-05,0.2,0.0667,2,28,2.7831,1.0757,10.4,0.0,30
10.0,0.5,2.0,1e-05,0.5,0.0667,2,28,2.7831,1.0757,10.4,0.0,30
10.0,0.5,2.0,1e-05,1.0,0.0667,2,28,2.7831,1.0757,10.4,0.0,30
10.0,0.7,0.5,1e-05,0.2,0.0667,2,28,2.7831,1.0757,10.4,0.0,30
10.0,0.7,0.5,1e-05,0.5,0.0667,2,28,2.7831,1.0757,10.4,0.0,30
10.0,0.7,0.5,1e-05,1.0,0.0667,2,28,2.7831,1.0757,10.4,0.0,30
10.0,0.7,1.0,1e-05,0.2,0.0667,2,28,2.7831,1.0757,10.4,0.0,30
10.0,0.7,1.0,1e-05,0.5,0.0667,2,28,2.7831,1.0757,10.4,0.0,30
10.0,0.7,1.0,1e-05,1.0,0.0667,2,28,2.7831,1.0757,10.4,0.0,30
10.0,0.7,2.0,1e-05,0.2,0.0667,2,28,2.7831,1.0757,10.4,0.0,30
10.0,0.7,2.0,1e-05,0.5,0.0667,2,28,2.7831,1.0757,10.4,0.0,30
10.0,0.7,2.0,1e-05,1.0,0.0667,2,28,2.7831,1.0757,10.4,0.0,30
2.0,0.3,0.5,1e-06,0.2,0.0667,2,28,3.156,0.8853,0.0,0.0,30
2.0,0.3,0.5,1e-06,0.5,0.0667,2,28,3.156,0.8853,0.0,0.0,30
2.0,0.3,0.5,1e-06,1.0,0.0667,2,28,3.156,0.8853,0.0,0.0,30
2.0,0.3,1.0,1e-06,0.2,0.0667,2,28,3.156,0.8853,0.0,0.0,30
2.0,0.3,1.0,1e-06,0.5,0.0667,2,28,3.156,0.8853,0.0,0.0,30
2.0,0.3,1.0,1e-06,1.0,0.0667,2,28,3.156,0.8853,0.0,0.0,30
2.0,0.3,2.0,1e-06,0.2,0.0667,2,28,3.156,0.8853,0.0,0.0,30
2.0,0.3,2.0,1e-06,0.5,0.0667,2,28,3.156,0.8853,0.0,0.0,30
2.0,0.3,2.0,1e-06,1.0,0.0667,2,28,3.156,0.8853,0.0,0.0,30
2.0,0.5,0.5,1e-06,0.2,0.0667,2,28,3.156,0.8853,0.0,0.0,30
2.0,0.5,0.5,1e-06,0.5,0.0667,2,28,3.156,0.8853,0.0,0.0,30
2.0,0.5,0.5,1e-06,1.0,0.0667,2,28,3.156,0.8853,0.0,0.0,30
2.0,0.5,1.0,1e-06,0.2,0.0667,2,28,3.156,0.8853,0.0,0.0,30
2.0,0.5,1.0,1e-06,0.5,0.0667,2,28,3.156,0.8853,0.0,0.0,30
2.0,0.5,1.0,1e-06,1.0,0.0667,2,28,3.156,0.8853,0.0,0.0,30
2.0,0.5,2.0,1e-06,0.2,0.0667,2,28,3.156,0.8853,0.0,0.0,30
2.0,0.5,2.0,1e-06,0.5,0.0667,2,28,3.156,0.8853,0.0,0.0,30
2.0,0.5,2.0,1e-06,1.0,0.0667,2,28,3.156,0.8853,0.0,0.0,30
5.0,0.3,0.5,1e-06,0.2,0.0667,2,28,3.1573,0.862,1.33,0.0,30
5.0,0.3,0.5,1e-06,0.5,0.0667,2,28,3.1573,0.862,1.33,0.0,30
5.0,0.3,0.5,1e-06,1.0,0.0667,2,28,3.1573,0.862,1.33,0.0,30
5.0,0.3,1.0,1e-06,0.2,0.0667,2,28,3.1573,0.862,1.33,0.0,30
5.0,0.3,1.0,1e-06,0.5,0.0667,2,28,3.1573,0.862,1.33,0.0,30
5.0,0.3,1.0,1e-06,1.0,0.0667,2,28,3.1573,0.862,1.33,0.0,30
5.0,0.3,2.0,1e-06,0.2,0.0667,2,28,3.1573,0.862,1.33,0.0,30
5.0,0.3,2.0,1e-06,0.5,0.0667,2,28,3.1573,0.862,1.33,0.0,30
5.0,0.3,2.0,1e-06,1.0,0.0667,2,28,3.1573,0.862,1.33,0.0,30
2.0,0.7,0.5,1e-06,0.2,0.0667,2,28,3.1587,0.8601,2.73,0.0,30
2.0,0.7,0.5,1e-06,0.5,0.0667,2,28,3.1587,0.8601,2.73,0.0,30
2.0,0.7,0.5,1e-06,1.0,0.0667,2,28,3.1587,0.8601,2.73,0.0,30
2.0,0.7,1.0,1e-06,0.2,0.0667,2,28,3.1587,0.8601,2.73,0.0,30
2.0,0.7,1.0,1e-06,0.5,0.0667,2,28,3.1587,0.8601,2.73,0.0,30
2.0,0.7,1.0,1e-06,1.0,0.0667,2,28,3.1587,0.8601,2.73,0.0,30
2.0,0.7,2.0,1e-06,0.2,0.0667,2,28,3.1587,0.8601,2.73,0.0,30
2.0,0.7,2.0,1e-06,0.5,0.0667,2,28,3.1587,0.8601,2.73,0.0,30
2.0,0.7,2.0,1e-06,1.0,0.0667,2,28,3.1587,0.8601,2.73,0.0,30
5.0,0.5,0.5,1e-06,0.2,0.0667,2,28,3.1607,0.8367,4.72,0.0,30
5.0,0.5,0.5,1e-06,0.5,0.0667,2,28,3.1607,0.8367,4.72,0.0,30
5.0,0.5,0.5,1e-06,1.0,0.0667,2,28,3.1607,0.8367,4.72,0.0,30
5.0,0.5,1.0,1e-06,0.2,0.0667,2,28,3.1607,0.8367,4.72,0.0,30
5.0,0.5,1.0,1e-06,0.5,0.0667,2,28,3.1607,0.8367,4.72,0.0,30
5.0,0.5,1.0,1e-06,1.0,0.0667,2,28,3.1607,0.8367,4.72,0.0,30
5.0,0.5,2.0,1e-06,0.2,0.0667,2,28,3.1607,0.8367,4.72,0.0,30
5.0,0.5,2.0,1e-06,0.5,0.0667,2,28,3.1607,0.8367,4.72,0.0,30
5.0,0.5,2.0,1e-06,1.0,0.0667,2,28,3.1607,0.8367,4.72,0.0,30
5.0,0.7,0.5,1e-06,0.2,0.0667,2,28,3.1607,0.8367,4.72,0.0,30
5.0,0.7,0.5,1e-06,0.5,0.0667,2,28,3.1607,0.8367,4.72,0.0,30
5.0,0.7,0.5,1e-06,1.0,0.0667,2,28,3.1607,0.8367,4.72,0.0,30
5.0,0.7,1.0,1e-06,0.2,0.0667,2,28,3.1607,0.8367,4.72,0.0,30
5.0,0.7,1.0,1e-06,0.5,0.0667,2,28,3.1607,0.8367,4.72,0.0,30
5.0,0.7,1.0,1e-06,1.0,0.0667,2,28,3.1607,0.8367,4.72,0.0,30
5.0,0.7,2.0,1e-06,0.2,0.0667,2,28,3.1607,0.8367,4.72,0.0,30
5.0,0.7,2.0,1e-06,0.5,0.0667,2,28,3.1607,0.8367,4.72,0.0,30
5.0,0.7,2.0,1e-06,1.0,0.0667,2,28,3.1607,0.8367,4.72,0.0,30
10.0,0.3,0.5,1e-06,0.2,0.0667,2,28,3.1621,0.8367,6.06,0.0,30
10.0,0.3,0.5,1e-06,0.5,0.0667,2,28,3.1621,0.8367,6.06,0.0,30
10.0,0.3,0.5,1e-06,1.0,0.0667,2,28,3.1621,0.8367,6.06,0.0,30
10.0,0.3,1.0,1e-06,0.2,0.0667,2,28,3.1621,0.8367,6.06,0.0,30
10.0,0.3,1.0,1e-06,0.5,0.0667,2,28,3.1621,0.8367,6.06,0.0,30
10.0,0.3,1.0,1e-06,1.0,0.0667,2,28,3.1621,0.8367,6.06,0.0,30
10.0,0.3,2.0,1e-06,0.2,0.0667,2,28,3.1621,0.8367,6.06,0.0,30
10.0,0.3,2.0,1e-06,0.5,0.0667,2,28,3.1621,0.8367,6.06,0.0,30
10.0,0.3,2.0,1e-06,1.0,0.0667,2,28,3.1621,0.8367,6.06,0.0,30
10.0,0.5,0.5,1e-06,0.2,0.0667,2,28,3.1621,0.8367,6.06,0.0,30
10.0,0.5,0.5,1e-06,0.5,0.0667,2,28,3.1621,0.8367,6.06,0.0,30
10.0,0.5,0.5,1e-06,1.0,0.0667,2,28,3.1621,0.8367,6.06,0.0,30
10.0,0.5,1.0,1e-06,0.2,0.0667,2,28,3.1621,0.8367,6.06,0.0,30
10.0,0.5,1.0,1e-06,0.5,0.0667,2,28,3.1621,0.8367,6.06,0.0,30
10.0,0.5,1.0,1e-06,1.0,0.0667,2,28,3.1621,0.8367,6.06,0.0,30
10.0,0.5,2.0,1e-06,0.2,0.0667,2,28,3.1621,0.8367,6.06,0.0,30
10.0,0.5,2.0,1e-06,0.5,0.0667,2,28,3.1621,0.8367,6.06,0.0,30
10.0,0.5,2.0,1e-06,1.0,0.0667,2,28,3.1621,0.8367,6.06,0.0,30
10.0,0.7,0.5,1e-06,0.2,0.0667,2,28,3.1621,0.8367,6.06,0.0,30
10.0,0.7,0.5,1e-06,0.5,0.0667,2,28,3.1621,0.8367,6.06,0.0,30
10.0,0.7,0.5,1e-06,1.0,0.0667,2,28,3.1621,0.8367,6.06,0.0,30
10.0,0.7,1.0,1e-06,0.2,0.0667,2,28,3.1621,0.8367,6.06,0.0,30
10.0,0.7,1.0,1e-06,0.5,0.0667,2,28,3.1621,0.8367,6.06,0.0,30
10.0,0.7,1.0,1e-06,1.0,0.0667,2,28,3.1621,0.8367,6.06,0.0,30
10.0,0.7,2.0,1e-06,0.2,0.0667,2,28,3.1621,0.8367,6.06,0.0,30
10.0,0.7,2.0,1e-06,0.5,0.0667,2,28,3.1621,0.8367,6.06,0.0,30
10.0,0.7,2.0,1e-06,1.0,0.0667,2,28,3.1621,0.8367,6.06,0.0,30
20.0,0.3,0.5,1e-06,0.2,0.0667,2,28,3.1681,0.8361,12.06,0.0,30
20.0,0.3,0.5,1e-06,0.5,0.0667,2,28,3.1681,0.8361,12.06,0.0,30
20.0,0.3,0.5,1e-06,1.0,0.0667,2,28,3.1681,0.8361,12.06,0.0,30
20.0,0.3,1.0,1e-06,0.2,0.0667,2,28,3.1681,0.8361,12.06,0.0,30
20.0,0.3,1.0,1e-06,0.5,0.0667,2,28,3.1681,0.8361,12.06,0.0,30
20.0,0.3,1.0,1e-06,1.0,0.0667,2,28,3.1681,0.8361,12.06,0.0,30
20.0,0.3,2.0,1e-06,0.2,0.0667,2,28,3.1681,0.8361,12.06,0.0,30
20.0,0.3,2.0,1e-06,0.5,0.0667,2,28,3.1681,0.8361,12.06,0.0,30
20.0,0.3,2.0,1e-06,1.0,0.0667,2,28,3.1681,0.8361,12.06,0.0,30
20.0,0.5,0.5,1e-06,0.2,0.0667,2,28,3.1681,0.8361,12.06,0.0,30
20.0,0.5,0.5,1e-06,0.5,0.0667,2,28,3.1681,0.8361,12.06,0.0,30
20.0,0.5,0.5,1e-06,1.0,0.0667,2,28,3.1681,0.8361,12.06,0.0,30
20.0,0.5,1.0,1e-06,0.2,0.0667,2,28,3.1681,0.8361,12.06,0.0,30
20.0,0.5,1.0,1e-06,0.5,0.0667,2,28,3.1681,0.8361,12.06,0.0,30
20.0,0.5,1.0,1e-06,1.0,0.0667,2,28,3.1681,0.8361,12.06,0.0,30
20.0,0.5,2.0,1e-06,0.2,0.0667,2,28,3.1681,0.8361,12.06,0.0,30
20.0,0.5,2.0,1e-06,0.5,0.0667,2,28,3.1681,0.8361,12.06,0.0,30
20.0,0.5,2.0,1e-06,1.0,0.0667,2,28,3.1681,0.8361,12.06,0.0,30
20.0,0.7,0.5,1e-06,0.2,0.0667,2,28,3.1681,0.8361,12.06,0.0,30
20.0,0.7,0.5,1e-06,0.5,0.0667,2,28,3.1681,0.8361,12.06,0.0,30
20.0,0.7,0.5,1e-06,1.0,0.0667,2,28,3.1681,0.8361,12.06,0.0,30
20.0,0.7,1.0,1e-06,0.2,0.0667,2,28,3.1681,0.8361,12.06,0.0,30
20.0,0.7,1.0,1e-06,0.5,0.0667,2,28,3.1681,0.8361,12.06,0.0,30
20.0,0.7,1.0,1e-06,1.0,0.0667,2,28,3.1681,0.8361,12.06,0.0,30
20.0,0.7,2.0,1e-06,0.2,0.0667,2,28,3.1681,0.8361,12.06,0.0,30
20.0,0.7,2.0,1e-06,0.5,0.0667,2,28,3.1681,0.8361,12.06,0.0,30
20.0,0.7,2.0,1e-06,1.0,0.0667,2,28,3.1681,0.8361,12.06,0.0,30
5.0,0.3,0.5,1e-05,0.2,0.0333,1,29,2.7414,1.1841,75.44,0.0,30
5.0,0.3,0.5,1e-05,0.5,0.0333,1,29,2.7414,1.1841,75.44,0.0,30
5.0,0.3,0.5,1e-05,1.0,0.0333,1,29,2.7414,1.1841,75.44,0.0,30
5.0,0.3,1.0,1e-05,0.2,0.0333,1,29,2.7414,1.1841,75.44,0.0,30
5.0,0.3,1.0,1e-05,0.5,0.0333,1,29,2.7414,1.1841,75.44,0.0,30
5.0,0.3,1.0,1e-05,1.0,0.0333,1,29,2.7414,1.1841,75.44,0.0,30
5.0,0.3,2.0,1e-05,0.2,0.0333,1,29,2.7414,1.1841,75.44,0.0,30
5.0,0.3,2.0,1e-05,0.5,0.0333,1,29,2.7414,1.1841,75.44,0.0,30
5.0,0.3,2.0,1e-05,1.0,0.0333,1,29,2.7414,1.1841,75.44,0.0,30
5.0,0.5,0.5,1e-05,0.2,0.0333,1,29,2.7448,1.1528,78.84,0.0,30
5.0,0.5,0.5,1e-05,0.5,0.0333,1,29,2.7448,1.1528,78.84,0.0,30
5.0,0.5,0.5,1e-05,1.0,0.0333,1,29,2.7448,1.1528,78.84,0.0,30
5.0,0.5,1.0,1e-05,0.2,0.0333,1,29,2.7448,1.1528,78.84,0.0,30
5.0,0.5,1.0,1e-05,0.5,0.0333,1,29,2.7448,1.1528,78.84,0.0,30
5.0,0.5,1.0,1e-05,1.0,0.0333,1,29,2.7448,1.1528,78.84,0.0,30
5.0,0.5,2.0,1e-05,0.2,0.0333,1,29,2.7448,1.1528,78.84,0.0,30
5.0,0.5,2.0,1e-05,0.5,0.0333,1,29,2.7448,1.1528,78.84,0.0,30
5.0,0.5,2.0,1e-05,1.0,0.0333,1,29,2.7448,1.1528,78.84,0.0,30
5.0,0.7,0.5,1e-05,0.2,0.0333,1,29,2.7448,1.1528,78.84,0.0,30
5.0,0.7,0.5,1e-05,0.5,0.0333,1,29,2.7448,1.1528,78.84,0.0,30
5.0,0.7,0.5,1e-05,1.0,0.0333,1,29,2.7448,1.1528,78.84,0.0,30
5.0,0.7,1.0,1e-05,0.2,0.0333,1,29,2.7448,1.1528,78.84,0.0,30
5.0,0.7,1.0,1e-05,0.5,0.0333,1,29,2.7448,1.1528,78.84,0.0,30
5.0,0.7,1.0,1e-05,1.0,0.0333,1,29,2.7448,1.1528,78.84,0.0,30
5.0,0.7,2.0,1e-05,0.2,0.0333,1,29,2.7448,1.1528,78.84,0.0,30
5.0,0.7,2.0,1e-05,0.5,0.0333,1,29,2.7448,1.1528,78.84,0.0,30
5.0,0.7,2.0,1e-05,1.0,0.0333,1,29,2.7448,1.1528,78.84,0.0,30
