open_margin_db,close_margin_db,release_ms,hold_ms,noise_ema_tc_closed,attack_tc,decay_tc,pass_rate,passed,failed,mean_missed_speech,mean_false_open,mean_start_delay_ms,mean_early_close_ms,total_scenarios
6.0,2.0,500.0,100.0,1.0,0.005,0.15,0.5333,16,14,0.1744,1.2784,26.58,339.83,30
6.0,2.0,500.0,250.0,1.0,0.005,0.15,0.5333,16,14,0.1744,1.2784,26.58,339.83,30
8.0,2.0,500.0,100.0,1.0,0.005,0.15,0.5333,16,14,0.3574,1.0834,23.98,353.43,30
8.0,2.0,500.0,250.0,1.0,0.005,0.15,0.5333,16,14,0.3574,1.0834,23.98,353.43,30
6.0,2.0,300.0,100.0,0.3,0.02,0.15,0.5333,16,14,0.3926,1.0766,45.42,589.06,30
6.0,2.0,300.0,250.0,0.3,0.02,0.15,0.5333,16,14,0.3926,1.0766,45.42,589.06,30
8.0,2.0,300.0,100.0,0.3,0.005,0.15,0.5333,16,14,0.6132,0.9538,196.21,473.62,30
8.0,2.0,300.0,250.0,0.3,0.005,0.15,0.5333,16,14,0.6132,0.9538,196.21,473.62,30
8.0,2.0,500.0,100.0,0.3,0.005,0.15,0.5333,16,14,0.6182,1.1776,196.23,265.99,30
8.0,2.0,500.0,250.0,0.3,0.005,0.15,0.5333,16,14,0.6182,1.1776,196.23,265.99,30
6.0,2.0,300.0,100.0,0.3,0.02,0.6,0.5333,16,14,0.7145,0.9711,24.65,549.82,30
6.0,2.0,300.0,250.0,0.3,0.02,0.6,0.5333,16,14,0.7145,0.9711,24.65,549.82,30
6.0,4.0,300.0,100.0,0.3,0.02,0.6,0.5333,16,14,0.8435,0.8921,24.65,670.83,30
6.0,4.0,300.0,250.0,0.3,0.02,0.6,0.5333,16,14,0.8435,0.8921,24.65,670.83,30
6.0,2.0,800.0,100.0,1.0,0.005,0.15,0.5,15,15,0.1439,1.6359,26.11,145.16,30
6.0,2.0,800.0,250.0,1.0,0.005,0.15,0.5,15,15,0.1439,1.6359,26.11,145.16,30
6.0,2.0,500.0,100.0,1.0,0.005,0.3,0.5,15,15,0.2052,1.2785,26.58,307.92,30
6.0,2.0,500.0,250.0,1.0,0.005,0.3,0.5,15,15,0.2052,1.2785,26.58,307.92,30
6.0,2.0,500.0,100.0,1.0,0.02,0.15,0.5,15,15,0.212,1.1927,29.54,411.16,30
6.0,2.0,500.0,250.0,1.0,0.02,0.15,0.5,15,15,0.212,1.1927,29.54,411.16,30
6.0,2.0,500.0,100.0,1.0,0.005,0.6,0.5,15,15,0.2245,1.2719,28.62,306.58,30
6.0,2.0,500.0,250.0,1.0,0.005,0.6,0.5,15,15,0.2245,1.2719,28.62,306.58,30
6.0,2.0,500.0,100.0,1.0,0.02,0.3,0.5,15,15,0.2275,1.1761,32.21,307.92,30
6.0,2.0,500.0,250.0,1.0,0.02,0.3,0.5,15,15,0.2275,1.1761,32.21,307.92,30
6.0,2.0,500.0,100.0,1.0,0.02,0.6,0.5,15,15,0.2468,1.2188,35.54,305.92,30
6.0,2.0,500.0,250.0,1.0,0.02,0.6,0.5,15,15,0.2468,1.2188,35.54,305.92,30
6.0,4.0,500.0,100.0,1.0,0.005,0.15,0.5,15,15,0.2519,1.1746,26.58,589.32,30
6.0,4.0,500.0,250.0,1.0,0.005,0.15,0.5,15,15,0.2519,1.1746,26.58,589.32,30
6.0,4.0,500.0,100.0,1.0,0.02,0.15,0.5,15,15,0.2795,1.1209,29.54,587.32,30
6.0,4.0,500.0,250.0,1.0,0.02,0.15,0.5,15,15,0.2795,1.1209,29.54,587.32,30
6.0,2.0,300.0,100.0,1.0,0.005,0.3,0.5,15,15,0.2836,0.9922,26.58,605.65,30
6.0,2.0,300.0,250.0,1.0,0.005,0.3,0.5,15,15,0.2836,0.9922,26.58,605.65,30
8.0,2.0,800.0,100.0,1.0,0.005,0.15,0.5,15,15,0.2868,1.3954,22.03,148.76,30
8.0,2.0,800.0,250.0,1.0,0.005,0.15,0.5,15,15,0.2868,1.3954,22.03,148.76,30
6.0,2.0,300.0,100.0,1.0,0.005,0.15,0.5,15,15,0.2872,0.9752,48.01,652.46,30
6.0,2.0,300.0,250.0,1.0,0.005,0.15,0.5,15,15,0.2872,0.9752,48.01,652.46,30
6.0,2.0,500.0,100.0,0.3,0.005,0.3,0.5,15,15,0.3188,1.5441,20.18,301.92,30
6.0,2.0,500.0,250.0,0.3,0.005,0.3,0.5,15,15,0.3188,1.5441,20.18,301.92,30
6.0,2.0,500.0,100.0,0.3,0.02,0.3,0.5,15,15,0.3381,1.2854,24.18,316.58,30
6.0,2.0,500.0,250.0,0.3,0.02,0.3,0.5,15,15,0.3381,1.2854,24.18,316.58,30
6.0,4.0,500.0,100.0,1.0,0.005,0.3,0.5,15,15,0.3439,1.1726,26.58,564.66,30
6.0,4.0,500.0,250.0,1.0,0.005,0.3,0.5,15,15,0.3439,1.1726,26.58,564.66,30
6.0,2.0,300.0,100.0,1.0,0.02,0.15,0.5,15,15,0.3485,0.9225,52.11,660.98,30
6.0,2.0,300.0,250.0,1.0,0.02,0.15,0.5,15,15,0.3485,0.9225,52.11,660.98,30
6.0,2.0,800.0,100.0,0.3,0.02,0.6,0.5,15,15,0.3593,1.3893,23.5,204.48,30
6.0,2.0,800.0,250.0,0.3,0.02,0.6,0.5,15,15,0.3593,1.3893,23.5,204.48,30
6.0,2.0,500.0,100.0,0.3,0.02,0.15,0.5,15,15,0.3616,1.3236,22.18,307.43,30
6.0,2.0,500.0,250.0,0.3,0.02,0.15,0.5,15,15,0.3616,1.3236,22.18,307.43,30
6.0,2.0,300.0,100.0,1.0,0.005,0.6,0.5,15,15,0.3696,1.0083,28.62,601.65,30
6.0,2.0,300.0,250.0,1.0,0.005,0.6,0.5,15,15,0.3696,1.0083,28.62,601.65,30
6.0,4.0,500.0,100.0,1.0,0.02,0.3,0.5,15,15,0.3909,1.1002,32.21,624.66,30
6.0,4.0,500.0,250.0,1.0,0.02,0.3,0.5,15,15,0.3909,1.1002,32.21,624.66,30
6.0,2.0,300.0,100.0,1.0,0.02,0.3,0.5,15,15,0.3912,0.9225,32.21,652.98,30
6.0,2.0,300.0,250.0,1.0,0.02,0.3,0.5,15,15,0.3912,0.9225,32.21,652.98,30
6.0,2.0,500.0,100.0,0.3,0.02,0.6,0.5,15,15,0.416,1.1833,24.18,270.48,30
6.0,2.0,500.0,250.0,0.3,0.02,0.6,0.5,15,15,0.416,1.1833,24.18,270.48,30
8.0,2.0,500.0,100.0,1.0,0.005,0.3,0.5,15,15,0.4165,1.0418,24.65,270.48,30
8.0,2.0,500.0,250.0,1.0,0.005,0.3,0.5,15,15,0.4165,1.0418,24.65,270.48,30
6.0,4.0,300.0,100.0,0.3,0.005,0.15,0.5,15,15,0.4719,1.1859,193.89,533.07,30
6.0,4.0,300.0,250.0,0.3,0.005,0.15,0.5,15,15,0.4719,1.1859,193.89,533.07,30
6.0,4.0,500.0,100.0,0.3,0.02,0.15,0.5,15,15,0.4801,1.2494,22.18,639.25,30
6.0,4.0,500.0,250.0,0.3,0.02,0.15,0.5,15,15,0.4801,1.2494,22.18,639.25,30
6.0,2.0,300.0,100.0,1.0,0.02,0.6,0.5,15,15,0.4885,0.9619,34.88,598.98,30
6.0,2.0,300.0,250.0,1.0,0.02,0.6,0.5,15,15,0.4885,0.9619,34.88,598.98,30
8.0,2.0,300.0,100.0,1.0,0.005,0.15,0.5,15,15,0.497,0.8037,23.32,643.06,30
8.0,2.0,300.0,250.0,1.0,0.005,0.15,0.5,15,15,0.497,0.8037,23.32,643.06,30
6.0,2.0,300.0,100.0,0.3,0.02,0.3,0.5,15,15,0.5139,1.0292,23.98,641.25,30
6.0,2.0,300.0,250.0,0.3,0.02,0.3,0.5,15,15,0.5139,1.0292,23.98,641.25,30
6.0,4.0,300.0,100.0,0.3,0.02,0.15,0.5,15,15,0.5186,0.9806,199.2,551.06,30
6.0,4.0,300.0,250.0,0.3,0.02,0.15,0.5,15,15,0.5186,0.9806,199.2,551.06,30
6.0,4.0,500.0,100.0,0.3,0.02,0.3,0.5,15,15,0.5186,1.2179,23.98,563.25,30
6.0,4.0,500.0,250.0,0.3,0.02,0.3,0.5,15,15,0.5186,1.2179,23.98,563.25,30
8.0,4.0,500.0,100.0,1.0,0.005,0.15,0.5,15,15,0.5192,1.0239,23.32,588.58,30
8.0,4.0,500.0,250.0,1.0,0.005,0.15,0.5,15,15,0.5192,1.0239,23.32,588.58,30
8.0,2.0,800.0,100.0,0.3,0.005,0.15,0.5,15,15,0.5381,1.4387,195.39,119.99,30
8.0,2.0,800.0,250.0,0.3,0.005,0.15,0.5,15,15,0.5381,1.4387,195.39,119.99,30
6.0,4.0,300.0,100.0,0.3,0.005,0.3,0.5,15,15,0.5412,1.1286,20.16,703.07,30
6.0,4.0,300.0,250.0,0.3,0.005,0.3,0.5,15,15,0.5412,1.1286,20.16,703.07,30
6.0,4.0,800.0,100.0,0.3,0.02,0.6,0.5,15,15,0.5493,1.3513,23.5,404.48,30
6.0,4.0,800.0,250.0,0.3,0.02,0.6,0.5,15,15,0.5493,1.3513,23.5,404.48,30
6.0,6.0,500.0,100.0,0.3,0.005,0.3,0.5,15,15,0.5548,1.2854,20.18,718.6,30
6.0,6.0,500.0,250.0,0.3,0.005,0.3,0.5,15,15,0.5548,1.2854,20.18,718.6,30
6.0,4.0,300.0,100.0,0.3,0.02,0.3,0.5,15,15,0.5786,0.9419,23.52,709.06,30
6.0,4.0,300.0,250.0,0.3,0.02,0.3,0.5,15,15,0.5786,0.9419,23.52,709.06,30
6.0,6.0,500.0,100.0,1.0,0.02,0.3,0.5,15,15,0.5839,1.0392,103.99,805.67,30
6.0,6.0,500.0,250.0,1.0,0.02,0.3,0.5,15,15,0.5839,1.0392,103.99,805.67,30
6.0,2.0,300.0,100.0,0.3,0.005,0.6,0.5,15,15,0.5948,1.1241,22.18,618.58,30
6.0,2.0,300.0,250.0,0.3,0.005,0.6,0.5,15,15,0.5948,1.1241,22.18,618.58,30
8.0,2.0,300.0,100.0,1.0,0.02,0.15,0.5,15,15,0.6058,0.7191,33.62,562.81,30
8.0,2.0,300.0,250.0,1.0,0.02,0.15,0.5,15,15,0.6058,0.7191,33.62,562.81,30
8.0,4.0,500.0,100.0,1.0,0.02,0.15,0.5,15,15,0.6068,0.8948,33.62,537.15,30
8.0,4.0,500.0,250.0,1.0,0.02,0.15,0.5,15,15,0.6068,0.8948,33.62,537.15,30
8.0,4.0,500.0,100.0,1.0,0.005,0.3,0.5,15,15,0.6198,0.9851,24.65,499.15,30
8.0,4.0,500.0,250.0,1.0,0.005,0.3,0.5,15,15,0.6198,0.9851,24.65,499.15,30
6.0,6.0,500.0,100.0,0.3,0.02,0.3,0.5,15,15,0.6359,1.1099,61.1,720.6,30
6.0,6.0,500.0,250.0,0.3,0.02,0.3,0.5,15,15,0.6359,1.1099,61.1,720.6,30
8.0,2.0,500.0,100.0,0.3,0.02,0.3,0.5,15,15,0.6394,1.0054,28.47,256.22,30
8.0,2.0,500.0,250.0,0.3,0.02,0.3,0.5,15,15,0.6394,1.0054,28.47,256.22,30
8.0,2.0,300.0,100.0,1.0,0.005,0.3,0.5,15,15,0.6601,0.8028,24.65,556.81,30
8.0,2.0,300.0,250.0,1.0,0.005,0.3,0.5,15,15,0.6601,0.8028,24.65,556.81,30
8.0,2.0,300.0,100.0,0.3,0.02,0.15,0.5,15,15,0.6652,0.8905,26.47,455.36,30
8.0,2.0,300.0,250.0,0.3,0.02,0.15,0.5,15,15,0.6652,0.8905,26.47,455.36,30
10.0,4.0,500.0,100.0,1.0,0.005,0.15,0.5,15,15,0.6951,0.9411,35.32,560.48,30
10.0,4.0,500.0,250.0,1.0,0.005,0.15,0.5,15,15,0.6951,0.9411,35.32,560.48,30
10.0,2.0,300.0,100.0,1.0,0.005,0.15,0.5,15,15,0.6976,0.7503,35.32,554.29,30
10.0,2.0,300.0,250.0,1.0,0.005,0.15,0.5,15,15,0.6976,0.7503,35.32,554.29,30
8.0,4.0,500.0,100.0,0.3,0.005,0.15,0.5,15,15,0.7,1.1307,196.23,469.82,30
8.0,4.0,500.0,250.0,0.3,0.005,0.15,0.5,15,15,0.7,1.1307,196.23,469.82,30
8.0,4.0,300.0,100.0,0.3,0.005,0.15,0.5,15,15,0.7212,0.8865,350.66,395.64,30
8.0,4.0,300.0,250.0,0.3,0.005,0.15,0.5,15,15,0.7212,0.8865,350.66,395.64,30
6.0,6.0,800.0,100.0,0.3,0.02,0.6,0.5,15,15,0.738,1.2753,24.85,592.5,30
6.0,6.0,800.0,250.0,0.3,0.02,0.6,0.5,15,15,0.738,1.2753,24.85,592.5,30
6.0,4.0,500.0,100.0,0.3,0.02,0.6,0.5,15,15,0.7438,1.0992,24.65,593.83,30
6.0,4.0,500.0,250.0,0.3,0.02,0.6,0.5,15,15,0.7438,1.0992,24.65,593.83,30
8.0,4.0,500.0,100.0,0.3,0.02,0.3,0.5,15,15,0.7972,0.9625,28.94,477.55,30
8.0,4.0,500.0,250.0,0.3,0.02,0.3,0.5,15,15,0.7972,0.9625,28.94,477.55,30
8.0,2.0,300.0,100.0,0.3,0.02,0.3,0.5,15,15,0.8108,0.8168,28.27,468.55,30
8.0,2.0,300.0,250.0,0.3,0.02,0.3,0.5,15,15,0.8108,0.8168,28.27,468.55,30
6.0,6.0,500.0,100.0,0.3,0.02,0.6,0.5,15,15,0.8509,1.0042,61.76,682.2,30
6.0,6.0,500.0,250.0,0.3,0.02,0.6,0.5,15,15,0.8509,1.0042,61.76,682.2,30
8.0,2.0,300.0,100.0,0.3,0.005,0.6,0.5,15,15,0.8575,0.9028,21.58,462.55,30
8.0,2.0,300.0,250.0,0.3,0.005,0.6,0.5,15,15,0.8575,0.9028,21.58,462.55,30
8.0,4.0,300.0,100.0,0.3,0.02,0.3,0.5,15,15,0.8932,0.7718,27.8,520.71,30
8.0,4.0,300.0,250.0,0.3,0.02,0.3,0.5,15,15,0.8932,0.7718,27.8,520.71,30
10.0,2.0,300.0,100.0,0.3,0.005,0.15,0.5,15,15,0.9427,0.904,159.99,369.36,30
10.0,2.0,300.0,250.0,0.3,0.005,0.15,0.5,15,15,0.9427,0.904,159.99,369.36,30
10.0,2.0,500.0,100.0,0.3,0.005,0.3,0.5,15,15,1.0024,0.9884,18.0,299.73,30
10.0,2.0,500.0,250.0,0.3,0.005,0.3,0.5,15,15,1.0024,0.9884,18.0,299.73,30
10.0,4.0,500.0,100.0,0.3,0.005,0.3,0.5,15,15,1.0757,0.9524,18.0,373.06,30
10.0,4.0,500.0,250.0,0.3,0.005,0.3,0.5,15,15,1.0757,0.9524,18.0,373.06,30
10.0,2.0,300.0,100.0,0.3,0.005,0.3,0.5,15,15,1.0774,0.7967,18.0,374.72,30
10.0,2.0,300.0,250.0,0.3,0.005,0.3,0.5,15,15,1.0774,0.7967,18.0,374.72,30
10.0,6.0,500.0,100.0,0.3,0.005,0.3,0.5,15,15,1.1944,0.8891,18.0,445.75,30
10.0,6.0,500.0,250.0,0.3,0.005,0.3,0.5,15,15,1.1944,0.8891,18.0,445.75,30
6.0,2.0,800.0,100.0,1.0,0.005,0.6,0.4667,14,16,0.1561,1.5401,27.47,230.58,30
6.0,2.0,800.0,250.0,1.0,0.005,0.6,0.4667,14,16,0.1561,1.5401,27.47,230.58,30
6.0,2.0,800.0,100.0,1.0,0.02,0.15,0.4667,14,16,0.1562,1.4776,29.74,255.16,30
6.0,2.0,800.0,250.0,1.0,0.02,0.15,0.4667,14,16,0.1562,1.4776,29.74,255.16,30
6.0,2.0,800.0,100.0,1.0,0.02,0.6,0.4667,14,16,0.1621,1.5068,34.19,229.92,30
6.0,2.0,800.0,250.0,1.0,0.02,0.6,0.4667,14,16,0.1621,1.5068,34.19,229.92,30
6.0,2.0,800.0,100.0,1.0,0.005,0.3,0.4667,14,16,0.1687,1.6634,23.47,257.92,30
6.0,2.0,800.0,250.0,1.0,0.005,0.3,0.4667,14,16,0.1687,1.6634,23.47,257.92,30
6.0,2.0,800.0,100.0,1.0,0.02,0.3,0.4667,14,16,0.177,1.4856,31.72,257.92,30
6.0,2.0,800.0,250.0,1.0,0.02,0.3,0.4667,14,16,0.177,1.4856,31.72,257.92,30
6.0,4.0,800.0,100.0,1.0,0.005,0.15,0.4667,14,16,0.182,1.53,26.11,285.92,30
6.0,4.0,800.0,250.0,1.0,0.005,0.15,0.4667,14,16,0.182,1.53,26.11,285.92,30
6.0,4.0,800.0,100.0,1.0,0.02,0.15,0.4667,14,16,0.1857,1.3903,29.08,285.25,30
6.0,4.0,800.0,250.0,1.0,0.02,0.15,0.4667,14,16,0.1857,1.3903,29.08,285.25,30
6.0,4.0,800.0,100.0,1.0,0.005,0.6,0.4667,14,16,0.2041,1.4161,27.47,289.32,30
6.0,4.0,800.0,250.0,1.0,0.005,0.6,0.4667,14,16,0.2041,1.4161,27.47,289.32,30
6.0,4.0,800.0,100.0,1.0,0.005,0.3,0.4667,14,16,0.2101,1.5174,26.78,295.99,30
6.0,4.0,800.0,250.0,1.0,0.005,0.3,0.4667,14,16,0.2101,1.5174,26.78,295.99,30
6.0,4.0,800.0,100.0,1.0,0.02,0.3,0.4667,14,16,0.215,1.4097,32.41,295.32,30
6.0,4.0,800.0,250.0,1.0,0.02,0.3,0.4667,14,16,0.215,1.4097,32.41,295.32,30
6.0,6.0,800.0,100.0,1.0,0.005,0.15,0.4667,14,16,0.2488,1.4808,127.89,493.99,30
6.0,6.0,800.0,250.0,1.0,0.005,0.15,0.4667,14,16,0.2488,1.4808,127.89,493.99,30
6.0,6.0,800.0,100.0,1.0,0.02,0.15,0.4667,14,16,0.2724,1.3591,284.86,398.01,30
6.0,6.0,800.0,250.0,1.0,0.02,0.15,0.4667,14,16,0.2724,1.3591,284.86,398.01,30
6.0,2.0,800.0,100.0,0.3,0.005,0.6,0.4667,14,16,0.2781,1.6441,19.54,233.92,30
6.0,2.0,800.0,250.0,0.3,0.005,0.6,0.4667,14,16,0.2781,1.6441,19.54,233.92,30
6.0,4.0,800.0,100.0,0.3,0.02,0.15,0.4667,14,16,0.3007,1.5561,22.85,177.92,30
6.0,4.0,800.0,250.0,0.3,0.02,0.15,0.4667,14,16,0.3007,1.5561,22.85,177.92,30
6.0,2.0,800.0,100.0,0.3,0.02,0.3,0.4667,14,16,0.3041,1.5474,23.5,266.58,30
6.0,2.0,800.0,250.0,0.3,0.02,0.3,0.4667,14,16,0.3041,1.5474,23.5,266.58,30
6.0,4.0,800.0,100.0,1.0,0.02,0.6,0.4667,14,16,0.3222,1.3748,35.54,442.66,30
6.0,4.0,800.0,250.0,1.0,0.02,0.6,0.4667,14,16,0.3222,1.3748,35.54,442.66,30
8.0,4.0,800.0,100.0,1.0,0.005,0.15,0.4667,14,16,0.3248,1.3254,23.52,287.25,30
8.0,4.0,800.0,250.0,1.0,0.005,0.15,0.4667,14,16,0.3248,1.3254,23.52,287.25,30
6.0,2.0,500.0,100.0,0.3,0.005,0.15,0.4667,14,16,0.327,1.7057,17.56,306.09,30
6.0,2.0,500.0,250.0,0.3,0.005,0.15,0.4667,14,16,0.327,1.7057,17.56,306.09,30
6.0,4.0,800.0,100.0,0.3,0.005,0.3,0.4667,14,16,0.3454,1.7914,20.16,381.25,30
6.0,4.0,800.0,250.0,0.3,0.005,0.3,0.4667,14,16,0.3454,1.7914,20.16,381.25,30
6.0,6.0,800.0,100.0,0.3,0.005,0.15,0.4667,14,16,0.348,1.8514,117.24,399.25,30
6.0,6.0,800.0,250.0,0.3,0.005,0.15,0.4667,14,16,0.348,1.8514,117.24,399.25,30
6.0,6.0,500.0,100.0,1.0,0.005,0.15,0.4667,14,16,0.3779,1.1172,26.58,730.14,30
6.0,6.0,500.0,250.0,1.0,0.005,0.15,0.4667,14,16,0.3779,1.1172,26.58,730.14,30
6.0,6.0,800.0,100.0,0.3,0.02,0.15,0.4667,14,16,0.3821,1.4894,22.85,542.6,30
6.0,6.0,800.0,250.0,0.3,0.02,0.15,0.4667,14,16,0.3821,1.4894,22.85,542.6,30
6.0,2.0,300.0,100.0,0.3,0.005,0.15,0.4667,14,16,0.3853,1.4026,39.44,587.72,30
6.0,2.0,300.0,250.0,0.3,0.005,0.15,0.4667,14,16,0.3853,1.4026,39.44,587.72,30
6.0,6.0,800.0,100.0,1.0,0.005,0.3,0.4667,14,16,0.3861,1.3981,179.44,558.65,30
6.0,6.0,800.0,250.0,1.0,0.005,0.3,0.4667,14,16,0.3861,1.3981,179.44,558.65,30
6.0,4.0,300.0,100.0,1.0,0.02,0.15,0.4667,14,16,0.4147,0.8341,80.56,769.19,30
6.0,4.0,300.0,250.0,1.0,0.02,0.15,0.4667,14,16,0.4147,0.8341,80.56,769.19,30
6.0,4.0,800.0,100.0,0.3,0.02,0.3,0.4667,14,16,0.4247,1.4901,23.5,387.25,30
6.0,4.0,800.0,250.0,0.3,0.02,0.3,0.4667,14,16,0.4247,1.4901,23.5,387.25,30
6.0,6.0,800.0,100.0,1.0,0.02,0.3,0.4667,14,16,0.4264,1.3017,185.74,564.65,30
6.0,6.0,800.0,250.0,1.0,0.02,0.3,0.4667,14,16,0.4264,1.3017,185.74,564.65,30
6.0,4.0,800.0,100.0,0.3,0.005,0.6,0.4667,14,16,0.4294,1.5167,22.16,382.58,30
6.0,4.0,800.0,250.0,0.3,0.005,0.6,0.4667,14,16,0.4294,1.5167,22.16,382.58,30
8.0,6.0,800.0,100.0,1.0,0.005,0.15,0.4667,14,16,0.4301,1.2981,125.96,483.25,30
8.0,6.0,800.0,250.0,1.0,0.005,0.15,0.4667,14,16,0.4301,1.2981,125.96,483.25,30
8.0,2.0,500.0,100.0,1.0,0.02,0.3,0.4667,14,16,0.4316,0.9949,39.77,270.48,30
8.0,2.0,500.0,250.0,1.0,0.02,0.3,0.4667,14,16,0.4316,0.9949,39.77,270.48,30
6.0,2.0,300.0,100.0,0.3,0.005,0.3,0.4667,14,16,0.4387,1.2901,20.16,633.25,30
6.0,2.0,300.0,250.0,0.3,0.005,0.3,0.4667,14,16,0.4387,1.2901,20.16,633.25,30
6.0,2.0,500.0,100.0,0.3,0.005,0.6,0.4667,14,16,0.4408,1.3635,20.23,396.58,30
6.0,2.0,500.0,250.0,0.3,0.005,0.6,0.4667,14,16,0.4408,1.3635,20.23,396.58,30
6.0,4.0,500.0,100.0,0.3,0.005,0.3,0.4667,14,16,0.4488,1.4948,20.18,556.58,30
6.0,4.0,500.0,250.0,0.3,0.005,0.3,0.4667,14,16,0.4488,1.4948,20.18,556.58,30
8.0,2.0,500.0,100.0,1.0,0.02,0.15,0.4667,14,16,0.4613,0.9627,33.62,373.06,30
8.0,2.0,500.0,250.0,1.0,0.02,0.15,0.4667,14,16,0.4613,0.9627,33.62,373.06,30
6.0,6.0,500.0,100.0,1.0,0.02,0.15,0.4667,14,16,0.4649,1.0615,52.11,812.15,30
6.0,6.0,500.0,250.0,1.0,0.02,0.15,0.4667,14,16,0.4649,1.0615,52.11,812.15,30
6.0,6.0,800.0,100.0,0.3,0.005,0.3,0.4667,14,16,0.4654,1.6808,20.85,658.6,30
6.0,6.0,800.0,250.0,0.3,0.005,0.3,0.4667,14,16,0.4654,1.6808,20.85,658.6,30
6.0,6.0,800.0,100.0,1.0,0.005,0.6,0.4667,14,16,0.4692,1.2952,28.62,723.97,30
6.0,6.0,800.0,250.0,1.0,0.005,0.6,0.4667,14,16,0.4692,1.2952,28.62,723.97,30
6.0,4.0,500.0,100.0,1.0,0.005,0.6,0.4667,14,16,0.4716,1.1543,28.62,697.65,30
6.0,4.0,500.0,250.0,1.0,0.005,0.6,0.4667,14,16,0.4716,1.1543,28.62,697.65,30
6.0,4.0,300.0,100.0,1.0,0.005,0.3,0.4667,14,16,0.4769,0.8922,48.48,771.7,30
6.0,4.0,300.0,250.0,1.0,0.005,0.3,0.4667,14,16,0.4769,0.8922,48.48,771.7,30
10.0,2.0,500.0,100.0,1.0,0.005,0.3,0.4667,14,16,0.4836,0.9457,41.17,271.15,30
10.0,2.0,500.0,250.0,1.0,0.005,0.3,0.4667,14,16,0.4836,0.9457,41.17,271.15,30
8.0,2.0,500.0,100.0,1.0,0.005,0.6,0.4667,14,16,0.4857,1.0457,24.55,272.48,30
8.0,2.0,500.0,250.0,1.0,0.005,0.6,0.4667,14,16,0.4857,1.0457,24.55,272.48,30
6.0,6.0,500.0,100.0,0.3,0.005,0.15,0.4667,14,16,0.4907,1.4407,16.73,710.75,30
6.0,6.0,500.0,250.0,0.3,0.005,0.15,0.4667,14,16,0.4907,1.4407,16.73,710.75,30
10.0,2.0,500.0,100.0,1.0,0.005,0.15,0.4667,14,16,0.51,1.026,35.32,375.99,30
10.0,2.0,500.0,250.0,1.0,0.005,0.15,0.4667,14,16,0.51,1.026,35.32,375.99,30
6.0,4.0,300.0,100.0,1.0,0.02,0.3,0.4667,14,16,0.5159,0.8499,54.78,826.69,30
6.0,4.0,300.0,250.0,1.0,0.02,0.3,0.4667,14,16,0.5159,0.8499,54.78,826.69,30
6.0,6.0,500.0,100.0,1.0,0.005,0.3,0.4667,14,16,0.5222,1.0942,61.91,798.33,30
6.0,6.0,500.0,250.0,1.0,0.005,0.3,0.4667,14,16,0.5222,1.0942,61.91,798.33,30
6.0,6.0,800.0,100.0,1.0,0.02,0.6,0.4667,14,16,0.5248,1.2542,35.54,725.32,30
6.0,6.0,800.0,250.0,1.0,0.02,0.6,0.4667,14,16,0.5248,1.2542,35.54,725.32,30
6.0,6.0,500.0,100.0,0.3,0.02,0.15,0.4667,14,16,0.5334,1.1535,177.3,608.75,30
6.0,6.0,500.0,250.0,0.3,0.02,0.15,0.4667,14,16,0.5334,1.1535,177.3,608.75,30
6.0,2.0,300.0,100.0,0.3,0.05,0.15,0.4667,14,16,0.5468,0.9021,37.14,564.96,30
6.0,2.0,300.0,250.0,0.3,0.05,0.15,0.4667,14,16,0.5468,0.9021,37.14,564.96,30
6.0,6.0,800.0,100.0,0.3,0.02,0.3,0.4667,14,16,0.5521,1.4221,24.85,663.91,30
6.0,6.0,800.0,250.0,0.3,0.02,0.3,0.4667,14,16,0.5521,1.4221,24.85,663.91,30
6.0,4.0,500.0,100.0,1.0,0.02,0.6,0.4667,14,16,0.5532,1.0945,34.88,705.67,30
6.0,4.0,500.0,250.0,1.0,0.02,0.6,0.4667,14,16,0.5532,1.0945,34.88,705.67,30
8.0,4.0,800.0,100.0,0.3,0.005,0.15,0.4667,14,16,0.556,1.3874,196.9,136.48,30
8.0,4.0,800.0,250.0,0.3,0.005,0.15,0.4667,14,16,0.556,1.3874,196.9,136.48,30
8.0,6.0,500.0,100.0,1.0,0.005,0.15,0.4667,14,16,0.5679,0.9652,23.32,678.73,30
8.0,6.0,500.0,250.0,1.0,0.005,0.15,0.4667,14,16,0.5679,0.9652,23.32,678.73,30
8.0,2.0,800.0,100.0,0.3,0.005,0.6,0.4667,14,16,0.572,1.3493,20.43,196.89,30
8.0,2.0,800.0,250.0,0.3,0.005,0.6,0.4667,14,16,0.572,1.3493,20.43,196.89,30
8.0,4.0,300.0,100.0,1.0,0.005,0.15,0.4667,14,16,0.5778,0.7298,177.76,612.49,30
8.0,4.0,300.0,250.0,1.0,0.005,0.15,0.4667,14,16,0.5778,0.7298,177.76,612.49,30
6.0,6.0,300.0,100.0,0.3,0.005,0.15,0.4667,14,16,0.5867,1.1127,193.89,682.46,30
6.0,6.0,300.0,250.0,0.3,0.005,0.15,0.4667,14,16,0.5867,1.1127,193.89,682.46,30
8.0,6.0,800.0,100.0,0.3,0.005,0.15,0.4667,14,16,0.5974,1.3347,315.34,259.82,30
8.0,6.0,800.0,250.0,0.3,0.005,0.15,0.4667,14,16,0.5974,1.3347,315.34,259.82,30
6.0,4.0,300.0,100.0,1.0,0.005,0.6,0.4667,14,16,0.5992,0.8845,28.62,834.24,30
6.0,4.0,300.0,250.0,1.0,0.005,0.6,0.4667,14,16,0.5992,0.8845,28.62,834.24,30
8.0,6.0,800.0,100.0,1.0,0.02,0.15,0.4667,14,16,0.6017,1.1277,187.15,481.83,30
8.0,6.0,800.0,250.0,1.0,0.02,0.15,0.4667,14,16,0.6017,1.1277,187.15,481.83,30
8.0,2.0,800.0,100.0,0.3,0.02,0.3,0.4667,14,16,0.6087,1.2487,27.78,226.22,30
8.0,2.0,800.0,250.0,0.3,0.02,0.3,0.4667,14,16,0.6087,1.2487,27.78,226.22,30
8.0,4.0,800.0,100.0,0.3,0.005,0.6,0.4667,14,16,0.6106,1.282,20.43,235.55,30
8.0,4.0,800.0,250.0,0.3,0.005,0.6,0.4667,14,16,0.6106,1.282,20.43,235.55,30
6.0,4.0,500.0,100.0,0.3,0.005,0.6,0.4667,14,16,0.6146,1.2526,23.32,644.6,30
6.0,4.0,500.0,250.0,0.3,0.005,0.6,0.4667,14,16,0.6146,1.2526,23.32,644.6,30
8.0,4.0,800.0,100.0,0.3,0.02,0.3,0.4667,14,16,0.62,1.2147,27.78,237.55,30
8.0,4.0,800.0,250.0,0.3,0.02,0.3,0.4667,14,16,0.62,1.2147,27.78,237.55,30
6.0,6.0,800.0,100.0,0.3,0.005,0.6,0.4667,14,16,0.6221,1.4187,22.16,659.92,30
6.0,6.0,800.0,250.0,0.3,0.005,0.6,0.4667,14,16,0.6221,1.4187,22.16,659.92,30
8.0,2.0,500.0,100.0,0.3,0.005,0.6,0.4667,14,16,0.6287,1.11,21.11,252.89,30
8.0,2.0,500.0,250.0,0.3,0.005,0.6,0.4667,14,16,0.6287,1.11,21.11,252.89,30
10.0,6.0,800.0,100.0,1.0,0.005,0.15,0.4667,14,16,0.6387,1.1713,153.3,451.82,30
10.0,6.0,800.0,250.0,1.0,0.005,0.15,0.4667,14,16,0.6387,1.1713,153.3,451.82,30
8.0,2.0,500.0,100.0,0.3,0.02,0.15,0.4667,14,16,0.6602,1.1069,26.47,253.06,30
8.0,2.0,500.0,250.0,0.3,0.02,0.15,0.4667,14,16,0.6602,1.1069,26.47,253.06,30
6.0,4.0,300.0,100.0,0.3,0.005,0.6,0.4667,14,16,0.6684,1.0058,22.18,758.26,30
6.0,4.0,300.0,250.0,0.3,0.005,0.6,0.4667,14,16,0.6684,1.0058,22.18,758.26,30
8.0,6.0,800.0,100.0,1.0,0.005,0.3,0.4667,14,16,0.6687,1.168,177.52,472.48,30
8.0,6.0,800.0,250.0,1.0,0.005,0.3,0.4667,14,16,0.6687,1.168,177.52,472.48,30
6.0,6.0,300.0,100.0,0.3,0.02,0.15,0.4667,14,16,0.6746,0.9306,199.2,700.46,30
6.0,6.0,300.0,250.0,0.3,0.02,0.15,0.4667,14,16,0.6746,0.9306,199.2,700.46,30
6.0,4.0,300.0,100.0,0.3,0.05,0.15,0.4667,14,16,0.6794,0.8174,192.25,552.97,30
6.0,4.0,300.0,250.0,0.3,0.05,0.15,0.4667,14,16,0.6794,0.8174,192.25,552.97,30
6.0,6.0,500.0,100.0,0.3,0.005,0.6,0.4667,14,16,0.6803,1.109,177.76,643.64,30
6.0,6.0,500.0,250.0,0.3,0.005,0.6,0.4667,14,16,0.6803,1.109,177.76,643.64,30
8.0,2.0,300.0,100.0,1.0,0.02,0.3,0.4667,14,16,0.6819,0.7439,39.77,557.48,30
8.0,2.0,300.0,250.0,1.0,0.02,0.3,0.4667,14,16,0.6819,0.7439,39.77,557.48,30
8.0,2.0,500.0,100.0,0.3,0.005,0.3,0.4667,14,16,0.686,1.186,19.78,311.55,30
8.0,2.0,500.0,250.0,0.3,0.005,0.3,0.4667,14,16,0.686,1.186,19.78,311.55,30
8.0,4.0,300.0,100.0,1.0,0.02,0.15,0.4667,14,16,0.698,0.6833,71.4,674.35,30
8.0,4.0,300.0,250.0,1.0,0.02,0.15,0.4667,14,16,0.698,0.6833,71.4,674.35,30
8.0,6.0,500.0,100.0,0.3,0.005,0.15,0.4667,14,16,0.7014,1.0807,196.23,533.98,30
8.0,6.0,500.0,250.0,0.3,0.005,0.15,0.4667,14,16,0.7014,1.0807,196.23,533.98,30
10.0,2.0,500.0,100.0,1.0,0.005,0.6,0.4667,14,16,0.7014,0.8774,42.28,363.82,30
10.0,2.0,500.0,250.0,1.0,0.005,0.6,0.4667,14,16,0.7014,0.8774,42.28,363.82,30
8.0,4.0,500.0,100.0,0.3,0.005,0.3,0.4667,14,16,0.7027,1.1313,19.78,393.55,30
8.0,4.0,500.0,250.0,0.3,0.005,0.3,0.4667,14,16,0.7027,1.1313,19.78,393.55,30
8.0,6.0,300.0,100.0,1.0,0.005,0.15,0.4667,14,16,0.7079,0.7039,60.43,870.68,30
8.0,6.0,300.0,250.0,1.0,0.005,0.15,0.4667,14,16,0.7079,0.7039,60.43,870.68,30
8.0,2.0,300.0,100.0,0.3,0.005,0.3,0.4667,14,16,0.7117,0.9783,19.78,459.88,30
8.0,2.0,300.0,250.0,0.3,0.005,0.3,0.4667,14,16,0.7117,0.9783,19.78,459.88,30
8.0,4.0,300.0,100.0,1.0,0.005,0.3,0.4667,14,16,0.7288,0.7461,24.65,660.86,30
8.0,4.0,300.0,250.0,1.0,0.005,0.3,0.4667,14,16,0.7288,0.7461,24.65,660.86,30
8.0,4.0,500.0,100.0,0.3,0.02,0.15,0.4667,14,16,0.7307,1.0647,26.47,444.22,30
8.0,4.0,500.0,250.0,0.3,0.02,0.15,0.4667,14,16,0.7307,1.0647,26.47,444.22,30
8.0,4.0,500.0,100.0,1.0,0.02,0.3,0.4667,14,16,0.7403,0.9236,39.77,588.48,30
8.0,4.0,500.0,250.0,1.0,0.02,0.3,0.4667,14,16,0.7403,0.9236,39.77,588.48,30
8.0,4.0,300.0,100.0,0.3,0.005,0.3,0.4667,14,16,0.7665,0.8991,19.76,496.04,30
8.0,4.0,300.0,250.0,0.3,0.005,0.3,0.4667,14,16,0.7665,0.8991,19.76,496.04,30
10.0,6.0,500.0,100.0,1.0,0.005,0.15,0.4667,14,16,0.7718,0.9072,35.32,643.98,30
10.0,6.0,500.0,250.0,1.0,0.005,0.15,0.4667,14,16,0.7718,0.9072,35.32,643.98,30
8.0,2.0,300.0,100.0,1.0,0.005,0.6,0.4667,14,16,0.7754,0.8054,24.55,556.14,30
8.0,2.0,300.0,250.0,1.0,0.005,0.6,0.4667,14,16,0.7754,0.8054,24.55,556.14,30
8.0,6.0,500.0,100.0,1.0,0.005,0.3,0.4667,14,16,0.7848,0.9295,24.65,692.16,30
8.0,6.0,500.0,250.0,1.0,0.005,0.3,0.4667,14,16,0.7848,0.9295,24.65,692.16,30
8.0,6.0,800.0,100.0,0.3,0.02,0.3,0.4667,14,16,0.7887,1.158,29.14,476.22,30
8.0,6.0,800.0,250.0,0.3,0.02,0.3,0.4667,14,16,0.7887,1.158,29.14,476.22,30
8.0,2.0,300.0,100.0,0.3,0.05,0.15,0.4667,14,16,0.8042,0.7362,43.55,454.69,30
8.0,2.0,300.0,250.0,0.3,0.05,0.15,0.4667,14,16,0.8042,0.7362,43.55,454.69,30
8.0,6.0,300.0,100.0,0.3,0.005,0.15,0.4667,14,16,0.8166,0.8439,350.66,481.7,30
8.0,6.0,300.0,250.0,0.3,0.005,0.15,0.4667,14,16,0.8166,0.8439,350.66,481.7,30
10.0,2.0,300.0,100.0,1.0,0.005,0.3,0.4667,14,16,0.8173,0.7293,41.17,558.14,30
10.0,2.0,300.0,250.0,1.0,0.005,0.3,0.4667,14,16,0.8173,0.7293,41.17,558.14,30
8.0,6.0,500.0,100.0,0.3,0.005,0.3,0.4667,14,16,0.828,1.048,174.23,382.9,30
8.0,6.0,500.0,250.0,0.3,0.005,0.3,0.4667,14,16,0.828,1.048,174.23,382.9,30
10.0,4.0,500.0,100.0,1.0,0.005,0.3,0.4667,14,16,0.829,0.9063,41.17,593.15,30
10.0,4.0,500.0,250.0,1.0,0.005,0.3,0.4667,14,16,0.829,0.9063,41.17,593.15,30
6.0,6.0,300.0,100.0,0.3,0.02,0.3,0.4667,14,16,0.8342,0.8775,177.96,820.01,30
6.0,6.0,300.0,250.0,0.3,0.02,0.3,0.4667,14,16,0.8342,0.8775,177.96,820.01,30
8.0,6.0,800.0,100.0,0.3,0.005,0.6,0.4667,14,16,0.848,1.2206,20.43,472.89,30
8.0,6.0,800.0,250.0,0.3,0.005,0.6,0.4667,14,16,0.848,1.2206,20.43,472.89,30
10.0,2.0,500.0,100.0,0.3,0.005,0.15,0.4667,14,16,0.8744,1.1137,314.46,87.06,30
10.0,2.0,500.0,250.0,0.3,0.005,0.15,0.4667,14,16,0.8744,1.1137,314.46,87.06,30
8.0,4.0,500.0,100.0,0.3,0.005,0.6,0.4667,14,16,0.8745,1.0391,21.58,478.24,30
8.0,4.0,500.0,250.0,0.3,0.005,0.6,0.4667,14,16,0.8745,1.0391,21.58,478.24,30
8.0,6.0,500.0,100.0,0.3,0.02,0.3,0.4667,14,16,0.9059,0.9212,184.05,407.09,30
8.0,6.0,500.0,250.0,0.3,0.02,0.3,0.4667,14,16,0.9059,0.9212,184.05,407.09,30
10.0,2.0,800.0,100.0,0.3,0.005,0.3,0.4667,14,16,0.9197,1.225,17.98,115.06,30
10.0,2.0,800.0,250.0,0.3,0.005,0.3,0.4667,14,16,0.9197,1.225,17.98,115.06,30
10.0,4.0,500.0,100.0,0.3,0.005,0.15,0.4667,14,16,0.9217,1.0811,160.01,363.73,30
10.0,4.0,500.0,250.0,0.3,0.005,0.15,0.4667,14,16,0.9217,1.0811,160.01,363.73,30
10.0,2.0,300.0,100.0,1.0,0.005,0.6,0.4667,14,16,0.9258,0.6698,42.28,582.14,30
10.0,2.0,300.0,250.0,1.0,0.005,0.6,0.4667,14,16,0.9258,0.6698,42.28,582.14,30
10.0,4.0,800.0,100.0,0.3,0.005,0.3,0.4667,14,16,0.9297,1.1957,17.98,227.06,30
10.0,4.0,800.0,250.0,0.3,0.005,0.3,0.4667,14,16,0.9297,1.1957,17.98,227.06,30
8.0,4.0,300.0,100.0,0.3,0.005,0.6,0.4667,14,16,0.9735,0.8415,20.91,550.56,30
8.0,4.0,300.0,250.0,0.3,0.005,0.6,0.4667,14,16,0.9735,0.8415,20.91,550.56,30
8.0,6.0,300.0,100.0,0.3,0.02,0.15,0.4667,14,16,0.9948,0.7142,180.92,585.04,30
8.0,6.0,300.0,250.0,0.3,0.02,0.15,0.4667,14,16,0.9948,0.7142,180.92,585.04,30
10.0,2.0,500.0,100.0,0.3,0.02,0.15,0.4667,14,16,1.0036,0.9303,28.52,253.06,30
10.0,2.0,500.0,250.0,0.3,0.02,0.15,0.4667,14,16,1.0036,0.9303,28.52,253.06,30
8.0,6.0,300.0,100.0,0.3,0.005,0.3,0.4667,14,16,1.0054,0.8434,174.21,580.98,30
8.0,6.0,300.0,250.0,0.3,0.005,0.3,0.4667,14,16,1.0054,0.8434,174.21,580.98,30
10.0,2.0,300.0,100.0,0.3,0.02,0.15,0.4667,14,16,1.0432,0.7439,28.99,368.87,30
10.0,2.0,300.0,250.0,0.3,0.02,0.15,0.4667,14,16,1.0432,0.7439,28.99,368.87,30
10.0,6.0,800.0,100.0,0.3,0.005,0.3,0.4667,14,16,1.0624,1.1471,18.67,359.08,30
10.0,6.0,800.0,250.0,0.3,0.005,0.3,0.4667,14,16,1.0624,1.1471,18.67,359.08,30
12.0,2.0,300.0,100.0,0.3,0.005,0.15,0.4667,14,16,1.072,0.7307,41.84,393.54,30
12.0,2.0,300.0,250.0,0.3,0.005,0.15,0.4667,14,16,1.072,0.7307,41.84,393.54,30
8.0,6.0,300.0,100.0,0.3,0.02,0.3,0.4667,14,16,1.1388,0.7368,182.92,640.32,30
8.0,6.0,300.0,250.0,0.3,0.02,0.3,0.4667,14,16,1.1388,0.7368,182.92,640.32,30
10.0,2.0,300.0,100.0,0.3,0.005,0.6,0.4667,14,16,1.143,0.8057,20.99,378.72,30
10.0,2.0,300.0,250.0,0.3,0.005,0.6,0.4667,14,16,1.143,0.8057,20.99,378.72,30
10.0,4.0,300.0,100.0,0.3,0.005,0.3,0.4667,14,16,1.1609,0.7622,18.0,410.89,30
10.0,4.0,300.0,250.0,0.3,0.005,0.3,0.4667,14,16,1.1609,0.7622,18.0,410.89,30
10.0,6.0,300.0,100.0,0.3,0.005,0.3,0.4667,14,16,1.2983,0.7223,18.0,559.6,30
10.0,6.0,300.0,250.0,0.3,0.005,0.3,0.4667,14,16,1.2983,0.7223,18.0,559.6,30
6.0,2.0,800.0,100.0,0.3,0.005,0.15,0.4333,13,17,0.2642,2.0909,14.1,150.09,30
6.0,2.0,800.0,250.0,0.3,0.005,0.15,0.4333,13,17,0.2642,2.0909,14.1,150.09,30
6.0,2.0,800.0,100.0,0.3,0.02,0.15,0.4333,13,17,0.2736,1.6756,22.16,151.43,30
6.0,2.0,800.0,250.0,0.3,0.02,0.15,0.4333,13,17,0.2736,1.6756,22.16,151.43,30
6.0,2.0,800.0,100.0,0.3,0.005,0.3,0.4333,13,17,0.2855,1.9695,17.54,151.92,30
6.0,2.0,800.0,250.0,0.3,0.005,0.3,0.4333,13,17,0.2855,1.9695,17.54,151.92,30
6.0,4.0,800.0,100.0,0.3,0.005,0.15,0.4333,13,17,0.2935,1.9102,15.61,177.92,30
6.0,4.0,800.0,250.0,0.3,0.005,0.15,0.4333,13,17,0.2935,1.9102,15.61,177.92,30
8.0,2.0,800.0,100.0,1.0,0.005,0.3,0.4333,13,17,0.376,1.3153,24.16,230.48,30
8.0,2.0,800.0,250.0,1.0,0.005,0.3,0.4333,13,17,0.376,1.3153,24.16,230.48,30
8.0,2.0,800.0,100.0,1.0,0.02,0.15,0.4333,13,17,0.3822,1.2615,34.48,227.06,30
8.0,2.0,800.0,250.0,1.0,0.02,0.15,0.4333,13,17,0.3822,1.2615,34.48,227.06,30
6.0,4.0,300.0,100.0,1.0,0.005,0.15,0.4333,13,17,0.3826,0.886,75.79,761.9,30
6.0,4.0,300.0,250.0,1.0,0.005,0.15,0.4333,13,17,0.3826,0.886,75.79,761.9,30
6.0,4.0,500.0,100.0,0.3,0.005,0.15,0.4333,13,17,0.3853,1.6153,16.73,601.92,30
6.0,4.0,500.0,250.0,0.3,0.005,0.15,0.4333,13,17,0.3853,1.6153,16.73,601.92,30
10.0,2.0,800.0,100.0,1.0,0.005,0.15,0.4333,13,17,0.3888,1.2942,36.18,119.33,30
10.0,2.0,800.0,250.0,1.0,0.005,0.15,0.4333,13,17,0.3888,1.2942,36.18,119.33,30
8.0,2.0,800.0,100.0,1.0,0.02,0.3,0.4333,13,17,0.3904,1.2651,38.62,230.48,30
8.0,2.0,800.0,250.0,1.0,0.02,0.3,0.4333,13,17,0.3904,1.2651,38.62,230.48,30
8.0,4.0,800.0,100.0,1.0,0.005,0.3,0.4333,13,17,0.396,1.2706,24.18,250.48,30
8.0,4.0,800.0,250.0,1.0,0.005,0.3,0.4333,13,17,0.396,1.2706,24.18,250.48,30
8.0,4.0,800.0,100.0,1.0,0.02,0.15,0.4333,13,17,0.4003,1.2056,33.82,245.82,30
8.0,4.0,800.0,250.0,1.0,0.02,0.15,0.4333,13,17,0.4003,1.2056,33.82,245.82,30
8.0,2.0,800.0,100.0,1.0,0.005,0.6,0.4333,13,17,0.4017,1.305,23.86,206.48,30
8.0,2.0,800.0,250.0,1.0,0.005,0.6,0.4333,13,17,0.4017,1.305,23.86,206.48,30
10.0,4.0,800.0,100.0,1.0,0.005,0.15,0.4333,13,17,0.4127,1.2367,34.85,246.48,30
10.0,4.0,800.0,250.0,1.0,0.005,0.15,0.4333,13,17,0.4127,1.2367,34.85,246.48,30
10.0,2.0,800.0,100.0,1.0,0.005,0.3,0.4333,13,17,0.4425,1.2118,40.01,231.15,30
10.0,2.0,800.0,250.0,1.0,0.005,0.3,0.4333,13,17,0.4425,1.2118,40.01,231.15,30
8.0,2.0,500.0,100.0,1.0,0.02,0.6,0.4333,13,17,0.4663,1.0243,43.1,273.82,30
8.0,2.0,500.0,250.0,1.0,0.02,0.6,0.4333,13,17,0.4663,1.0243,43.1,273.82,30
8.0,4.0,800.0,100.0,1.0,0.02,0.3,0.4333,13,17,0.5004,1.2251,39.97,339.15,30
8.0,4.0,800.0,250.0,1.0,0.02,0.3,0.4333,13,17,0.5004,1.2251,39.97,339.15,30
6.0,2.0,500.0,100.0,0.3,0.05,0.15,0.4333,13,17,0.5125,1.1638,37.81,333.99,30
6.0,2.0,500.0,250.0,0.3,0.05,0.15,0.4333,13,17,0.5125,1.1638,37.81,333.99,30
8.0,4.0,800.0,100.0,1.0,0.005,0.6,0.4333,13,17,0.5317,1.2157,23.86,336.48,30
8.0,4.0,800.0,250.0,1.0,0.005,0.6,0.4333,13,17,0.5317,1.2157,23.86,336.48,30
10.0,4.0,800.0,100.0,1.0,0.005,0.3,0.4333,13,17,0.5565,1.1445,40.7,344.48,30
10.0,4.0,800.0,250.0,1.0,0.005,0.3,0.4333,13,17,0.5565,1.1445,40.7,344.48,30
6.0,2.0,500.0,100.0,0.3,0.05,0.3,0.4333,13,17,0.5641,1.1615,40.15,402.66,30
6.0,2.0,500.0,250.0,0.3,0.05,0.3,0.4333,13,17,0.5641,1.1615,40.15,402.66,30
6.0,6.0,300.0,100.0,1.0,0.005,0.15,0.4333,13,17,0.5688,0.8368,111.12,883.42,30
6.0,6.0,300.0,250.0,1.0,0.005,0.15,0.4333,13,17,0.5688,0.8368,111.12,883.42,30
8.0,2.0,800.0,100.0,0.3,0.02,0.15,0.4333,13,17,0.5902,1.3835,26.45,117.06,30
8.0,2.0,800.0,250.0,0.3,0.02,0.15,0.4333,13,17,0.5902,1.3835,26.45,117.06,30
8.0,2.0,800.0,100.0,0.3,0.005,0.3,0.4333,13,17,0.5925,1.4672,18.94,116.89,30
8.0,2.0,800.0,250.0,0.3,0.005,0.3,0.4333,13,17,0.5925,1.4672,18.94,116.89,30
8.0,4.0,800.0,100.0,0.3,0.02,0.15,0.4333,13,17,0.5947,1.3327,27.14,120.89,30
8.0,4.0,800.0,250.0,0.3,0.02,0.15,0.4333,13,17,0.5947,1.3327,27.14,120.89,30
8.0,4.0,800.0,100.0,0.3,0.005,0.3,0.4333,13,17,0.612,1.4106,19.76,237.55,30
8.0,4.0,800.0,250.0,0.3,0.005,0.3,0.4333,13,17,0.612,1.4106,19.76,237.55,30
6.0,4.0,500.0,100.0,0.3,0.05,0.15,0.4333,13,17,0.627,1.0896,37.81,567.82,30
6.0,4.0,500.0,250.0,0.3,0.05,0.15,0.4333,13,17,0.627,1.0896,37.81,567.82,30
10.0,2.0,800.0,100.0,1.0,0.005,0.6,0.4333,13,17,0.6327,1.0881,41.59,211.15,30
10.0,2.0,800.0,250.0,1.0,0.005,0.6,0.4333,13,17,0.6327,1.0881,41.59,211.15,30
10.0,2.0,500.0,100.0,1.0,0.02,0.15,0.4333,13,17,0.6404,0.9384,55.1,453.99,30
10.0,2.0,500.0,250.0,1.0,0.02,0.15,0.4333,13,17,0.6404,0.9384,55.1,453.99,30
8.0,6.0,800.0,100.0,0.3,0.02,0.15,0.4333,13,17,0.6687,1.278,27.14,378.9,30
8.0,6.0,800.0,250.0,0.3,0.02,0.15,0.4333,13,17,0.6687,1.278,27.14,378.9,30
6.0,6.0,300.0,100.0,1.0,0.02,0.15,0.4333,13,17,0.6734,0.7854,94.56,983.92,30
6.0,6.0,300.0,250.0,1.0,0.02,0.15,0.4333,13,17,0.6734,0.7854,94.56,983.92,30
6.0,4.0,300.0,100.0,1.0,0.02,0.6,0.4333,13,17,0.6781,0.8374,34.88,846.91,30
6.0,4.0,300.0,250.0,1.0,0.02,0.6,0.4333,13,17,0.6781,0.8374,34.88,846.91,30
6.0,6.0,300.0,100.0,0.3,0.005,0.3,0.4333,13,17,0.6859,1.0273,174.61,802.68,30
6.0,6.0,300.0,250.0,0.3,0.005,0.3,0.4333,13,17,0.6859,1.0273,174.61,802.68,30
6.0,6.0,500.0,100.0,1.0,0.02,0.6,0.4333,13,17,0.6901,0.9541,71.99,863.12,30
6.0,6.0,500.0,250.0,1.0,0.02,0.6,0.4333,13,17,0.6901,0.9541,71.99,863.12,30
6.0,4.0,500.0,100.0,0.3,0.05,0.3,0.4333,13,17,0.6984,1.1011,40.62,600.48,30
6.0,4.0,500.0,250.0,0.3,0.05,0.3,0.4333,13,17,0.6984,1.1011,40.62,600.48,30
8.0,6.0,800.0,100.0,0.3,0.005,0.3,0.4333,13,17,0.7047,1.352,20.45,470.24,30
8.0,6.0,800.0,250.0,0.3,0.005,0.3,0.4333,13,17,0.7047,1.352,20.45,470.24,30
12.0,2.0,500.0,100.0,1.0,0.005,0.3,0.4333,13,17,0.7072,0.8546,66.09,363.15,30
12.0,2.0,500.0,250.0,1.0,0.005,0.3,0.4333,13,17,0.7072,0.8546,66.09,363.15,30
6.0,2.0,300.0,100.0,0.3,0.05,0.3,0.4333,13,17,0.7238,0.9118,40.62,569.82,30
6.0,2.0,300.0,250.0,0.3,0.05,0.3,0.4333,13,17,0.7238,0.9118,40.62,569.82,30
8.0,6.0,800.0,100.0,1.0,0.02,0.3,0.4333,13,17,0.7298,1.1244,192.64,477.81,30
8.0,6.0,800.0,250.0,1.0,0.02,0.3,0.4333,13,17,0.7298,1.1244,192.64,477.81,30
8.0,6.0,500.0,100.0,1.0,0.02,0.15,0.4333,13,17,0.7351,0.8618,33.62,726.97,30
8.0,6.0,500.0,250.0,1.0,0.02,0.15,0.4333,13,17,0.7351,0.8618,33.62,726.97,30
8.0,4.0,300.0,100.0,0.3,0.02,0.15,0.4333,13,17,0.7498,0.8212,180.92,363.38,30
8.0,4.0,300.0,250.0,0.3,0.02,0.15,0.4333,13,17,0.7498,0.8212,180.92,363.38,30
10.0,4.0,500.0,100.0,1.0,0.02,0.15,0.4333,13,17,0.7536,0.8743,55.1,567.15,30
10.0,4.0,500.0,250.0,1.0,0.02,0.15,0.4333,13,17,0.7536,0.8743,55.1,567.15,30
8.0,2.0,500.0,100.0,0.3,0.05,0.15,0.4333,13,17,0.7591,0.9324,43.55,333.55,30
8.0,2.0,500.0,250.0,0.3,0.05,0.15,0.4333,13,17,0.7591,0.9324,43.55,333.55,30
10.0,4.0,800.0,100.0,1.0,0.005,0.6,0.4333,13,17,0.7641,1.0461,41.59,342.48,30
10.0,4.0,800.0,250.0,1.0,0.005,0.6,0.4333,13,17,0.7641,1.0461,41.59,342.48,30
10.0,2.0,300.0,100.0,1.0,0.02,0.15,0.4333,13,17,0.7686,0.6812,55.1,563.48,30
10.0,2.0,300.0,250.0,1.0,0.02,0.15,0.4333,13,17,0.7686,0.6812,55.1,563.48,30
8.0,2.0,300.0,100.0,1.0,0.02,0.6,0.4333,13,17,0.7739,0.7686,42.44,554.81,30
8.0,2.0,300.0,250.0,1.0,0.02,0.6,0.4333,13,17,0.7739,0.7686,42.44,554.81,30
12.0,2.0,500.0,100.0,1.0,0.005,0.15,0.4333,13,17,0.7869,0.8442,63.57,445.33,30
12.0,2.0,500.0,250.0,1.0,0.005,0.15,0.4333,13,17,0.7869,0.8442,63.57,445.33,30
6.0,4.0,300.0,100.0,0.3,0.05,0.3,0.4333,13,17,0.8183,0.8576,40.62,720.31,30
6.0,4.0,300.0,250.0,0.3,0.05,0.3,0.4333,13,17,0.8183,0.8576,40.62,720.31,30
12.0,2.0,500.0,100.0,1.0,0.005,0.6,0.4333,13,17,0.8236,0.8423,71.8,371.82,30
12.0,2.0,500.0,250.0,1.0,0.005,0.6,0.4333,13,17,0.8236,0.8423,71.8,371.82,30
8.0,6.0,500.0,100.0,0.3,0.02,0.15,0.4333,13,17,0.8261,0.9941,145.58,469.76,30
8.0,6.0,500.0,250.0,0.3,0.02,0.15,0.4333,13,17,0.8261,0.9941,145.58,469.76,30
8.0,6.0,800.0,100.0,1.0,0.005,0.6,0.4333,13,17,0.8283,1.1283,24.55,631.13,30
8.0,6.0,800.0,250.0,1.0,0.005,0.6,0.4333,13,17,0.8283,1.1283,24.55,631.13,30
8.0,4.0,500.0,100.0,1.0,0.005,0.6,0.4333,13,17,0.8327,0.9507,24.55,634.81,30
8.0,4.0,500.0,250.0,1.0,0.005,0.6,0.4333,13,17,0.8327,0.9507,24.55,634.81,30
10.0,2.0,800.0,100.0,0.3,0.005,0.15,0.4333,13,17,0.8396,1.4069,159.17,117.06,30
10.0,2.0,800.0,250.0,0.3,0.005,0.15,0.4333,13,17,0.8396,1.4069,159.17,117.06,30
10.0,4.0,800.0,100.0,0.3,0.005,0.15,0.4333,13,17,0.8424,1.3671,160.68,118.4,30
10.0,4.0,800.0,250.0,0.3,0.005,0.15,0.4333,13,17,0.8424,1.3671,160.68,118.4,30
10.0,6.0,800.0,100.0,1.0,0.005,0.3,0.4333,13,17,0.8585,1.0725,194.03,480.48,30
10.0,6.0,800.0,250.0,1.0,0.005,0.3,0.4333,13,17,0.8585,1.0725,194.03,480.48,30
8.0,6.0,500.0,100.0,1.0,0.02,0.3,0.4333,13,17,0.8593,0.872,77.55,702.2,30
8.0,6.0,500.0,250.0,1.0,0.02,0.3,0.4333,13,17,0.8593,0.872,77.55,702.2,30
8.0,2.0,300.0,100.0,0.3,0.02,0.6,0.4333,13,17,0.8678,0.8612,30.94,463.55,30
8.0,2.0,300.0,250.0,0.3,0.02,0.6,0.4333,13,17,0.8678,0.8612,30.94,463.55,30
10.0,4.0,300.0,100.0,1.0,0.005,0.15,0.4333,13,17,0.8703,0.693,35.32,729.06,30
10.0,4.0,300.0,250.0,1.0,0.005,0.15,0.4333,13,17,0.8703,0.693,35.32,729.06,30
6.0,6.0,300.0,100.0,0.3,0.005,0.6,0.4333,13,17,0.8762,0.8869,22.18,996.01,30
6.0,6.0,300.0,250.0,0.3,0.005,0.6,0.4333,13,17,0.8762,0.8869,22.18,996.01,30
8.0,6.0,300.0,100.0,1.0,0.02,0.15,0.4333,13,17,0.9007,0.6534,88.73,833.12,30
8.0,6.0,300.0,250.0,1.0,0.02,0.15,0.4333,13,17,0.9007,0.6534,88.73,833.12,30
12.0,2.0,300.0,100.0,1.0,0.005,0.15,0.4333,13,17,0.9152,0.6305,63.57,554.96,30
12.0,2.0,300.0,250.0,1.0,0.005,0.15,0.4333,13,17,0.9152,0.6305,63.57,554.96,30
10.0,6.0,800.0,100.0,0.3,0.005,0.15,0.4333,13,17,0.9169,1.3016,160.68,367.57,30
10.0,6.0,800.0,250.0,0.3,0.005,0.15,0.4333,13,17,0.9169,1.3016,160.68,367.57,30
6.0,6.0,300.0,100.0,0.3,0.05,0.15,0.4333,13,17,0.9231,0.7938,192.25,764.64,30
6.0,6.0,300.0,250.0,0.3,0.05,0.15,0.4333,13,17,0.9231,0.7938,192.25,764.64,30
10.0,2.0,800.0,100.0,0.3,0.02,0.15,0.4333,13,17,0.9322,1.1456,28.5,117.06,30
10.0,2.0,800.0,250.0,0.3,0.02,0.15,0.4333,13,17,0.9322,1.1456,28.5,117.06,30
10.0,4.0,800.0,100.0,0.3,0.02,0.15,0.4333,13,17,0.9349,1.1162,29.86,118.4,30
10.0,4.0,800.0,250.0,0.3,0.02,0.15,0.4333,13,17,0.9349,1.1162,29.86,118.4,30
12.0,4.0,500.0,100.0,1.0,0.005,0.15,0.4333,13,17,0.9374,0.8087,63.57,595.82,30
12.0,4.0,500.0,250.0,1.0,0.005,0.15,0.4333,13,17,0.9374,0.8087,63.57,595.82,30
10.0,2.0,800.0,100.0,0.3,0.005,0.6,0.4333,13,17,0.9389,1.1976,19.83,194.4,30
10.0,2.0,800.0,250.0,0.3,0.005,0.6,0.4333,13,17,0.9389,1.1976,19.83,194.4,30
10.0,4.0,300.0,100.0,1.0,0.005,0.3,0.4333,13,17,0.946,0.6894,41.17,680.87,30
10.0,4.0,300.0,250.0,1.0,0.005,0.3,0.4333,13,17,0.946,0.6894,41.17,680.87,30
10.0,6.0,500.0,100.0,1.0,0.005,0.3,0.4333,13,17,0.9593,0.874,41.17,700.16,30
10.0,6.0,500.0,250.0,1.0,0.005,0.3,0.4333,13,17,0.9593,0.874,41.17,700.16,30
10.0,4.0,800.0,100.0,0.3,0.005,0.6,0.4333,13,17,0.9709,1.1689,19.83,226.4,30
10.0,4.0,800.0,250.0,0.3,0.005,0.6,0.4333,13,17,0.9709,1.1689,19.83,226.4,30
12.0,2.0,300.0,100.0,1.0,0.005,0.3,0.4333,13,17,0.9742,0.6482,66.09,583.48,30
12.0,2.0,300.0,250.0,1.0,0.005,0.3,0.4333,13,17,0.9742,0.6482,66.09,583.48,30
12.0,4.0,500.0,100.0,1.0,0.005,0.3,0.4333,13,17,0.9759,0.8179,66.09,608.48,30
12.0,4.0,500.0,250.0,1.0,0.005,0.3,0.4333,13,17,0.9759,0.8179,66.09,608.48,30
12.0,2.0,500.0,100.0,0.3,0.005,0.15,0.4333,13,17,0.9796,0.9263,196.3,87.06,30
12.0,2.0,500.0,250.0,0.3,0.005,0.15,0.4333,13,17,0.9796,0.9263,196.3,87.06,30
8.0,4.0,300.0,100.0,0.3,0.05,0.15,0.4333,13,17,0.9843,0.7089,198.66,445.38,30
8.0,4.0,300.0,250.0,0.3,0.05,0.15,0.4333,13,17,0.9843,0.7089,198.66,445.38,30
10.0,2.0,500.0,100.0,0.3,0.005,0.6,0.4333,13,17,0.9856,1.0109,20.52,240.4,30
10.0,2.0,500.0,250.0,0.3,0.005,0.6,0.4333,13,17,0.9856,1.0109,20.52,240.4,30
10.0,6.0,500.0,100.0,0.3,0.005,0.15,0.4333,13,17,0.9864,1.0284,160.01,427.72,30
10.0,6.0,500.0,250.0,0.3,0.005,0.15,0.4333,13,17,0.9864,1.0284,160.01,427.72,30
8.0,4.0,300.0,100.0,0.3,0.02,0.6,0.4333,13,17,0.9875,0.8162,30.94,554.61,30
8.0,4.0,300.0,250.0,0.3,0.02,0.6,0.4333,13,17,0.9875,0.8162,30.94,554.61,30
10.0,6.0,300.0,100.0,1.0,0.005,0.15,0.4333,13,17,0.9978,0.6672,35.32,870.58,30
10.0,6.0,300.0,250.0,1.0,0.005,0.15,0.4333,13,17,0.9978,0.6672,35.32,870.58,30
10.0,6.0,800.0,100.0,0.3,0.02,0.15,0.4333,13,17,1.0082,1.1062,29.86,365.08,30
10.0,6.0,800.0,250.0,0.3,0.02,0.15,0.4333,13,17,1.0082,1.1062,29.86,365.08,30
6.0,6.0,300.0,100.0,0.3,0.02,0.6,0.4333,13,17,1.0319,0.8212,24.65,924.58,30
6.0,6.0,300.0,250.0,0.3,0.02,0.6,0.4333,13,17,1.0319,0.8212,24.65,924.58,30
10.0,4.0,500.0,100.0,0.3,0.02,0.15,0.4333,13,17,1.0324,0.8937,28.52,381.88,30
10.0,4.0,500.0,250.0,0.3,0.02,0.15,0.4333,13,17,1.0324,0.8937,28.52,381.88,30
10.0,2.0,500.0,100.0,0.3,0.02,0.3,0.4333,13,17,1.0344,0.9617,41.32,308.4,30
10.0,2.0,500.0,250.0,0.3,0.02,0.3,0.4333,13,17,1.0344,0.9617,41.32,308.4,30
8.0,6.0,500.0,100.0,0.3,0.005,0.6,0.4333,13,17,1.0375,0.9549,21.58,615.94,30
8.0,6.0,500.0,250.0,0.3,0.005,0.6,0.4333,13,17,1.0375,0.9549,21.58,615.94,30
12.0,4.0,500.0,100.0,0.3,0.005,0.15,0.4333,13,17,1.0471,0.9004,41.86,383.88,30
12.0,4.0,500.0,250.0,0.3,0.005,0.15,0.4333,13,17,1.0471,0.9004,41.86,383.88,30
10.0,4.0,300.0,100.0,0.3,0.005,0.15,0.4333,13,17,1.05,0.8427,314.44,296.04,30
10.0,4.0,300.0,250.0,0.3,0.005,0.15,0.4333,13,17,1.05,0.8427,314.44,296.04,30
10.0,6.0,800.0,100.0,1.0,0.005,0.6,0.4333,13,17,1.0554,0.9907,42.28,633.13,30
10.0,6.0,800.0,250.0,1.0,0.005,0.6,0.4333,13,17,1.0554,0.9907,42.28,633.13,30
10.0,4.0,500.0,100.0,1.0,0.005,0.6,0.4333,13,17,1.0731,0.8191,42.28,650.83,30
10.0,4.0,500.0,250.0,1.0,0.005,0.6,0.4333,13,17,1.0731,0.8191,42.28,650.83,30
10.0,4.0,500.0,100.0,0.3,0.02,0.3,0.4333,13,17,1.0995,0.9249,41.79,373.06,30
10.0,4.0,500.0,250.0,0.3,0.02,0.3,0.4333,13,17,1.0995,0.9249,41.79,373.06,30
12.0,2.0,500.0,100.0,1.0,0.02,0.3,0.4333,13,17,1.1057,0.7917,33.94,245.06,30
12.0,2.0,500.0,250.0,1.0,0.02,0.3,0.4333,13,17,1.1057,0.7917,33.94,245.06,30
10.0,6.0,800.0,100.0,0.3,0.005,0.6,0.4333,13,17,1.1069,1.1209,19.83,362.41,30
10.0,6.0,800.0,250.0,0.3,0.005,0.6,0.4333,13,17,1.1069,1.1209,19.83,362.41,30
10.0,2.0,300.0,100.0,0.3,0.02,0.3,0.4333,13,17,1.1272,0.7738,41.12,383.39,30
10.0,2.0,300.0,250.0,0.3,0.02,0.3,0.4333,13,17,1.1272,0.7738,41.12,383.39,30
10.0,6.0,300.0,100.0,0.3,0.005,0.15,0.4333,13,17,1.1388,0.8114,314.44,380.77,30
10.0,6.0,300.0,250.0,0.3,0.005,0.15,0.4333,13,17,1.1388,0.8114,314.44,380.77,30
10.0,4.0,300.0,100.0,0.3,0.02,0.15,0.4333,13,17,1.1395,0.7108,183.64,276.28,30
10.0,4.0,300.0,250.0,0.3,0.02,0.15,0.4333,13,17,1.1395,0.7108,183.64,276.28,30
10.0,6.0,500.0,100.0,0.3,0.02,0.15,0.4333,13,17,1.1411,0.8591,183.64,293.27,30
10.0,6.0,500.0,250.0,0.3,0.02,0.15,0.4333,13,17,1.1411,0.8591,183.64,293.27,30
10.0,4.0,500.0,100.0,0.3,0.005,0.6,0.4333,13,17,1.1434,0.9468,20.99,377.79,30
10.0,4.0,500.0,250.0,0.3,0.005,0.6,0.4333,13,17,1.1434,0.9468,20.99,377.79,30
8.0,4.0,300.0,100.0,0.3,0.05,0.3,0.4333,13,17,1.1632,0.7365,43.82,638.04,30
8.0,4.0,300.0,250.0,0.3,0.05,0.3,0.4333,13,17,1.1632,0.7365,43.82,638.04,30
12.0,4.0,300.0,100.0,0.3,0.005,0.15,0.4333,13,17,1.1767,0.7074,196.28,301.55,30
12.0,4.0,300.0,250.0,0.3,0.005,0.15,0.4333,13,17,1.1767,0.7074,196.28,301.55,30
12.0,6.0,500.0,100.0,0.3,0.005,0.15,0.4333,13,17,1.1771,0.8557,41.86,488.55,30
12.0,6.0,500.0,250.0,0.3,0.005,0.15,0.4333,13,17,1.1771,0.8557,41.86,488.55,30
10.0,4.0,300.0,100.0,0.3,0.02,0.3,0.4333,13,17,1.1833,0.7333,41.12,410.22,30
10.0,4.0,300.0,250.0,0.3,0.02,0.3,0.4333,13,17,1.1833,0.7333,41.12,410.22,30
12.0,4.0,500.0,100.0,1.0,0.02,0.3,0.4333,13,17,1.2337,0.7577,33.94,373.06,30
12.0,4.0,500.0,250.0,1.0,0.02,0.3,0.4333,13,17,1.2337,0.7577,33.94,373.06,30
10.0,6.0,300.0,100.0,0.3,0.02,0.15,0.4333,13,17,1.2415,0.6855,183.64,374.32,30
10.0,6.0,300.0,250.0,0.3,0.02,0.15,0.4333,13,17,1.2415,0.6855,183.64,374.32,30
10.0,4.0,300.0,100.0,0.3,0.005,0.6,0.4333,13,17,1.2431,0.7551,20.99,450.12,30
10.0,4.0,300.0,250.0,0.3,0.005,0.6,0.4333,13,17,1.2431,0.7551,20.99,450.12,30
12.0,2.0,300.0,100.0,0.3,0.02,0.15,0.4333,13,17,1.2897,0.7037,28.4,177.32,30
12.0,2.0,300.0,250.0,0.3,0.02,0.15,0.4333,13,17,1.2897,0.7037,28.4,177.32,30
12.0,6.0,300.0,100.0,0.3,0.005,0.15,0.4333,13,17,1.3183,0.681,196.28,426.51,30
12.0,6.0,300.0,250.0,0.3,0.005,0.15,0.4333,13,17,1.3183,0.681,196.28,426.51,30
10.0,2.0,300.0,100.0,0.3,0.05,0.15,0.4333,13,17,1.3862,0.6909,28.23,176.65,30
10.0,2.0,300.0,250.0,0.3,0.05,0.15,0.4333,13,17,1.3862,0.6909,28.23,176.65,30
12.0,2.0,300.0,100.0,0.3,0.02,0.6,0.4333,13,17,1.4038,0.7204,28.25,168.84,30
12.0,2.0,300.0,250.0,0.3,0.02,0.6,0.4333,13,17,1.4038,0.7204,28.25,168.84,30
10.0,4.0,300.0,100.0,0.3,0.05,0.15,0.4333,13,17,1.4182,0.6702,28.23,209.32,30
10.0,4.0,300.0,250.0,0.3,0.05,0.15,0.4333,13,17,1.4182,0.6702,28.23,209.32,30
12.0,4.0,300.0,100.0,0.3,0.02,0.3,0.4333,13,17,1.4183,0.701,26.92,239.38,30
12.0,4.0,300.0,250.0,0.3,0.02,0.3,0.4333,13,17,1.4183,0.701,26.92,239.38,30
6.0,2.0,500.0,100.0,1.0,0.05,0.15,0.4,12,18,0.3652,1.0585,84.86,480.99,30
6.0,2.0,500.0,250.0,1.0,0.05,0.15,0.4,12,18,0.3652,1.0585,84.86,480.99,30
6.0,2.0,800.0,100.0,0.3,0.05,0.15,0.4,12,18,0.3893,1.4433,38.67,127.99,30
6.0,2.0,800.0,250.0,0.3,0.05,0.15,0.4,12,18,0.3893,1.4433,38.67,127.99,30
6.0,2.0,800.0,100.0,0.3,0.05,0.3,0.4,12,18,0.3895,1.4155,42.15,124.66,30
6.0,2.0,800.0,250.0,0.3,0.05,0.3,0.4,12,18,0.3895,1.4155,42.15,124.66,30
10.0,2.0,800.0,100.0,1.0,0.02,0.15,0.4,12,18,0.4173,1.2226,55.97,229.99,30
10.0,2.0,800.0,250.0,1.0,0.02,0.15,0.4,12,18,0.4173,1.2226,55.97,229.99,30
8.0,2.0,800.0,100.0,1.0,0.02,0.6,0.4,12,18,0.4187,1.2681,38.93,207.82,30
8.0,2.0,800.0,250.0,1.0,0.02,0.6,0.4,12,18,0.4187,1.2681,38.93,207.82,30
6.0,2.0,300.0,100.0,1.0,0.05,0.15,0.4,12,18,0.4658,0.8098,109.43,654.32,30
6.0,2.0,300.0,250.0,1.0,0.05,0.15,0.4,12,18,0.4658,0.8098,109.43,654.32,30
10.0,2.0,500.0,100.0,1.0,0.02,0.3,0.4,12,18,0.5028,0.9081,53.62,277.15,30
10.0,2.0,500.0,250.0,1.0,0.02,0.3,0.4,12,18,0.5028,0.9081,53.62,277.15,30
6.0,4.0,800.0,100.0,0.3,0.05,0.15,0.4,12,18,0.5298,1.3965,38.67,309.82,30
6.0,4.0,800.0,250.0,0.3,0.05,0.15,0.4,12,18,0.5298,1.3965,38.67,309.82,30
10.0,4.0,800.0,100.0,1.0,0.02,0.15,0.4,12,18,0.5305,1.1798,55.3,343.82,30
10.0,4.0,800.0,250.0,1.0,0.02,0.15,0.4,12,18,0.5305,1.1798,55.3,343.82,30
6.0,4.0,500.0,100.0,1.0,0.05,0.15,0.4,12,18,0.5328,0.9842,84.86,673.99,30
6.0,4.0,500.0,250.0,1.0,0.05,0.15,0.4,12,18,0.5328,0.9842,84.86,673.99,30
12.0,2.0,800.0,100.0,1.0,0.005,0.15,0.4,12,18,0.5631,1.0851,63.1,119.99,30
12.0,2.0,800.0,250.0,1.0,0.005,0.15,0.4,12,18,0.5631,1.0851,63.1,119.99,30
6.0,6.0,800.0,100.0,0.3,0.05,0.15,0.4,12,18,0.5738,1.3392,38.67,495.83,30
6.0,6.0,800.0,250.0,0.3,0.05,0.15,0.4,12,18,0.5738,1.3392,38.67,495.83,30
6.0,4.0,800.0,100.0,0.3,0.05,0.3,0.4,12,18,0.5779,1.3653,42.15,415.15,30
6.0,4.0,800.0,250.0,0.3,0.05,0.3,0.4,12,18,0.5779,1.3653,42.15,415.15,30
8.0,4.0,800.0,100.0,1.0,0.02,0.6,0.4,12,18,0.5789,1.1796,43.1,404.48,30
8.0,4.0,800.0,250.0,1.0,0.02,0.6,0.4,12,18,0.5789,1.1796,43.1,404.48,30
8.0,2.0,800.0,100.0,0.3,0.02,0.6,0.4,12,18,0.582,1.2647,29.78,197.55,30
8.0,2.0,800.0,250.0,0.3,0.02,0.6,0.4,12,18,0.582,1.2647,29.78,197.55,30
6.0,2.0,300.0,100.0,1.0,0.05,0.3,0.4,12,18,0.6127,0.7993,48.44,601.58,30
6.0,2.0,300.0,250.0,1.0,0.05,0.3,0.4,12,18,0.6127,0.7993,48.44,601.58,30
8.0,2.0,800.0,100.0,0.3,0.05,0.15,0.4,12,18,0.6168,1.1675,44.41,116.4,30
8.0,2.0,800.0,250.0,0.3,0.05,0.15,0.4,12,18,0.6168,1.1675,44.41,116.4,30
6.0,6.0,500.0,100.0,1.0,0.005,0.6,0.4,12,18,0.6318,1.0265,28.62,865.79,30
6.0,6.0,500.0,250.0,1.0,0.005,0.6,0.4,12,18,0.6318,1.0265,28.62,865.79,30
8.0,2.0,500.0,100.0,0.3,0.02,0.6,0.4,12,18,0.6387,1.078,30.47,253.55,30
8.0,2.0,500.0,250.0,0.3,0.02,0.6,0.4,12,18,0.6387,1.078,30.47,253.55,30
6.0,6.0,300.0,100.0,1.0,0.005,0.3,0.4,12,18,0.6807,0.8307,112.26,1043.35,30
6.0,6.0,300.0,250.0,1.0,0.005,0.3,0.4,12,18,0.6807,0.8307,112.26,1043.35,30
12.0,2.0,800.0,100.0,1.0,0.005,0.3,0.4,12,18,0.6827,1.1034,64.93,237.82,30
12.0,2.0,800.0,250.0,1.0,0.005,0.3,0.4,12,18,0.6827,1.1034,64.93,237.82,30
8.0,4.0,800.0,100.0,0.3,0.02,0.6,0.4,12,18,0.684,1.2033,29.78,299.55,30
8.0,4.0,800.0,250.0,0.3,0.02,0.6,0.4,12,18,0.684,1.2033,29.78,299.55,30
8.0,4.0,800.0,100.0,0.3,0.05,0.15,0.4,12,18,0.6879,1.1373,44.41,196.22,30
8.0,4.0,800.0,250.0,0.3,0.05,0.15,0.4,12,18,0.6879,1.1373,44.41,196.22,30
12.0,4.0,800.0,100.0,1.0,0.005,0.15,0.4,12,18,0.6903,1.0423,63.1,349.15,30
12.0,4.0,800.0,250.0,1.0,0.005,0.15,0.4,12,18,0.6903,1.0423,63.1,349.15,30
6.0,6.0,800.0,100.0,0.3,0.05,0.3,0.4,12,18,0.7266,1.2606,42.15,590.48,30
6.0,6.0,800.0,250.0,0.3,0.05,0.3,0.4,12,18,0.7266,1.2606,42.15,590.48,30
6.0,6.0,500.0,100.0,0.3,0.05,0.15,0.4,12,18,0.731,1.041,76.92,710.02,30
6.0,6.0,500.0,250.0,0.3,0.05,0.15,0.4,12,18,0.731,1.041,76.92,710.02,30
6.0,6.0,300.0,100.0,1.0,0.02,0.3,0.4,12,18,0.7416,0.7876,213.89,1001.79,30
6.0,6.0,300.0,250.0,1.0,0.02,0.3,0.4,12,18,0.7416,0.7876,213.89,1001.79,30
10.0,6.0,800.0,100.0,1.0,0.02,0.15,0.4,12,18,0.7438,1.1011,207.97,483.17,30
10.0,6.0,800.0,250.0,1.0,0.02,0.15,0.4,12,18,0.7438,1.1011,207.97,483.17,30
6.0,2.0,300.0,100.0,0.3,0.05,0.6,0.4,12,18,0.7676,0.8836,42.44,575.82,30
6.0,2.0,300.0,250.0,0.3,0.05,0.6,0.4,12,18,0.7676,0.8836,42.44,575.82,30
8.0,6.0,800.0,100.0,0.3,0.05,0.15,0.4,12,18,0.798,1.092,44.41,480.24,30
8.0,6.0,800.0,250.0,0.3,0.05,0.15,0.4,12,18,0.798,1.092,44.41,480.24,30
10.0,2.0,500.0,100.0,1.0,0.02,0.6,0.4,12,18,0.8003,0.921,55.85,364.48,30
10.0,2.0,500.0,250.0,1.0,0.02,0.6,0.4,12,18,0.8003,0.921,55.85,364.48,30
8.0,4.0,300.0,100.0,1.0,0.02,0.3,0.4,12,18,0.8046,0.6979,39.77,732.54,30
8.0,4.0,300.0,250.0,1.0,0.02,0.3,0.4,12,18,0.8046,0.6979,39.77,732.54,30
8.0,6.0,800.0,100.0,1.0,0.02,0.6,0.4,12,18,0.8082,1.1076,43.1,630.5,30
8.0,6.0,800.0,250.0,1.0,0.02,0.6,0.4,12,18,0.8082,1.1076,43.1,630.5,30
8.0,4.0,500.0,100.0,0.3,0.05,0.15,0.4,12,18,0.8159,0.9072,43.55,491.7,30
8.0,4.0,500.0,250.0,0.3,0.05,0.15,0.4,12,18,0.8159,0.9072,43.55,491.7,30
6.0,6.0,500.0,100.0,0.3,0.05,0.3,0.4,12,18,0.8238,1.0085,196.4,633.36,30
6.0,6.0,500.0,250.0,0.3,0.05,0.3,0.4,12,18,0.8238,1.0085,196.4,633.36,30
10.0,2.0,300.0,100.0,1.0,0.02,0.3,0.4,12,18,0.8304,0.6931,53.62,558.14,30
10.0,2.0,300.0,250.0,1.0,0.02,0.3,0.4,12,18,0.8304,0.6931,53.62,558.14,30
8.0,4.0,500.0,100.0,1.0,0.02,0.6,0.4,12,18,0.8419,0.9286,43.1,648.83,30
8.0,4.0,500.0,250.0,1.0,0.02,0.6,0.4,12,18,0.8419,0.9286,43.1,648.83,30
10.0,4.0,500.0,100.0,1.0,0.02,0.3,0.4,12,18,0.8488,0.8641,53.62,599.82,30
10.0,4.0,500.0,250.0,1.0,0.02,0.3,0.4,12,18,0.8488,0.8641,53.62,599.82,30
8.0,6.0,800.0,100.0,0.3,0.02,0.6,0.4,12,18,0.8654,1.15,31.14,480.24,30
8.0,6.0,800.0,250.0,0.3,0.02,0.6,0.4,12,18,0.8654,1.15,31.14,480.24,30
12.0,4.0,800.0,100.0,1.0,0.005,0.3,0.4,12,18,0.8887,1.0701,65.62,443.15,30
12.0,4.0,800.0,250.0,1.0,0.005,0.3,0.4,12,18,0.8887,1.0701,65.62,443.15,30
8.0,4.0,500.0,100.0,0.3,0.02,0.6,0.4,12,18,0.8892,1.0072,30.94,484.24,30
8.0,4.0,500.0,250.0,0.3,0.02,0.6,0.4,12,18,0.8892,1.0072,30.94,484.24,30
8.0,4.0,300.0,100.0,1.0,0.005,0.6,0.4,12,18,0.8963,0.727,24.55,730.07,30
8.0,4.0,300.0,250.0,1.0,0.005,0.6,0.4,12,18,0.8963,0.727,24.55,730.07,30
6.0,4.0,300.0,100.0,0.3,0.05,0.6,0.4,12,18,0.8993,0.8213,42.44,700.16,30
6.0,4.0,300.0,250.0,0.3,0.05,0.6,0.4,12,18,0.8993,0.8213,42.44,700.16,30
8.0,4.0,300.0,100.0,1.0,0.02,0.6,0.4,12,18,0.9102,0.6922,42.44,747.4,30
8.0,4.0,300.0,250.0,1.0,0.02,0.6,0.4,12,18,0.9102,0.6922,42.44,747.4,30
12.0,2.0,500.0,100.0,1.0,0.02,0.15,0.4,12,18,0.9205,0.8018,45.45,373.06,30
12.0,2.0,500.0,250.0,1.0,0.02,0.15,0.4,12,18,0.9205,0.8018,45.45,373.06,30
8.0,6.0,500.0,100.0,1.0,0.02,0.6,0.4,12,18,0.9214,0.8214,80.88,721.61,30
8.0,6.0,500.0,250.0,1.0,0.02,0.6,0.4,12,18,0.9214,0.8214,80.88,721.61,30
12.0,6.0,800.0,100.0,1.0,0.005,0.15,0.4,12,18,0.9289,1.0129,63.1,587.82,30
12.0,6.0,800.0,250.0,1.0,0.005,0.15,0.4,12,18,0.9289,1.0129,63.1,587.82,30
10.0,4.0,300.0,100.0,1.0,0.02,0.15,0.4,12,18,0.9401,0.6475,55.1,756.35,30
10.0,4.0,300.0,250.0,1.0,0.02,0.15,0.4,12,18,0.9401,0.6475,55.1,756.35,30
12.0,2.0,800.0,100.0,0.3,0.005,0.15,0.4,12,18,0.9456,1.1789,41.84,117.06,30
12.0,2.0,800.0,250.0,0.3,0.005,0.15,0.4,12,18,0.9456,1.1789,41.84,117.06,30
8.0,2.0,500.0,100.0,0.3,0.05,0.3,0.4,12,18,0.9462,0.9682,43.36,440.89,30
8.0,2.0,500.0,250.0,0.3,0.05,0.3,0.4,12,18,0.9462,0.9682,43.36,440.89,30
12.0,4.0,800.0,100.0,0.3,0.005,0.15,0.4,12,18,0.9476,1.1582,42.52,118.4,30
12.0,4.0,800.0,250.0,0.3,0.005,0.15,0.4,12,18,0.9476,1.1582,42.52,118.4,30
10.0,2.0,800.0,100.0,0.3,0.02,0.3,0.4,12,18,0.949,1.1577,40.63,223.73,30
10.0,2.0,800.0,250.0,0.3,0.02,0.3,0.4,12,18,0.949,1.1577,40.63,223.73,30
8.0,2.0,300.0,100.0,0.3,0.05,0.3,0.4,12,18,0.9847,0.778,43.82,460.89,30
8.0,2.0,300.0,250.0,0.3,0.05,0.3,0.4,12,18,0.9847,0.778,43.82,460.89,30
8.0,6.0,500.0,100.0,0.3,0.05,0.15,0.4,12,18,0.9889,0.8635,198.66,475.32,30
8.0,6.0,500.0,250.0,0.3,0.05,0.15,0.4,12,18,0.9889,0.8635,198.66,475.32,30
10.0,2.0,300.0,100.0,1.0,0.02,0.6,0.4,12,18,1.0167,0.702,55.85,580.81,30
10.0,2.0,300.0,250.0,1.0,0.02,0.6,0.4,12,18,1.0167,0.702,55.85,580.81,30
12.0,2.0,300.0,100.0,1.0,0.02,0.15,0.4,12,18,1.0421,0.5888,45.45,476.03,30
12.0,2.0,300.0,250.0,1.0,0.02,0.15,0.4,12,18,1.0421,0.5888,45.45,476.03,30
12.0,2.0,300.0,100.0,1.0,0.005,0.6,0.4,12,18,1.0426,0.6406,71.8,590.81,30
12.0,2.0,300.0,250.0,1.0,0.005,0.6,0.4,12,18,1.0426,0.6406,71.8,590.81,30
8.0,6.0,500.0,100.0,0.3,0.02,0.6,0.4,12,18,1.0462,0.9329,30.94,615.27,30
8.0,6.0,500.0,250.0,0.3,0.02,0.6,0.4,12,18,1.0462,0.9329,30.94,615.27,30
12.0,4.0,500.0,100.0,1.0,0.02,0.15,0.4,12,18,1.0503,0.777,45.45,478.89,30
12.0,4.0,500.0,250.0,1.0,0.02,0.15,0.4,12,18,1.0503,0.777,45.45,478.89,30
12.0,6.0,800.0,100.0,0.3,0.005,0.15,0.4,12,18,1.0529,1.0875,42.52,397.7,30
12.0,6.0,800.0,250.0,0.3,0.005,0.15,0.4,12,18,1.0529,1.0875,42.52,397.7,30
6.0,6.0,300.0,100.0,0.3,0.05,0.3,0.4,12,18,1.0579,0.8059,223.06,805.91,30
6.0,6.0,300.0,250.0,0.3,0.05,0.3,0.4,12,18,1.0579,0.8059,223.06,805.91,30
12.0,6.0,500.0,100.0,1.0,0.005,0.15,0.4,12,18,1.0709,0.7775,63.57,704.65,30
12.0,6.0,500.0,250.0,1.0,0.005,0.15,0.4,12,18,1.0709,0.7775,63.57,704.65,30
8.0,4.0,500.0,100.0,0.3,0.05,0.3,0.4,12,18,1.0742,0.9235,43.82,568.37,30
8.0,4.0,500.0,250.0,0.3,0.05,0.3,0.4,12,18,1.0742,0.9235,43.82,568.37,30
10.0,4.0,800.0,100.0,0.3,0.02,0.3,0.4,12,18,1.0784,1.1277,40.63,353.06,30
10.0,4.0,800.0,250.0,0.3,0.02,0.3,0.4,12,18,1.0784,1.1277,40.63,353.06,30
12.0,6.0,800.0,100.0,1.0,0.005,0.3,0.4,12,18,1.0941,1.0001,65.62,648.48,30
12.0,6.0,800.0,250.0,1.0,0.005,0.3,0.4,12,18,1.0941,1.0001,65.62,648.48,30
12.0,4.0,500.0,100.0,1.0,0.005,0.6,0.4,12,18,1.1193,0.7886,71.8,667.49,30
12.0,4.0,500.0,250.0,1.0,0.005,0.6,0.4,12,18,1.1193,0.7886,71.8,667.49,30
10.0,6.0,800.0,100.0,0.3,0.02,0.3,0.4,12,18,1.123,1.0523,41.99,396.34,30
10.0,6.0,800.0,250.0,0.3,0.02,0.3,0.4,12,18,1.123,1.0523,41.99,396.34,30
10.0,4.0,300.0,100.0,1.0,0.005,0.6,0.4,12,18,1.1294,0.5847,42.28,750.74,30
10.0,4.0,300.0,250.0,1.0,0.005,0.6,0.4,12,18,1.1294,0.5847,42.28,750.74,30
8.0,6.0,300.0,100.0,0.3,0.05,0.15,0.4,12,18,1.1406,0.6806,198.66,623.04,30
8.0,6.0,300.0,250.0,0.3,0.05,0.15,0.4,12,18,1.1406,0.6806,198.66,623.04,30
10.0,2.0,300.0,100.0,0.3,0.02,0.6,0.4,12,18,1.168,0.7954,44.97,379.73,30
10.0,2.0,300.0,250.0,0.3,0.02,0.6,0.4,12,18,1.168,0.7954,44.97,379.73,30
12.0,4.0,300.0,100.0,1.0,0.005,0.3,0.4,12,18,1.1843,0.6203,66.09,738.21,30
12.0,4.0,300.0,250.0,1.0,0.005,0.3,0.4,12,18,1.1843,0.6203,66.09,738.21,30
8.0,6.0,300.0,100.0,0.3,0.005,0.6,0.4,12,18,1.1848,0.7861,20.45,766.17,30
8.0,6.0,300.0,250.0,0.3,0.005,0.6,0.4,12,18,1.1848,0.7861,20.45,766.17,30
8.0,6.0,500.0,100.0,0.3,0.05,0.3,0.4,12,18,1.1849,0.8842,43.82,672.43,30
8.0,6.0,500.0,250.0,0.3,0.05,0.3,0.4,12,18,1.1849,0.8842,43.82,672.43,30
12.0,2.0,500.0,100.0,0.3,0.005,0.3,0.4,12,18,1.1901,0.9267,23.66,361.73,30
12.0,2.0,500.0,250.0,0.3,0.005,0.3,0.4,12,18,1.1901,0.9267,23.66,361.73,30
12.0,4.0,500.0,100.0,0.3,0.005,0.3,0.4,12,18,1.2007,0.8961,22.99,373.06,30
12.0,4.0,500.0,250.0,0.3,0.005,0.3,0.4,12,18,1.2007,0.8961,22.99,373.06,30
12.0,6.0,500.0,100.0,1.0,0.005,0.3,0.4,12,18,1.2016,0.775,66.09,755.54,30
12.0,6.0,500.0,250.0,1.0,0.005,0.3,0.4,12,18,1.2016,0.775,66.09,755.54,30
12.0,2.0,300.0,100.0,0.3,0.005,0.3,0.4,12,18,1.2252,0.7485,22.99,397.54,30
12.0,2.0,300.0,250.0,0.3,0.005,0.3,0.4,12,18,1.2252,0.7485,22.99,397.54,30
12.0,2.0,300.0,100.0,0.3,0.005,0.6,0.4,12,18,1.2275,0.7715,25.46,378.72,30
12.0,2.0,300.0,250.0,0.3,0.005,0.6,0.4,12,18,1.2275,0.7715,25.46,378.72,30
12.0,2.0,500.0,100.0,0.3,0.02,0.15,0.4,12,18,1.2388,0.8908,28.6,43.51,30
12.0,2.0,500.0,250.0,0.3,0.02,0.15,0.4,12,18,1.2388,0.8908,28.6,43.51,30
12.0,2.0,300.0,100.0,1.0,0.02,0.3,0.4,12,18,1.246,0.596,33.94,385.39,30
12.0,2.0,300.0,250.0,1.0,0.02,0.3,0.4,12,18,1.246,0.596,33.94,385.39,30
10.0,6.0,500.0,100.0,0.3,0.02,0.3,0.4,12,18,1.263,0.8743,41.79,512.55,30
10.0,6.0,500.0,250.0,0.3,0.02,0.3,0.4,12,18,1.263,0.8743,41.79,512.55,30
12.0,4.0,500.0,100.0,0.3,0.02,0.15,0.4,12,18,1.2889,0.8589,28.6,195.66,30
12.0,4.0,500.0,250.0,0.3,0.02,0.15,0.4,12,18,1.2889,0.8589,28.6,195.66,30
10.0,6.0,500.0,100.0,0.3,0.005,0.6,0.4,12,18,1.2904,0.9058,20.99,499.45,30
10.0,6.0,500.0,250.0,0.3,0.005,0.6,0.4,12,18,1.2904,0.9058,20.99,499.45,30
12.0,2.0,500.0,100.0,0.3,0.02,0.3,0.4,12,18,1.2953,0.9213,27.12,162.84,30
12.0,2.0,500.0,250.0,0.3,0.02,0.3,0.4,12,18,1.2953,0.9213,27.12,162.84,30
12.0,4.0,300.0,100.0,0.3,0.005,0.3,0.4,12,18,1.3119,0.7186,22.99,436.93,30
12.0,4.0,300.0,250.0,0.3,0.005,0.3,0.4,12,18,1.3119,0.7186,22.99,436.93,30
8.0,6.0,300.0,100.0,0.3,0.05,0.3,0.4,12,18,1.3199,0.7086,43.82,776.09,30
8.0,6.0,300.0,250.0,0.3,0.05,0.3,0.4,12,18,1.3199,0.7086,43.82,776.09,30
12.0,4.0,300.0,100.0,0.3,0.02,0.15,0.4,12,18,1.3238,0.6758,28.4,212.06,30
12.0,4.0,300.0,250.0,0.3,0.02,0.15,0.4,12,18,1.3238,0.6758,28.4,212.06,30
10.0,2.0,500.0,100.0,0.3,0.05,0.15,0.4,12,18,1.3351,0.8731,28.23,43.51,30
10.0,2.0,500.0,250.0,0.3,0.05,0.15,0.4,12,18,1.3351,0.8731,28.23,43.51,30
12.0,4.0,500.0,100.0,0.3,0.02,0.3,0.4,12,18,1.3372,0.8792,27.59,204.99,30
12.0,4.0,500.0,250.0,0.3,0.02,0.3,0.4,12,18,1.3372,0.8792,27.59,204.99,30
12.0,2.0,300.0,100.0,0.3,0.02,0.3,0.4,12,18,1.3409,0.7382,26.92,191.32,30
12.0,2.0,300.0,250.0,0.3,0.02,0.3,0.4,12,18,1.3409,0.7382,26.92,191.32,30
10.0,6.0,300.0,100.0,0.3,0.005,0.6,0.4,12,18,1.3493,0.7299,20.99,551.6,30
10.0,6.0,300.0,250.0,0.3,0.005,0.6,0.4,12,18,1.3493,0.7299,20.99,551.6,30
12.0,6.0,500.0,100.0,0.3,0.02,0.15,0.4,12,18,1.3508,0.8268,29.07,233.05,30
12.0,6.0,500.0,250.0,0.3,0.02,0.15,0.4,12,18,1.3508,0.8268,29.07,233.05,30
10.0,4.0,300.0,100.0,0.3,0.02,0.6,0.4,12,18,1.3572,0.7398,44.97,538.88,30
10.0,4.0,300.0,250.0,0.3,0.02,0.6,0.4,12,18,1.3572,0.7398,44.97,538.88,30
10.0,4.0,500.0,100.0,0.3,0.05,0.15,0.4,12,18,1.3632,0.8492,28.23,172.99,30
10.0,4.0,500.0,250.0,0.3,0.05,0.15,0.4,12,18,1.3632,0.8492,28.23,172.99,30
12.0,6.0,500.0,100.0,0.3,0.005,0.3,0.4,12,18,1.3703,0.8529,22.99,496.6,30
12.0,6.0,500.0,250.0,0.3,0.005,0.3,0.4,12,18,1.3703,0.8529,22.99,496.6,30
12.0,6.0,500.0,100.0,1.0,0.02,0.3,0.4,12,18,1.3727,0.7167,33.94,512.12,30
12.0,6.0,500.0,250.0,1.0,0.02,0.3,0.4,12,18,1.3727,0.7167,33.94,512.12,30
12.0,6.0,500.0,100.0,0.3,0.02,0.3,0.4,12,18,1.3853,0.848,27.59,229.05,30
12.0,6.0,500.0,250.0,0.3,0.02,0.3,0.4,12,18,1.3853,0.848,27.59,229.05,30
10.0,6.0,300.0,100.0,0.3,0.02,0.3,0.4,12,18,1.3887,0.7054,41.12,642.27,30
10.0,6.0,300.0,250.0,0.3,0.02,0.3,0.4,12,18,1.3887,0.7054,41.12,642.27,30
12.0,6.0,300.0,100.0,0.3,0.02,0.15,0.4,12,18,1.4127,0.652,27.94,286.1,30
12.0,6.0,300.0,250.0,0.3,0.02,0.15,0.4,12,18,1.4127,0.652,27.94,286.1,30
10.0,6.0,500.0,100.0,0.3,0.05,0.15,0.4,12,18,1.4239,0.8279,28.23,214.37,30
10.0,6.0,500.0,250.0,0.3,0.05,0.15,0.4,12,18,1.4239,0.8279,28.23,214.37,30
12.0,4.0,500.0,100.0,0.3,0.02,0.6,0.4,12,18,1.4525,0.8512,28.25,217.57,30
12.0,4.0,500.0,250.0,0.3,0.02,0.6,0.4,12,18,1.4525,0.8512,28.25,217.57,30
12.0,6.0,300.0,100.0,0.3,0.005,0.3,0.4,12,18,1.4633,0.6853,22.99,599.6,30
12.0,6.0,300.0,250.0,0.3,0.005,0.3,0.4,12,18,1.4633,0.6853,22.99,599.6,30
10.0,6.0,300.0,100.0,0.3,0.05,0.15,0.4,12,18,1.4757,0.6523,28.23,236.75,30
10.0,6.0,300.0,250.0,0.3,0.05,0.15,0.4,12,18,1.4757,0.6523,28.23,236.75,30
12.0,6.0,300.0,100.0,0.3,0.02,0.3,0.4,12,18,1.4944,0.677,26.92,324.77,30
12.0,6.0,300.0,250.0,0.3,0.02,0.3,0.4,12,18,1.4944,0.677,26.92,324.77,30
12.0,4.0,300.0,100.0,0.3,0.02,0.6,0.4,12,18,1.519,0.6776,28.25,284.04,30
12.0,4.0,300.0,250.0,0.3,0.02,0.6,0.4,12,18,1.519,0.6776,28.25,284.04,30
12.0,6.0,300.0,100.0,0.3,0.02,0.6,0.4,12,18,1.5456,0.6416,28.25,310.71,30
12.0,6.0,300.0,250.0,0.3,0.02,0.6,0.4,12,18,1.5456,0.6416,28.25,310.71,30
10.0,4.0,300.0,100.0,0.3,0.05,0.3,0.4,12,18,1.5546,0.7019,33.24,271.98,30
10.0,4.0,300.0,250.0,0.3,0.05,0.3,0.4,12,18,1.5546,0.7019,33.24,271.98,30
6.0,2.0,800.0,100.0,1.0,0.05,0.15,0.3667,11,19,0.2206,1.3813,86.12,144.5,30
6.0,2.0,800.0,250.0,1.0,0.05,0.15,0.3667,11,19,0.2206,1.3813,86.12,144.5,30
6.0,4.0,800.0,100.0,1.0,0.05,0.15,0.3667,11,19,0.3457,1.3071,85.06,413.99,30
6.0,4.0,800.0,250.0,1.0,0.05,0.15,0.3667,11,19,0.3457,1.3071,85.06,413.99,30
6.0,2.0,800.0,100.0,0.3,0.05,0.6,0.3667,11,19,0.3811,1.2731,44.64,206.48,30
6.0,2.0,800.0,250.0,0.3,0.05,0.6,0.3667,11,19,0.3811,1.2731,44.64,206.48,30
6.0,2.0,500.0,100.0,1.0,0.05,0.3,0.3667,11,19,0.4087,1.0921,49.49,378.58,30
6.0,2.0,500.0,250.0,1.0,0.05,0.3,0.3667,11,19,0.4087,1.0921,49.49,378.58,30
10.0,2.0,800.0,100.0,1.0,0.02,0.3,0.3667,11,19,0.4616,1.1996,52.47,237.15,30
10.0,2.0,800.0,250.0,1.0,0.02,0.3,0.3667,11,19,0.4616,1.1996,52.47,237.15,30
6.0,6.0,800.0,100.0,1.0,0.05,0.15,0.3667,11,19,0.5051,1.2251,237.06,584.67,30
6.0,6.0,800.0,250.0,1.0,0.05,0.15,0.3667,11,19,0.5051,1.2251,237.06,584.67,30
10.0,4.0,800.0,100.0,1.0,0.02,0.3,0.3667,11,19,0.5769,1.1356,53.82,351.15,30
10.0,4.0,800.0,250.0,1.0,0.02,0.3,0.3667,11,19,0.5769,1.1356,53.82,351.15,30
6.0,4.0,800.0,100.0,0.3,0.05,0.6,0.3667,11,19,0.5864,1.2098,44.64,411.15,30
6.0,4.0,800.0,250.0,0.3,0.05,0.6,0.3667,11,19,0.5864,1.2098,44.64,411.15,30
6.0,2.0,500.0,100.0,0.3,0.05,0.6,0.3667,11,19,0.5976,1.0583,43.77,422.48,30
6.0,2.0,500.0,250.0,0.3,0.05,0.6,0.3667,11,19,0.5976,1.0583,43.77,422.48,30
10.0,2.0,800.0,100.0,1.0,0.02,0.6,0.3667,11,19,0.647,1.1476,54.5,212.48,30
10.0,2.0,800.0,250.0,1.0,0.02,0.6,0.3667,11,19,0.647,1.1476,54.5,212.48,30
6.0,4.0,300.0,100.0,1.0,0.05,0.15,0.3667,11,19,0.6787,0.7601,163.87,857.87,30
6.0,4.0,300.0,250.0,1.0,0.05,0.15,0.3667,11,19,0.6787,0.7601,163.87,857.87,30
8.0,2.0,500.0,100.0,1.0,0.05,0.15,0.3667,11,19,0.6833,0.9193,60.16,533.82,30
8.0,2.0,500.0,250.0,1.0,0.05,0.15,0.3667,11,19,0.6833,0.9193,60.16,533.82,30
6.0,4.0,500.0,100.0,1.0,0.05,0.3,0.3667,11,19,0.6907,1.0087,49.49,689.25,30
6.0,4.0,500.0,250.0,1.0,0.05,0.3,0.3667,11,19,0.6907,1.0087,49.49,689.25,30
8.0,2.0,800.0,100.0,0.3,0.05,0.3,0.3667,11,19,0.7336,1.1622,46.02,124.89,30
8.0,2.0,800.0,250.0,0.3,0.05,0.3,0.3667,11,19,0.7336,1.1622,46.02,124.89,30
8.0,4.0,500.0,100.0,1.0,0.05,0.15,0.3667,11,19,0.7353,0.8586,60.16,565.82,30
8.0,4.0,500.0,250.0,1.0,0.05,0.15,0.3667,11,19,0.7353,0.8586,60.16,565.82,30
12.0,2.0,800.0,100.0,1.0,0.005,0.6,0.3667,11,19,0.7576,1.047,71.8,305.82,30
12.0,2.0,800.0,250.0,1.0,0.005,0.6,0.3667,11,19,0.7576,1.047,71.8,305.82,30
12.0,2.0,800.0,100.0,1.0,0.02,0.15,0.3667,11,19,0.7747,1.0647,45.65,227.06,30
12.0,2.0,800.0,250.0,1.0,0.02,0.15,0.3667,11,19,0.7747,1.0647,45.65,227.06,30
6.0,6.0,800.0,100.0,0.3,0.05,0.6,0.3667,11,19,0.7871,1.1498,44.64,596.5,30
6.0,6.0,800.0,250.0,0.3,0.05,0.6,0.3667,11,19,0.7871,1.1498,44.64,596.5,30
12.0,4.0,800.0,100.0,1.0,0.02,0.15,0.3667,11,19,0.7899,1.0352,45.65,242.22,30
12.0,4.0,800.0,250.0,1.0,0.02,0.15,0.3667,11,19,0.7899,1.0352,45.65,242.22,30
6.0,4.0,500.0,100.0,0.3,0.05,0.6,0.3667,11,19,0.7943,1.0069,43.1,601.83,30
6.0,4.0,500.0,250.0,0.3,0.05,0.6,0.3667,11,19,0.7943,1.0069,43.1,601.83,30
6.0,4.0,300.0,100.0,1.0,0.05,0.3,0.3667,11,19,0.7967,0.7447,74.34,762.31,30
6.0,4.0,300.0,250.0,1.0,0.05,0.3,0.3667,11,19,0.7967,0.7447,74.34,762.31,30
6.0,6.0,300.0,100.0,1.0,0.05,0.15,0.3667,11,19,0.8114,0.7174,319.87,855.29,30
6.0,6.0,300.0,250.0,1.0,0.05,0.15,0.3667,11,19,0.8114,0.7174,319.87,855.29,30
10.0,4.0,800.0,100.0,1.0,0.02,0.6,0.3667,11,19,0.845,1.037,57.85,407.82,30
10.0,4.0,800.0,250.0,1.0,0.02,0.6,0.3667,11,19,0.845,1.037,57.85,407.82,30
10.0,6.0,800.0,100.0,1.0,0.02,0.3,0.3667,11,19,0.871,1.0503,207.15,479.15,30
10.0,6.0,800.0,250.0,1.0,0.02,0.3,0.3667,11,19,0.871,1.0503,207.15,479.15,30
12.0,4.0,800.0,100.0,1.0,0.005,0.6,0.3667,11,19,0.9023,0.9883,71.8,450.48,30
12.0,4.0,800.0,250.0,1.0,0.005,0.6,0.3667,11,19,0.9023,0.9883,71.8,450.48,30
6.0,6.0,500.0,100.0,0.3,0.05,0.6,0.3667,11,19,0.913,0.9356,81.55,713.88,30
6.0,6.0,500.0,250.0,0.3,0.05,0.6,0.3667,11,19,0.913,0.9356,81.55,713.88,30
8.0,6.0,500.0,100.0,1.0,0.005,0.6,0.3667,11,19,0.9169,0.8516,24.55,705.76,30
8.0,6.0,500.0,250.0,1.0,0.005,0.6,0.3667,11,19,0.9169,0.8516,24.55,705.76,30
10.0,6.0,500.0,100.0,1.0,0.02,0.15,0.3667,11,19,0.9226,0.8386,55.1,728.97,30
10.0,6.0,500.0,250.0,1.0,0.02,0.15,0.3667,11,19,0.9226,0.8386,55.1,728.97,30
8.0,6.0,300.0,100.0,1.0,0.005,0.3,0.3667,11,19,0.9628,0.6955,24.65,1019.03,30
8.0,6.0,300.0,250.0,1.0,0.005,0.3,0.3667,11,19,0.9628,0.6955,24.65,1019.03,30
8.0,4.0,800.0,100.0,0.3,0.05,0.3,0.3667,11,19,0.9729,1.1256,46.02,465.55,30
8.0,4.0,800.0,250.0,0.3,0.05,0.3,0.3667,11,19,0.9729,1.1256,46.02,465.55,30
10.0,4.0,300.0,100.0,1.0,0.02,0.3,0.3667,11,19,1.0005,0.6418,53.62,765.87,30
10.0,4.0,300.0,250.0,1.0,0.02,0.3,0.3667,11,19,1.0005,0.6418,53.62,765.87,30
8.0,6.0,800.0,100.0,0.3,0.05,0.3,0.3667,11,19,1.0016,1.0709,46.02,478.88,30
8.0,6.0,800.0,250.0,0.3,0.05,0.3,0.3667,11,19,1.0016,1.0709,46.02,478.88,30
10.0,2.0,500.0,100.0,0.3,0.02,0.6,0.3667,11,19,1.0116,0.9656,44.5,241.73,30
10.0,2.0,500.0,250.0,0.3,0.02,0.6,0.3667,11,19,1.0116,0.9656,44.5,241.73,30
8.0,6.0,300.0,100.0,1.0,0.02,0.3,0.3667,11,19,1.0272,0.6546,39.77,1037.85,30
8.0,6.0,300.0,250.0,1.0,0.02,0.3,0.3667,11,19,1.0272,0.6546,39.77,1037.85,30
10.0,6.0,500.0,100.0,1.0,0.02,0.3,0.3667,11,19,1.0318,0.8085,53.62,759.54,30
10.0,6.0,500.0,250.0,1.0,0.02,0.3,0.3667,11,19,1.0318,0.8085,53.62,759.54,30
12.0,2.0,800.0,100.0,0.3,0.005,0.3,0.3667,11,19,1.0454,1.154,22.97,115.73,30
12.0,2.0,800.0,250.0,0.3,0.005,0.3,0.3667,11,19,1.0454,1.154,22.97,115.73,30
10.0,4.0,800.0,100.0,0.3,0.02,0.6,0.3667,11,19,1.0595,1.0822,43.82,290.4,30
10.0,4.0,800.0,250.0,0.3,0.02,0.6,0.3667,11,19,1.0595,1.0822,43.82,290.4,30
10.0,2.0,800.0,100.0,0.3,0.02,0.6,0.3667,11,19,1.0662,1.1842,43.82,195.73,30
10.0,2.0,800.0,250.0,0.3,0.02,0.6,0.3667,11,19,1.0662,1.1842,43.82,195.73,30
12.0,2.0,500.0,100.0,0.3,0.005,0.6,0.3667,11,19,1.0701,0.9714,24.99,240.4,30
12.0,2.0,500.0,250.0,0.3,0.005,0.6,0.3667,11,19,1.0701,0.9714,24.99,240.4,30
10.0,6.0,800.0,100.0,1.0,0.02,0.6,0.3667,11,19,1.071,1.0216,57.85,633.15,30
10.0,6.0,800.0,250.0,1.0,0.02,0.6,0.3667,11,19,1.071,1.0216,57.85,633.15,30
12.0,6.0,800.0,100.0,1.0,0.02,0.15,0.3667,11,19,1.0825,0.9892,198.98,368.24,30
12.0,6.0,800.0,250.0,1.0,0.02,0.15,0.3667,11,19,1.0825,0.9892,198.98,368.24,30
12.0,2.0,800.0,100.0,1.0,0.02,0.3,0.3667,11,19,1.0857,1.003,33.94,225.06,30
12.0,2.0,800.0,250.0,1.0,0.02,0.3,0.3667,11,19,1.0857,1.003,33.94,225.06,30
12.0,6.0,800.0,100.0,1.0,0.005,0.6,0.3667,11,19,1.0876,0.9536,71.8,635.82,30
12.0,6.0,800.0,250.0,1.0,0.005,0.6,0.3667,11,19,1.0876,0.9536,71.8,635.82,30
12.0,4.0,800.0,100.0,1.0,0.02,0.3,0.3667,11,19,1.0883,0.9923,33.94,227.73,30
12.0,4.0,800.0,250.0,1.0,0.02,0.3,0.3667,11,19,1.0883,0.9923,33.94,227.73,30
10.0,4.0,500.0,100.0,1.0,0.02,0.6,0.3667,11,19,1.0927,0.8533,55.85,656.83,30
10.0,4.0,500.0,250.0,1.0,0.02,0.6,0.3667,11,19,1.0927,0.8533,55.85,656.83,30
12.0,2.0,800.0,100.0,0.3,0.005,0.6,0.3667,11,19,1.1254,1.1474,24.3,194.4,30
12.0,2.0,800.0,250.0,0.3,0.005,0.6,0.3667,11,19,1.1254,1.1474,24.3,194.4,30
10.0,6.0,500.0,100.0,1.0,0.005,0.6,0.3667,11,19,1.1314,0.732,42.28,709.1,30
10.0,6.0,500.0,250.0,1.0,0.005,0.6,0.3667,11,19,1.1314,0.732,42.28,709.1,30
10.0,4.0,300.0,100.0,1.0,0.02,0.6,0.3667,11,19,1.1489,0.6263,55.85,756.07,30
10.0,4.0,300.0,250.0,1.0,0.02,0.6,0.3667,11,19,1.1489,0.6263,55.85,756.07,30
12.0,4.0,800.0,100.0,0.3,0.005,0.6,0.3667,11,19,1.1574,1.0507,24.3,226.4,30
12.0,4.0,800.0,250.0,0.3,0.005,0.6,0.3667,11,19,1.1574,1.0507,24.3,226.4,30
10.0,6.0,800.0,100.0,0.3,0.02,0.6,0.3667,11,19,1.1748,1.0555,47.17,403.68,30
10.0,6.0,800.0,250.0,0.3,0.02,0.6,0.3667,11,19,1.1748,1.0555,47.17,403.68,30
12.0,4.0,800.0,100.0,0.3,0.005,0.3,0.3667,11,19,1.1807,1.1267,22.97,353.06,30
12.0,4.0,800.0,250.0,0.3,0.005,0.3,0.3667,11,19,1.1807,1.1267,22.97,353.06,30
12.0,6.0,800.0,100.0,0.3,0.005,0.3,0.3667,11,19,1.1881,1.0714,23.66,359.75,30
12.0,6.0,800.0,250.0,0.3,0.005,0.3,0.3667,11,19,1.1881,1.0714,23.66,359.75,30
10.0,6.0,300.0,100.0,1.0,0.02,0.15,0.3667,11,19,1.1885,0.6078,55.1,994.02,30
10.0,6.0,300.0,250.0,1.0,0.02,0.15,0.3667,11,19,1.1885,0.6078,55.1,994.02,30
12.0,6.0,800.0,100.0,0.3,0.005,0.6,0.3667,11,19,1.192,1.0407,24.3,363.08,30
12.0,6.0,800.0,250.0,0.3,0.005,0.6,0.3667,11,19,1.192,1.0407,24.3,363.08,30
10.0,6.0,500.0,100.0,1.0,0.02,0.6,0.3667,11,19,1.1963,0.7523,55.85,760.43,30
10.0,6.0,500.0,250.0,1.0,0.02,0.6,0.3667,11,19,1.1963,0.7523,55.85,760.43,30
12.0,4.0,300.0,100.0,1.0,0.005,0.15,0.3667,11,19,1.2026,0.5853,63.57,813.06,30
12.0,4.0,300.0,250.0,1.0,0.005,0.15,0.3667,11,19,1.2026,0.5853,63.57,813.06,30
8.0,6.0,300.0,100.0,0.3,0.02,0.6,0.3667,11,19,1.2033,0.7639,30.94,800.98,30
8.0,6.0,300.0,250.0,0.3,0.02,0.6,0.3667,11,19,1.2033,0.7639,30.94,800.98,30
8.0,2.0,300.0,100.0,0.3,0.05,0.6,0.3667,11,19,1.2077,0.779,188.6,273.06,30
8.0,2.0,300.0,250.0,0.3,0.05,0.6,0.3667,11,19,1.2077,0.779,188.6,273.06,30
12.0,4.0,300.0,100.0,1.0,0.02,0.15,0.3667,11,19,1.2215,0.5629,45.45,625.42,30
12.0,4.0,300.0,250.0,1.0,0.02,0.15,0.3667,11,19,1.2215,0.5629,45.45,625.42,30
12.0,4.0,300.0,100.0,1.0,0.005,0.6,0.3667,11,19,1.2222,0.5389,71.8,789.4,30
12.0,4.0,300.0,250.0,1.0,0.005,0.6,0.3667,11,19,1.2222,0.5389,71.8,789.4,30
12.0,4.0,500.0,100.0,0.3,0.005,0.6,0.3667,11,19,1.2292,0.9159,25.46,379.12,30
12.0,4.0,500.0,250.0,0.3,0.005,0.6,0.3667,11,19,1.2292,0.9159,25.46,379.12,30
10.0,6.0,300.0,100.0,1.0,0.005,0.3,0.3667,11,19,1.2353,0.638,41.17,1032.51,30
10.0,6.0,300.0,250.0,1.0,0.005,0.3,0.3667,11,19,1.2353,0.638,41.17,1032.51,30
12.0,2.0,800.0,100.0,0.3,0.02,0.15,0.3667,11,19,1.2381,1.0901,27.92,43.51,30
12.0,2.0,800.0,250.0,0.3,0.02,0.15,0.3667,11,19,1.2381,1.0901,27.92,43.51,30
12.0,4.0,800.0,100.0,0.3,0.02,0.15,0.3667,11,19,1.2394,1.0641,29.27,43.51,30
12.0,4.0,800.0,250.0,0.3,0.02,0.15,0.3667,11,19,1.2394,1.0641,29.27,43.51,30
10.0,4.0,500.0,100.0,0.3,0.02,0.6,0.3667,11,19,1.2527,0.896,44.97,461.07,30
10.0,4.0,500.0,250.0,0.3,0.02,0.6,0.3667,11,19,1.2527,0.896,44.97,461.07,30
12.0,6.0,800.0,100.0,0.3,0.02,0.15,0.3667,11,19,1.2561,1.0208,29.27,162.19,30
12.0,6.0,800.0,250.0,0.3,0.02,0.15,0.3667,11,19,1.2561,1.0208,29.27,162.19,30
12.0,6.0,800.0,100.0,1.0,0.02,0.3,0.3667,11,19,1.2737,0.9357,33.94,413.08,30
12.0,6.0,800.0,250.0,1.0,0.02,0.3,0.3667,11,19,1.2737,0.9357,33.94,413.08,30
12.0,6.0,800.0,100.0,0.3,0.02,0.3,0.3667,11,19,1.2966,1.0233,27.79,163.51,30
12.0,6.0,800.0,250.0,0.3,0.02,0.3,0.3667,11,19,1.2966,1.0233,27.79,163.51,30
12.0,6.0,300.0,100.0,1.0,0.005,0.15,0.3667,11,19,1.2995,0.5682,63.57,904.62,30
12.0,6.0,300.0,250.0,1.0,0.005,0.15,0.3667,11,19,1.2995,0.5682,63.57,904.62,30
12.0,4.0,300.0,100.0,1.0,0.02,0.3,0.3667,11,19,1.3214,0.5521,33.94,503.78,30
12.0,4.0,300.0,250.0,1.0,0.02,0.3,0.3667,11,19,1.3214,0.5521,33.94,503.78,30
10.0,2.0,800.0,100.0,0.3,0.05,0.15,0.3667,11,19,1.3359,1.0599,29.77,43.51,30
10.0,2.0,800.0,250.0,0.3,0.05,0.15,0.3667,11,19,1.3359,1.0599,29.77,43.51,30
10.0,4.0,800.0,100.0,0.3,0.05,0.15,0.3667,11,19,1.3366,1.0439,29.77,43.51,30
10.0,4.0,800.0,250.0,0.3,0.05,0.15,0.3667,11,19,1.3366,1.0439,29.77,43.51,30
12.0,2.0,500.0,100.0,1.0,0.02,0.6,0.3667,11,19,1.3377,0.7764,34.83,79.55,30
12.0,2.0,500.0,250.0,1.0,0.02,0.6,0.3667,11,19,1.3377,0.7764,34.83,79.55,30
8.0,4.0,300.0,100.0,0.3,0.05,0.6,0.3667,11,19,1.3395,0.7235,40.6,526.22,30
8.0,4.0,300.0,250.0,0.3,0.05,0.6,0.3667,11,19,1.3395,0.7235,40.6,526.22,30
12.0,6.0,300.0,100.0,1.0,0.02,0.15,0.3667,11,19,1.341,0.533,45.45,740.19,30
12.0,6.0,300.0,250.0,1.0,0.02,0.15,0.3667,11,19,1.341,0.533,45.45,740.19,30
10.0,6.0,800.0,100.0,0.3,0.05,0.15,0.3667,11,19,1.3459,1.0179,29.77,154.18,30
10.0,6.0,800.0,250.0,0.3,0.05,0.15,0.3667,11,19,1.3459,1.0179,29.77,154.18,30
12.0,4.0,300.0,100.0,0.3,0.005,0.6,0.3667,11,19,1.3731,0.7304,25.46,495.6,30
12.0,4.0,300.0,250.0,0.3,0.005,0.6,0.3667,11,19,1.3731,0.7304,25.46,495.6,30
12.0,2.0,800.0,100.0,0.3,0.02,0.3,0.3667,11,19,1.3859,1.1073,26.43,152.84,30
12.0,2.0,800.0,250.0,0.3,0.02,0.3,0.3667,11,19,1.3859,1.1073,26.43,152.84,30
12.0,2.0,800.0,100.0,0.3,0.02,0.6,0.3667,11,19,1.3866,1.1086,27.79,152.18,30
12.0,2.0,800.0,250.0,0.3,0.02,0.6,0.3667,11,19,1.3866,1.1086,27.79,152.18,30
12.0,4.0,800.0,100.0,0.3,0.02,0.3,0.3667,11,19,1.3866,1.0759,26.43,153.51,30
12.0,4.0,800.0,250.0,0.3,0.02,0.3,0.3667,11,19,1.3866,1.0759,26.43,153.51,30
12.0,4.0,800.0,100.0,0.3,0.02,0.6,0.3667,11,19,1.3886,1.0506,27.79,154.18,30
12.0,4.0,800.0,250.0,0.3,0.02,0.6,0.3667,11,19,1.3886,1.0506,27.79,154.18,30
10.0,6.0,500.0,100.0,0.3,0.02,0.6,0.3667,11,19,1.3959,0.8565,44.97,579.55,30
10.0,6.0,500.0,250.0,0.3,0.02,0.6,0.3667,11,19,1.3959,0.8565,44.97,579.55,30
12.0,2.0,500.0,100.0,0.3,0.02,0.6,0.3667,11,19,1.3966,0.906,27.79,162.18,30
12.0,2.0,500.0,250.0,0.3,0.02,0.6,0.3667,11,19,1.3966,0.906,27.79,162.18,30
10.0,2.0,500.0,100.0,0.3,0.05,0.3,0.3667,11,19,1.3989,0.8776,32.77,163.51,30
10.0,2.0,500.0,250.0,0.3,0.05,0.3,0.3667,11,19,1.3989,0.8776,32.77,163.51,30
12.0,6.0,800.0,100.0,0.3,0.02,0.6,0.3667,11,19,1.4046,1.0086,27.79,170.19,30
12.0,6.0,800.0,250.0,0.3,0.02,0.6,0.3667,11,19,1.4046,1.0086,27.79,170.19,30
10.0,2.0,300.0,100.0,0.3,0.05,0.3,0.3667,11,19,1.4449,0.7336,33.24,191.66,30
10.0,2.0,300.0,250.0,0.3,0.05,0.3,0.3667,11,19,1.4449,0.7336,33.24,191.66,30
10.0,6.0,300.0,100.0,0.3,0.02,0.6,0.3667,11,19,1.4492,0.7038,44.97,626.21,30
10.0,6.0,300.0,250.0,0.3,0.02,0.6,0.3667,11,19,1.4492,0.7038,44.97,626.21,30
12.0,6.0,300.0,100.0,0.3,0.005,0.6,0.3667,11,19,1.4657,0.6931,25.46,583.6,30
12.0,6.0,300.0,250.0,0.3,0.005,0.6,0.3667,11,19,1.4657,0.6931,25.46,583.6,30
10.0,4.0,500.0,100.0,0.3,0.05,0.3,0.3667,11,19,1.4896,0.8429,181.24,79.66,30
10.0,4.0,500.0,250.0,0.3,0.05,0.3,0.3667,11,19,1.4896,0.8429,181.24,79.66,30
12.0,6.0,500.0,100.0,0.3,0.02,0.6,0.3667,11,19,1.5123,0.8136,28.25,277.38,30
12.0,6.0,500.0,250.0,0.3,0.02,0.6,0.3667,11,19,1.5123,0.8136,28.25,277.38,30
12.0,4.0,300.0,100.0,0.3,0.05,0.15,0.3667,11,19,1.5146,0.5952,23.9,209.98,30
12.0,4.0,300.0,250.0,0.3,0.05,0.15,0.3667,11,19,1.5146,0.5952,23.9,209.98,30
10.0,6.0,500.0,100.0,0.3,0.05,0.3,0.3667,11,19,1.5489,0.8136,33.24,267.03,30
10.0,6.0,500.0,250.0,0.3,0.05,0.3,0.3667,11,19,1.5489,0.8136,33.24,267.03,30
12.0,2.0,300.0,100.0,0.3,0.05,0.15,0.3667,11,19,1.5646,0.6112,23.9,177.32,30
12.0,2.0,300.0,250.0,0.3,0.05,0.15,0.3667,11,19,1.5646,0.6112,23.9,177.32,30
10.0,6.0,300.0,100.0,0.3,0.05,0.3,0.3667,11,19,1.5786,0.6746,33.24,290.03,30
10.0,6.0,300.0,250.0,0.3,0.05,0.3,0.3667,11,19,1.5786,0.6746,33.24,290.03,30
10.0,2.0,300.0,100.0,0.3,0.05,0.6,0.3667,11,19,1.6327,0.7121,29.41,0.0,30
10.0,2.0,300.0,250.0,0.3,0.05,0.6,0.3667,11,19,1.6327,0.7121,29.41,0.0,30
10.0,4.0,300.0,100.0,0.3,0.05,0.6,0.3667,11,19,1.6759,0.6666,29.41,43.18,30
10.0,4.0,300.0,250.0,0.3,0.05,0.6,0.3667,11,19,1.6759,0.6666,29.41,43.18,30
12.0,2.0,500.0,100.0,0.3,0.05,0.3,0.3667,11,19,1.7702,0.8009,16.91,0.0,30
12.0,2.0,500.0,250.0,0.3,0.05,0.3,0.3667,11,19,1.7702,0.8009,16.91,0.0,30
12.0,2.0,300.0,100.0,0.3,0.05,0.3,0.3667,11,19,1.7707,0.6327,17.38,0.0,30
12.0,2.0,300.0,250.0,0.3,0.05,0.3,0.3667,11,19,1.7707,0.6327,17.38,0.0,30
12.0,6.0,500.0,100.0,0.3,0.05,0.3,0.3667,11,19,1.7707,0.7574,17.38,0.0,30
12.0,6.0,500.0,250.0,0.3,0.05,0.3,0.3667,11,19,1.7707,0.7574,17.38,0.0,30
12.0,4.0,500.0,100.0,0.3,0.05,0.3,0.3667,11,19,1.7714,0.778,18.05,0.0,30
12.0,4.0,500.0,250.0,0.3,0.05,0.3,0.3667,11,19,1.7714,0.778,18.05,0.0,30
12.0,4.0,300.0,100.0,0.3,0.05,0.3,0.3667,11,19,1.7724,0.6077,17.38,1.66,30
12.0,4.0,300.0,250.0,0.3,0.05,0.3,0.3667,11,19,1.7724,0.6077,17.38,1.66,30
12.0,2.0,300.0,100.0,0.3,0.05,0.6,0.3667,11,19,1.7784,0.6318,25.1,0.0,30
12.0,2.0,300.0,250.0,0.3,0.05,0.6,0.3667,11,19,1.7784,0.6318,25.1,0.0,30
12.0,4.0,300.0,100.0,0.3,0.05,0.6,0.3667,11,19,1.7794,0.6114,25.1,0.99,30
12.0,4.0,300.0,250.0,0.3,0.05,0.6,0.3667,11,19,1.7794,0.6114,25.1,0.99,30
12.0,6.0,500.0,100.0,0.3,0.05,0.6,0.3667,11,19,1.8418,0.6998,25.1,0.0,30
12.0,6.0,500.0,250.0,0.3,0.05,0.6,0.3667,11,19,1.8418,0.6998,25.1,0.0,30
6.0,2.0,800.0,100.0,1.0,0.05,0.3,0.3333,10,20,0.3116,1.3709,49.69,236.58,30
6.0,2.0,800.0,250.0,1.0,0.05,0.3,0.3333,10,20,0.3116,1.3709,49.69,236.58,30
6.0,4.0,800.0,100.0,1.0,0.05,0.3,0.3333,10,20,0.3763,1.3183,49.69,353.92,30
6.0,4.0,800.0,250.0,1.0,0.05,0.3,0.3333,10,20,0.3763,1.3183,49.69,353.92,30
6.0,6.0,800.0,100.0,1.0,0.05,0.3,0.3333,10,20,0.6316,1.2189,50.83,689.91,30
6.0,6.0,800.0,250.0,1.0,0.05,0.3,0.3333,10,20,0.6316,1.2189,50.83,689.91,30
6.0,6.0,500.0,100.0,1.0,0.05,0.15,0.3333,10,20,0.6879,0.9325,147.21,846.48,30
6.0,6.0,500.0,250.0,1.0,0.05,0.15,0.3333,10,20,0.6879,0.9325,147.21,846.48,30
8.0,2.0,300.0,100.0,1.0,0.05,0.15,0.3333,10,20,0.7366,0.6719,59.77,562.81,30
8.0,2.0,300.0,250.0,1.0,0.05,0.15,0.3333,10,20,0.7366,0.6719,59.77,562.81,30
6.0,6.0,300.0,100.0,1.0,0.05,0.3,0.3333,10,20,0.9449,0.7009,143.67,1022.03,30
6.0,6.0,300.0,250.0,1.0,0.05,0.3,0.3333,10,20,0.9449,0.7009,143.67,1022.03,30
8.0,2.0,800.0,100.0,0.3,0.05,0.6,0.3333,10,20,1.0658,1.1592,43.47,197.06,30
8.0,2.0,800.0,250.0,0.3,0.05,0.6,0.3333,10,20,1.0658,1.1592,43.47,197.06,30
8.0,2.0,500.0,100.0,0.3,0.05,0.6,0.3333,10,20,1.0743,0.9777,41.94,307.06,30
8.0,2.0,500.0,250.0,0.3,0.05,0.6,0.3333,10,20,1.0743,0.9777,41.94,307.06,30
6.0,6.0,300.0,100.0,0.3,0.05,0.6,0.3333,10,20,1.133,0.763,42.44,952.58,30
6.0,6.0,300.0,250.0,0.3,0.05,0.6,0.3333,10,20,1.133,0.763,42.44,952.58,30
8.0,4.0,800.0,100.0,0.3,0.05,0.6,0.3333,10,20,1.1358,1.0992,43.47,367.73,30
8.0,4.0,800.0,250.0,0.3,0.05,0.6,0.3333,10,20,1.1358,1.0992,43.47,367.73,30
8.0,6.0,800.0,100.0,0.3,0.05,0.6,0.3333,10,20,1.1979,1.0832,191.47,263.08,30
8.0,6.0,800.0,250.0,0.3,0.05,0.6,0.3333,10,20,1.1979,1.0832,191.47,263.08,30
12.0,6.0,500.0,100.0,1.0,0.02,0.15,0.3333,10,20,1.1982,0.7422,45.45,604.04,30
12.0,6.0,500.0,250.0,1.0,0.02,0.15,0.3333,10,20,1.1982,0.7422,45.45,604.04,30
12.0,6.0,500.0,100.0,1.0,0.005,0.6,0.3333,10,20,1.2049,0.6983,71.8,753.12,30
12.0,6.0,500.0,250.0,1.0,0.005,0.6,0.3333,10,20,1.2049,0.6983,71.8,753.12,30
8.0,4.0,500.0,100.0,0.3,0.05,0.6,0.3333,10,20,1.2177,0.9203,189.94,277.08,30
8.0,4.0,500.0,250.0,0.3,0.05,0.6,0.3333,10,20,1.2177,0.9203,189.94,277.08,30
10.0,6.0,300.0,100.0,1.0,0.02,0.3,0.3333,10,20,1.2585,0.5925,53.62,1059.85,30
10.0,6.0,300.0,250.0,1.0,0.02,0.3,0.3333,10,20,1.2585,0.5925,53.62,1059.85,30
8.0,6.0,500.0,100.0,0.3,0.05,0.6,0.3333,10,20,1.3305,0.8665,41.94,517.27,30
8.0,6.0,500.0,250.0,0.3,0.05,0.6,0.3333,10,20,1.3305,0.8665,41.94,517.27,30
12.0,6.0,300.0,100.0,1.0,0.005,0.3,0.3333,10,20,1.376,0.5927,66.09,992.95,30
12.0,6.0,300.0,250.0,1.0,0.005,0.3,0.3333,10,20,1.376,0.5927,66.09,992.95,30
8.0,6.0,300.0,100.0,0.3,0.05,0.6,0.3333,10,20,1.3935,0.6982,40.6,574.93,30
8.0,6.0,300.0,250.0,0.3,0.05,0.6,0.3333,10,20,1.3935,0.6982,40.6,574.93,30
12.0,2.0,500.0,100.0,1.0,0.05,0.15,0.3333,10,20,1.4405,0.7659,53.01,164.18,30
12.0,2.0,500.0,250.0,1.0,0.05,0.15,0.3333,10,20,1.4405,0.7659,53.01,164.18,30
12.0,2.0,500.0,100.0,0.3,0.05,0.15,0.3333,10,20,1.4502,0.7769,23.9,62.99,30
12.0,2.0,500.0,250.0,0.3,0.05,0.15,0.3333,10,20,1.4502,0.7769,23.9,62.99,30
10.0,6.0,800.0,100.0,0.3,0.05,0.3,0.3333,10,20,1.4509,1.0222,183.44,47.49,30
10.0,6.0,800.0,250.0,0.3,0.05,0.3,0.3333,10,20,1.4509,1.0222,183.44,47.49,30
12.0,6.0,300.0,100.0,1.0,0.02,0.3,0.3333,10,20,1.4705,0.5231,33.94,672.2,30
12.0,6.0,300.0,250.0,1.0,0.02,0.3,0.3333,10,20,1.4705,0.5231,33.94,672.2,30
12.0,4.0,500.0,100.0,1.0,0.02,0.6,0.3333,10,20,1.4714,0.7427,34.83,213.23,30
12.0,4.0,500.0,250.0,1.0,0.02,0.6,0.3333,10,20,1.4714,0.7427,34.83,213.23,30
12.0,2.0,300.0,100.0,1.0,0.02,0.6,0.3333,10,20,1.4727,0.602,34.83,214.55,30
12.0,2.0,300.0,250.0,1.0,0.02,0.6,0.3333,10,20,1.4727,0.602,34.83,214.55,30
12.0,6.0,500.0,100.0,0.3,0.005,0.6,0.3333,10,20,1.4824,0.8224,25.46,543.6,30
12.0,6.0,500.0,250.0,0.3,0.005,0.6,0.3333,10,20,1.4824,0.8224,25.46,543.6,30
10.0,2.0,800.0,100.0,0.3,0.05,0.3,0.3333,10,20,1.4916,1.0849,35.44,153.51,30
10.0,2.0,800.0,250.0,0.3,0.05,0.3,0.3333,10,20,1.4916,1.0849,35.44,153.51,30
10.0,4.0,800.0,100.0,0.3,0.05,0.3,0.3333,10,20,1.4923,1.0589,35.44,154.18,30
10.0,4.0,800.0,250.0,0.3,0.05,0.3,0.3333,10,20,1.4923,1.0589,35.44,154.18,30
12.0,4.0,500.0,100.0,1.0,0.05,0.15,0.3333,10,20,1.4959,0.7385,53.01,219.51,30
12.0,4.0,500.0,250.0,1.0,0.05,0.15,0.3333,10,20,1.4959,0.7385,53.01,219.51,30
12.0,6.0,500.0,100.0,0.3,0.05,0.15,0.3333,10,20,1.5129,0.7536,23.9,207.66,30
12.0,6.0,500.0,250.0,0.3,0.05,0.15,0.3333,10,20,1.5129,0.7536,23.9,207.66,30
12.0,4.0,300.0,100.0,1.0,0.02,0.6,0.3333,10,20,1.5183,0.5156,34.83,278.43,30
12.0,4.0,300.0,250.0,1.0,0.02,0.6,0.3333,10,20,1.5183,0.5156,34.83,278.43,30
12.0,6.0,300.0,100.0,0.3,0.05,0.15,0.3333,10,20,1.5586,0.5819,23.9,224.04,30
12.0,6.0,300.0,250.0,0.3,0.05,0.15,0.3333,10,20,1.5586,0.5819,23.9,224.04,30
12.0,4.0,500.0,100.0,0.3,0.05,0.15,0.3333,10,20,1.5822,0.7649,23.9,194.99,30
12.0,4.0,500.0,250.0,0.3,0.05,0.15,0.3333,10,20,1.5822,0.7649,23.9,194.99,30
12.0,6.0,500.0,100.0,1.0,0.02,0.6,0.3333,10,20,1.6063,0.641,34.83,284.81,30
12.0,6.0,500.0,250.0,1.0,0.02,0.6,0.3333,10,20,1.6063,0.641,34.83,284.81,30
10.0,4.0,500.0,100.0,0.3,0.05,0.6,0.3333,10,20,1.6334,0.8547,30.08,0.0,30
10.0,4.0,500.0,250.0,0.3,0.05,0.6,0.3333,10,20,1.6334,0.8547,30.08,0.0,30
10.0,6.0,300.0,100.0,0.3,0.05,0.6,0.3333,10,20,1.6946,0.6333,29.41,61.85,30
10.0,6.0,300.0,250.0,0.3,0.05,0.6,0.3333,10,20,1.6946,0.6333,29.41,61.85,30
10.0,6.0,500.0,100.0,0.3,0.05,0.6,0.3333,10,20,1.7416,0.7569,30.08,44.86,30
10.0,6.0,500.0,250.0,0.3,0.05,0.6,0.3333,10,20,1.7416,0.7569,30.08,44.86,30
12.0,6.0,300.0,100.0,0.3,0.05,0.3,0.3333,10,20,1.7737,0.587,17.38,2.99,30
12.0,6.0,300.0,250.0,0.3,0.05,0.3,0.3333,10,20,1.7737,0.587,17.38,2.99,30
12.0,4.0,500.0,100.0,0.3,0.05,0.6,0.3333,10,20,1.7784,0.7824,25.1,0.0,30
12.0,4.0,500.0,250.0,0.3,0.05,0.6,0.3333,10,20,1.7784,0.7824,25.1,0.0,30
12.0,6.0,300.0,100.0,0.3,0.05,0.6,0.3333,10,20,1.7968,0.5708,25.1,18.34,30
12.0,6.0,300.0,250.0,0.3,0.05,0.6,0.3333,10,20,1.7968,0.5708,25.1,18.34,30
8.0,2.0,800.0,100.0,1.0,0.05,0.15,0.3,9,21,0.4101,1.2148,61.03,226.4,30
8.0,2.0,800.0,250.0,1.0,0.05,0.15,0.3,9,21,0.4101,1.2148,61.03,226.4,30
8.0,4.0,800.0,100.0,1.0,0.05,0.15,0.3,9,21,0.5035,1.1608,60.36,320.48,30
8.0,4.0,800.0,250.0,1.0,0.05,0.15,0.3,9,21,0.5035,1.1608,60.36,320.48,30
8.0,2.0,500.0,100.0,1.0,0.05,0.3,0.3,9,21,0.5406,0.934,66.83,341.15,30
8.0,2.0,500.0,250.0,1.0,0.05,0.3,0.3,9,21,0.5406,0.934,66.83,341.15,30
8.0,6.0,800.0,100.0,1.0,0.05,0.15,0.3,9,21,0.7589,1.0855,209.03,483.17,30
8.0,6.0,800.0,250.0,1.0,0.05,0.15,0.3,9,21,0.7589,1.0855,209.03,483.17,30
6.0,6.0,500.0,100.0,1.0,0.05,0.3,0.3,9,21,0.7745,0.9185,113.17,773.78,30
6.0,6.0,500.0,250.0,1.0,0.05,0.3,0.3,9,21,0.7745,0.9185,113.17,773.78,30
8.0,2.0,300.0,100.0,1.0,0.05,0.3,0.3,9,21,0.7756,0.697,66.16,558.14,30
8.0,2.0,300.0,250.0,1.0,0.05,0.3,0.3,9,21,0.7756,0.697,66.16,558.14,30
6.0,6.0,300.0,100.0,1.0,0.005,0.6,0.3,9,21,0.8326,0.8086,114.52,1125.79,30
6.0,6.0,300.0,250.0,1.0,0.005,0.6,0.3,9,21,0.8326,0.8086,114.52,1125.79,30
6.0,6.0,300.0,100.0,1.0,0.02,0.6,0.3,9,21,0.8675,0.7575,122.11,1123.79,30
6.0,6.0,300.0,250.0,1.0,0.02,0.6,0.3,9,21,0.8675,0.7575,122.11,1123.79,30
8.0,4.0,500.0,100.0,1.0,0.05,0.3,0.3,9,21,0.874,0.8633,66.83,653.82,30
8.0,4.0,500.0,250.0,1.0,0.05,0.3,0.3,9,21,0.874,0.8633,66.83,653.82,30
8.0,6.0,500.0,100.0,1.0,0.05,0.15,0.3,9,21,0.8943,0.8177,99.27,724.31,30
8.0,6.0,500.0,250.0,1.0,0.05,0.15,0.3,9,21,0.8943,0.8177,99.27,724.31,30
10.0,2.0,500.0,100.0,1.0,0.05,0.15,0.3,9,21,0.9221,0.8927,84.24,558.48,30
10.0,2.0,500.0,250.0,1.0,0.05,0.15,0.3,9,21,0.9221,0.8927,84.24,558.48,30
8.0,4.0,300.0,100.0,1.0,0.05,0.15,0.3,9,21,0.9268,0.6348,59.77,811.7,30
8.0,4.0,300.0,250.0,1.0,0.05,0.15,0.3,9,21,0.9268,0.6348,59.77,811.7,30
8.0,4.0,300.0,100.0,1.0,0.05,0.3,0.3,9,21,0.9504,0.6397,66.16,717.54,30
8.0,4.0,300.0,250.0,1.0,0.05,0.3,0.3,9,21,0.9504,0.6397,66.16,717.54,30
10.0,2.0,300.0,100.0,1.0,0.05,0.15,0.3,9,21,1.009,0.6511,83.57,627.48,30
10.0,2.0,300.0,250.0,1.0,0.05,0.15,0.3,9,21,1.009,0.6511,83.57,627.48,30
10.0,4.0,500.0,100.0,1.0,0.05,0.15,0.3,9,21,1.0821,0.8334,84.24,659.15,30
10.0,4.0,500.0,250.0,1.0,0.05,0.15,0.3,9,21,1.0821,0.8334,84.24,659.15,30
8.0,6.0,300.0,100.0,1.0,0.05,0.15,0.3,9,21,1.0858,0.5898,115.55,930.68,30
8.0,6.0,300.0,250.0,1.0,0.05,0.15,0.3,9,21,1.0858,0.5898,115.55,930.68,30
8.0,6.0,300.0,100.0,1.0,0.005,0.6,0.3,9,21,1.1173,0.66,24.55,1007.1,30
8.0,6.0,300.0,250.0,1.0,0.005,0.6,0.3,9,21,1.1173,0.66,24.55,1007.1,30
8.0,6.0,300.0,100.0,1.0,0.02,0.6,0.3,9,21,1.1331,0.6464,42.44,1027.62,30
8.0,6.0,300.0,250.0,1.0,0.02,0.6,0.3,9,21,1.1331,0.6464,42.44,1027.62,30
10.0,4.0,300.0,100.0,1.0,0.05,0.15,0.3,9,21,1.2433,0.6126,83.57,849.7,30
10.0,4.0,300.0,250.0,1.0,0.05,0.15,0.3,9,21,1.2433,0.6126,83.57,849.7,30
12.0,2.0,800.0,100.0,1.0,0.02,0.6,0.3,9,21,1.3021,0.9988,35.22,43.55,30
12.0,2.0,800.0,250.0,1.0,0.02,0.6,0.3,9,21,1.3021,0.9988,35.22,43.55,30
10.0,6.0,300.0,100.0,1.0,0.005,0.6,0.3,9,21,1.3315,0.5622,42.28,952.87,30
10.0,6.0,300.0,250.0,1.0,0.005,0.6,0.3,9,21,1.3315,0.5622,42.28,952.87,30
10.0,6.0,300.0,100.0,1.0,0.05,0.15,0.3,9,21,1.3354,0.576,83.57,933.79,30
10.0,6.0,300.0,250.0,1.0,0.05,0.15,0.3,9,21,1.3354,0.576,83.57,933.79,30
12.0,4.0,800.0,100.0,1.0,0.02,0.6,0.3,9,21,1.3948,0.9374,35.22,136.22,30
12.0,4.0,800.0,250.0,1.0,0.02,0.6,0.3,9,21,1.3948,0.9374,35.22,136.22,30
12.0,6.0,300.0,100.0,1.0,0.005,0.6,0.3,9,21,1.4164,0.5031,71.8,1004.26,30
12.0,6.0,300.0,250.0,1.0,0.005,0.6,0.3,9,21,1.4164,0.5031,71.8,1004.26,30
12.0,2.0,800.0,100.0,1.0,0.05,0.15,0.3,9,21,1.4305,1.0145,53.01,154.18,30
12.0,2.0,800.0,250.0,1.0,0.05,0.15,0.3,9,21,1.4305,1.0145,53.01,154.18,30
12.0,4.0,800.0,100.0,1.0,0.05,0.15,0.3,9,21,1.4305,0.9592,53.01,154.18,30
12.0,4.0,800.0,250.0,1.0,0.05,0.15,0.3,9,21,1.4305,0.9592,53.01,154.18,30
12.0,2.0,800.0,100.0,0.3,0.05,0.15,0.3,9,21,1.4329,0.9883,26.1,43.51,30
12.0,2.0,800.0,250.0,0.3,0.05,0.15,0.3,9,21,1.4329,0.9883,26.1,43.51,30
12.0,4.0,800.0,100.0,0.3,0.05,0.15,0.3,9,21,1.4329,0.9763,26.1,43.51,30
12.0,4.0,800.0,250.0,0.3,0.05,0.15,0.3,9,21,1.4329,0.9763,26.1,43.51,30
12.0,2.0,300.0,100.0,1.0,0.05,0.15,0.3,9,21,1.4495,0.5735,53.01,173.17,30
12.0,2.0,300.0,250.0,1.0,0.05,0.15,0.3,9,21,1.4495,0.5735,53.01,173.17,30
12.0,6.0,800.0,100.0,1.0,0.02,0.6,0.3,9,21,1.4581,0.8781,35.22,199.57,30
12.0,6.0,800.0,250.0,1.0,0.02,0.6,0.3,9,21,1.4581,0.8781,35.22,199.57,30
12.0,6.0,800.0,100.0,1.0,0.05,0.15,0.3,9,21,1.4865,0.9245,53.01,210.18,30
12.0,6.0,800.0,250.0,1.0,0.05,0.15,0.3,9,21,1.4865,0.9245,53.01,210.18,30
12.0,6.0,500.0,100.0,1.0,0.05,0.15,0.3,9,21,1.5217,0.699,53.01,245.32,30
12.0,6.0,500.0,250.0,1.0,0.05,0.15,0.3,9,21,1.5217,0.699,53.01,245.32,30
12.0,4.0,300.0,100.0,1.0,0.05,0.15,0.3,9,21,1.5304,0.5377,53.01,254.04,30
12.0,4.0,300.0,250.0,1.0,0.05,0.15,0.3,9,21,1.5304,0.5377,53.01,254.04,30
12.0,6.0,800.0,100.0,0.3,0.05,0.15,0.3,9,21,1.5436,0.9656,26.1,154.18,30
12.0,6.0,800.0,250.0,0.3,0.05,0.15,0.3,9,21,1.5436,0.9656,26.1,154.18,30
12.0,6.0,300.0,100.0,1.0,0.05,0.15,0.3,9,21,1.5705,0.4945,53.01,294.13,30
12.0,6.0,300.0,250.0,1.0,0.05,0.15,0.3,9,21,1.5705,0.4945,53.01,294.13,30
10.0,2.0,800.0,100.0,0.3,0.05,0.6,0.3,9,21,1.6327,1.0667,29.34,0.0,30
10.0,2.0,800.0,250.0,0.3,0.05,0.6,0.3,9,21,1.6327,1.0667,29.34,0.0,30
10.0,4.0,800.0,100.0,0.3,0.05,0.6,0.3,9,21,1.6327,1.0507,29.34,0.0,30
10.0,4.0,800.0,250.0,0.3,0.05,0.6,0.3,9,21,1.6327,1.0507,29.34,0.0,30
10.0,6.0,800.0,100.0,0.3,0.05,0.6,0.3,9,21,1.6327,1.0073,29.34,0.0,30
10.0,6.0,800.0,250.0,0.3,0.05,0.6,0.3,9,21,1.6327,1.0073,29.34,0.0,30
10.0,2.0,500.0,100.0,0.3,0.05,0.6,0.3,9,21,1.6334,0.8954,30.08,0.0,30
10.0,2.0,500.0,250.0,0.3,0.05,0.6,0.3,9,21,1.6334,0.8954,30.08,0.0,30
12.0,2.0,800.0,100.0,0.3,0.05,0.3,0.3,9,21,1.7702,0.9596,16.91,0.0,30
12.0,2.0,800.0,250.0,0.3,0.05,0.3,0.3,9,21,1.7702,0.9596,16.91,0.0,30
12.0,4.0,800.0,100.0,0.3,0.05,0.3,0.3,9,21,1.7702,0.9569,16.91,0.0,30
12.0,4.0,800.0,250.0,0.3,0.05,0.3,0.3,9,21,1.7702,0.9569,16.91,0.0,30
12.0,6.0,800.0,100.0,0.3,0.05,0.3,0.3,9,21,1.7702,0.9416,16.91,0.0,30
12.0,6.0,800.0,250.0,0.3,0.05,0.3,0.3,9,21,1.7702,0.9416,16.91,0.0,30
12.0,2.0,500.0,100.0,0.3,0.05,0.6,0.3,9,21,1.7784,0.8138,25.1,0.0,30
12.0,2.0,500.0,250.0,0.3,0.05,0.6,0.3,9,21,1.7784,0.8138,25.1,0.0,30
12.0,2.0,800.0,100.0,0.3,0.05,0.6,0.3,9,21,1.7784,0.9644,25.1,0.0,30
12.0,2.0,800.0,250.0,0.3,0.05,0.6,0.3,9,21,1.7784,0.9644,25.1,0.0,30
12.0,4.0,800.0,100.0,0.3,0.05,0.6,0.3,9,21,1.7784,0.9351,25.1,0.0,30
12.0,4.0,800.0,250.0,0.3,0.05,0.6,0.3,9,21,1.7784,0.9351,25.1,0.0,30
12.0,6.0,800.0,100.0,0.3,0.05,0.6,0.3,9,21,1.7784,0.9051,25.1,0.0,30
12.0,6.0,800.0,250.0,0.3,0.05,0.6,0.3,9,21,1.7784,0.9051,25.1,0.0,30
6.0,2.0,500.0,100.0,1.0,0.05,0.6,0.2667,8,22,0.4681,1.0981,54.83,369.92,30
6.0,2.0,500.0,250.0,1.0,0.05,0.6,0.2667,8,22,0.4681,1.0981,54.83,369.92,30
8.0,2.0,800.0,100.0,1.0,0.05,0.3,0.2667,8,22,0.5471,1.1698,64.68,209.15,30
8.0,2.0,800.0,250.0,1.0,0.05,0.3,0.2667,8,22,0.5471,1.1698,64.68,209.15,30
8.0,2.0,500.0,100.0,1.0,0.05,0.6,0.2667,8,22,0.6812,0.9478,70.68,337.15,30
8.0,2.0,500.0,250.0,1.0,0.05,0.6,0.2667,8,22,0.6812,0.9478,70.68,337.15,30
10.0,2.0,800.0,100.0,1.0,0.05,0.15,0.2667,8,22,0.7031,1.1484,84.44,238.66,30
10.0,2.0,800.0,250.0,1.0,0.05,0.15,0.2667,8,22,0.7031,1.1484,84.44,238.66,30
8.0,4.0,800.0,100.0,1.0,0.05,0.3,0.2667,8,22,0.7571,1.1398,64.68,419.13,30
8.0,4.0,800.0,250.0,1.0,0.05,0.3,0.2667,8,22,0.7571,1.1398,64.68,419.13,30
8.0,6.0,800.0,100.0,1.0,0.05,0.3,0.2667,8,22,0.8506,1.0566,68.16,645.81,30
8.0,6.0,800.0,250.0,1.0,0.05,0.3,0.2667,8,22,0.8506,1.0566,68.16,645.81,30
10.0,4.0,800.0,100.0,1.0,0.05,0.15,0.2667,8,22,0.8856,1.1256,84.44,421.15,30
10.0,4.0,800.0,250.0,1.0,0.05,0.15,0.2667,8,22,0.8856,1.1256,84.44,421.15,30
10.0,2.0,500.0,100.0,1.0,0.05,0.3,0.2667,8,22,0.9741,0.8274,94.24,499.82,30
10.0,2.0,500.0,250.0,1.0,0.05,0.3,0.2667,8,22,0.9741,0.8274,94.24,499.82,30
10.0,6.0,800.0,100.0,1.0,0.05,0.15,0.2667,8,22,1.0843,1.0509,84.44,651.83,30
10.0,6.0,800.0,250.0,1.0,0.05,0.15,0.2667,8,22,1.0843,1.0509,84.44,651.83,30
10.0,4.0,500.0,100.0,1.0,0.05,0.3,0.2667,8,22,1.1361,0.7867,94.24,661.82,30
10.0,4.0,500.0,250.0,1.0,0.05,0.3,0.2667,8,22,1.1361,0.7867,94.24,661.82,30
8.0,6.0,300.0,100.0,1.0,0.05,0.3,0.2667,8,22,1.186,0.596,66.16,1040.16,30
8.0,6.0,300.0,250.0,1.0,0.05,0.3,0.2667,8,22,1.186,0.596,66.16,1040.16,30
10.0,6.0,500.0,100.0,1.0,0.05,0.15,0.2667,8,22,1.2259,0.7865,84.24,836.97,30
10.0,6.0,500.0,250.0,1.0,0.05,0.15,0.2667,8,22,1.2259,0.7865,84.24,836.97,30
10.0,6.0,300.0,100.0,1.0,0.02,0.6,0.2667,8,22,1.3624,0.5764,55.85,969.54,30
10.0,6.0,300.0,250.0,1.0,0.02,0.6,0.2667,8,22,1.3624,0.5764,55.85,969.54,30
12.0,6.0,300.0,100.0,1.0,0.02,0.6,0.2667,8,22,1.6351,0.4764,34.83,414.56,30
12.0,6.0,300.0,250.0,1.0,0.02,0.6,0.2667,8,22,1.6351,0.4764,34.83,414.56,30
6.0,2.0,800.0,100.0,1.0,0.05,0.6,0.2333,7,23,0.3479,1.3459,52.68,230.58,30
6.0,2.0,800.0,250.0,1.0,0.05,0.6,0.2333,7,23,0.3479,1.3459,52.68,230.58,30
6.0,4.0,800.0,100.0,1.0,0.05,0.6,0.2333,7,23,0.5434,1.2187,55.49,448.58,30
6.0,4.0,800.0,250.0,1.0,0.05,0.6,0.2333,7,23,0.5434,1.2187,55.49,448.58,30
8.0,2.0,800.0,100.0,1.0,0.05,0.6,0.2333,7,23,0.5511,1.1585,71.34,207.82,30
8.0,2.0,800.0,250.0,1.0,0.05,0.6,0.2333,7,23,0.5511,1.1585,71.34,207.82,30
6.0,2.0,300.0,100.0,1.0,0.05,0.6,0.2333,7,23,0.6957,0.8204,54.83,635.58,30
6.0,2.0,300.0,250.0,1.0,0.05,0.6,0.2333,7,23,0.6957,0.8204,54.83,635.58,30
6.0,6.0,800.0,100.0,1.0,0.05,0.6,0.2333,7,23,0.7227,1.1507,55.49,677.93,30
6.0,6.0,800.0,250.0,1.0,0.05,0.6,0.2333,7,23,0.7227,1.1507,55.49,677.93,30
6.0,4.0,500.0,100.0,1.0,0.05,0.6,0.2333,7,23,0.7497,0.9657,54.83,683.58,30
6.0,4.0,500.0,250.0,1.0,0.05,0.6,0.2333,7,23,0.7497,0.9657,54.83,683.58,30
8.0,4.0,800.0,100.0,1.0,0.05,0.6,0.2333,7,23,0.7611,1.0978,71.34,417.15,30
8.0,4.0,800.0,250.0,1.0,0.05,0.6,0.2333,7,23,0.7611,1.0978,71.34,417.15,30
6.0,4.0,300.0,100.0,1.0,0.05,0.6,0.2333,7,23,0.8258,0.7358,54.16,740.31,30
6.0,4.0,300.0,250.0,1.0,0.05,0.6,0.2333,7,23,0.8258,0.7358,54.16,740.31,30
6.0,6.0,500.0,100.0,1.0,0.05,0.6,0.2333,7,23,0.8384,0.8704,91.94,801.51,30
6.0,6.0,500.0,250.0,1.0,0.05,0.6,0.2333,7,23,0.8384,0.8704,91.94,801.51,30
8.0,2.0,300.0,100.0,1.0,0.05,0.6,0.2333,7,23,0.9402,0.7208,70.01,596.81,30
8.0,2.0,300.0,250.0,1.0,0.05,0.6,0.2333,7,23,0.9402,0.7208,70.01,596.81,30
8.0,6.0,500.0,100.0,1.0,0.05,0.3,0.2333,7,23,0.9417,0.8117,105.94,735.53,30
8.0,6.0,500.0,250.0,1.0,0.05,0.3,0.2333,7,23,0.9417,0.8117,105.94,735.53,30
8.0,6.0,800.0,100.0,1.0,0.05,0.6,0.2333,7,23,0.9778,1.0225,71.34,633.17,30
8.0,6.0,800.0,250.0,1.0,0.05,0.6,0.2333,7,23,0.9778,1.0225,71.34,633.17,30
10.0,2.0,500.0,100.0,1.0,0.05,0.6,0.2333,7,23,0.9781,0.8221,101.57,496.48,30
10.0,2.0,500.0,250.0,1.0,0.05,0.6,0.2333,7,23,0.9781,0.8221,101.57,496.48,30
8.0,4.0,500.0,100.0,1.0,0.05,0.6,0.2333,7,23,0.9955,0.8662,70.68,651.49,30
8.0,4.0,500.0,250.0,1.0,0.05,0.6,0.2333,7,23,0.9955,0.8662,70.68,651.49,30
8.0,6.0,500.0,100.0,1.0,0.05,0.6,0.2333,7,23,1.0476,0.7702,109.12,701.56,30
8.0,6.0,500.0,250.0,1.0,0.05,0.6,0.2333,7,23,1.0476,0.7702,109.12,701.56,30
8.0,4.0,300.0,100.0,1.0,0.05,0.6,0.2333,7,23,1.0489,0.6389,70.01,705.54,30
8.0,4.0,300.0,250.0,1.0,0.05,0.6,0.2333,7,23,1.0489,0.6389,70.01,705.54,30
10.0,2.0,300.0,100.0,1.0,0.05,0.3,0.2333,7,23,1.117,0.6304,94.24,642.81,30
10.0,2.0,300.0,250.0,1.0,0.05,0.3,0.2333,7,23,1.117,0.6304,94.24,642.81,30
10.0,4.0,300.0,100.0,1.0,0.05,0.6,0.2333,7,23,1.2304,0.5084,101.57,748.87,30
10.0,4.0,300.0,250.0,1.0,0.05,0.6,0.2333,7,23,1.2304,0.5084,101.57,748.87,30
10.0,4.0,300.0,100.0,1.0,0.05,0.3,0.2333,7,23,1.2953,0.5759,94.24,821.02,30
10.0,4.0,300.0,250.0,1.0,0.05,0.3,0.2333,7,23,1.2953,0.5759,94.24,821.02,30
10.0,6.0,500.0,100.0,1.0,0.05,0.3,0.2333,7,23,1.3019,0.7293,94.24,827.68,30
10.0,6.0,500.0,250.0,1.0,0.05,0.3,0.2333,7,23,1.3019,0.7293,94.24,827.68,30
10.0,6.0,300.0,100.0,1.0,0.05,0.3,0.2333,7,23,1.3987,0.5367,94.3,967.42,30
10.0,6.0,300.0,250.0,1.0,0.05,0.3,0.2333,7,23,1.3987,0.5367,94.3,967.42,30
12.0,2.0,500.0,100.0,1.0,0.05,0.3,0.2333,7,23,1.5745,0.7545,51.19,0.0,30
12.0,2.0,500.0,250.0,1.0,0.05,0.3,0.2333,7,23,1.5745,0.7545,51.19,0.0,30
12.0,4.0,500.0,100.0,1.0,0.05,0.3,0.2333,7,23,1.5745,0.7212,51.19,0.0,30
12.0,4.0,500.0,250.0,1.0,0.05,0.3,0.2333,7,23,1.5745,0.7212,51.19,0.0,30
12.0,2.0,500.0,100.0,1.0,0.05,0.6,0.2333,7,23,1.6717,0.6097,51.68,0.0,30
12.0,2.0,500.0,250.0,1.0,0.05,0.6,0.2333,7,23,1.6717,0.6097,51.68,0.0,30
10.0,2.0,800.0,100.0,1.0,0.05,0.3,0.2,6,24,0.7754,1.0794,94.24,301.15,30
10.0,2.0,800.0,250.0,1.0,0.05,0.3,0.2,6,24,0.7754,1.0794,94.24,301.15,30
10.0,2.0,800.0,100.0,1.0,0.05,0.6,0.2,6,24,0.7867,1.0574,101.57,305.15,30
10.0,2.0,800.0,250.0,1.0,0.05,0.6,0.2,6,24,0.7867,1.0574,101.57,305.15,30
10.0,4.0,800.0,100.0,1.0,0.05,0.3,0.2,6,24,0.9807,1.0127,94.24,506.48,30
10.0,4.0,800.0,250.0,1.0,0.05,0.3,0.2,6,24,0.9807,1.0127,94.24,506.48,30
10.0,4.0,800.0,100.0,1.0,0.05,0.6,0.2,6,24,1.0087,0.9847,101.57,527.15,30
10.0,4.0,800.0,250.0,1.0,0.05,0.6,0.2,6,24,1.0087,0.9847,101.57,527.15,30
10.0,2.0,300.0,100.0,1.0,0.05,0.6,0.2,6,24,1.1104,0.6171,101.57,628.81,30
10.0,2.0,300.0,250.0,1.0,0.05,0.6,0.2,6,24,1.1104,0.6171,101.57,628.81,30
10.0,6.0,800.0,100.0,1.0,0.05,0.3,0.2,6,24,1.1194,0.9454,94.24,645.17,30
10.0,6.0,800.0,250.0,1.0,0.05,0.3,0.2,6,24,1.1194,0.9454,94.24,645.17,30
10.0,6.0,800.0,100.0,1.0,0.05,0.6,0.2,6,24,1.1207,0.9161,101.57,639.17,30
10.0,6.0,800.0,250.0,1.0,0.05,0.6,0.2,6,24,1.1207,0.9161,101.57,639.17,30
10.0,4.0,500.0,100.0,1.0,0.05,0.6,0.2,6,24,1.1531,0.7531,101.57,671.49,30
10.0,4.0,500.0,250.0,1.0,0.05,0.6,0.2,6,24,1.1531,0.7531,101.57,671.49,30
10.0,6.0,500.0,100.0,1.0,0.05,0.6,0.2,6,24,1.2885,0.6478,101.57,806.92,30
10.0,6.0,500.0,250.0,1.0,0.05,0.6,0.2,6,24,1.2885,0.6478,101.57,806.92,30
10.0,6.0,300.0,100.0,1.0,0.05,0.6,0.2,6,24,1.4368,0.4535,101.57,973.54,30
10.0,6.0,300.0,250.0,1.0,0.05,0.6,0.2,6,24,1.4368,0.4535,101.57,973.54,30
12.0,2.0,800.0,100.0,1.0,0.05,0.3,0.2,6,24,1.5745,0.9579,51.19,0.0,30
12.0,2.0,800.0,250.0,1.0,0.05,0.3,0.2,6,24,1.5745,0.9579,51.19,0.0,30
12.0,4.0,800.0,100.0,1.0,0.05,0.3,0.2,6,24,1.5745,0.9265,51.19,0.0,30
12.0,4.0,800.0,250.0,1.0,0.05,0.3,0.2,6,24,1.5745,0.9265,51.19,0.0,30
12.0,6.0,800.0,100.0,1.0,0.05,0.3,0.2,6,24,1.5745,0.8832,51.19,0.0,30
12.0,6.0,800.0,250.0,1.0,0.05,0.3,0.2,6,24,1.5745,0.8832,51.19,0.0,30
12.0,2.0,300.0,100.0,1.0,0.05,0.3,0.2,6,24,1.5768,0.5522,51.19,2.33,30
12.0,2.0,300.0,250.0,1.0,0.05,0.3,0.2,6,24,1.5768,0.5522,51.19,2.33,30
12.0,6.0,500.0,100.0,1.0,0.05,0.3,0.2,6,24,1.6137,0.661,51.19,39.2,30
12.0,6.0,500.0,250.0,1.0,0.05,0.3,0.2,6,24,1.6137,0.661,51.19,39.2,30
12.0,4.0,300.0,100.0,1.0,0.05,0.3,0.2,6,24,1.6144,0.5044,51.19,39.85,30
12.0,4.0,300.0,250.0,1.0,0.05,0.3,0.2,6,24,1.6144,0.5044,51.19,39.85,30
12.0,6.0,300.0,100.0,1.0,0.05,0.3,0.2,6,24,1.6665,0.4778,51.25,134.25,30
12.0,6.0,300.0,250.0,1.0,0.05,0.3,0.2,6,24,1.6665,0.4778,51.25,134.25,30
12.0,2.0,800.0,100.0,1.0,0.05,0.6,0.2,6,24,1.6717,0.817,51.68,0.0,30
12.0,2.0,800.0,250.0,1.0,0.05,0.6,0.2,6,24,1.6717,0.817,51.68,0.0,30
12.0,4.0,800.0,100.0,1.0,0.05,0.6,0.2,6,24,1.6717,0.7697,51.68,0.0,30
12.0,4.0,800.0,250.0,1.0,0.05,0.6,0.2,6,24,1.6717,0.7697,51.68,0.0,30
12.0,6.0,800.0,100.0,1.0,0.05,0.6,0.2,6,24,1.6717,0.7183,51.68,0.0,30
12.0,6.0,800.0,250.0,1.0,0.05,0.6,0.2,6,24,1.6717,0.7183,51.68,0.0,30
12.0,2.0,300.0,100.0,1.0,0.05,0.6,0.2,6,24,1.674,0.4293,51.68,2.33,30
12.0,2.0,300.0,250.0,1.0,0.05,0.6,0.2,6,24,1.674,0.4293,51.68,2.33,30
12.0,4.0,500.0,100.0,1.0,0.05,0.6,0.2,6,24,1.674,0.5353,51.68,2.33,30
12.0,4.0,500.0,250.0,1.0,0.05,0.6,0.2,6,24,1.674,0.5353,51.68,2.33,30
12.0,6.0,500.0,100.0,1.0,0.05,0.6,0.2,6,24,1.6787,0.4847,51.68,7.04,30
12.0,6.0,500.0,250.0,1.0,0.05,0.6,0.2,6,24,1.6787,0.4847,51.68,7.04,30
12.0,4.0,300.0,100.0,1.0,0.05,0.6,0.2,6,24,1.6807,0.3853,51.68,8.99,30
12.0,4.0,300.0,250.0,1.0,0.05,0.6,0.2,6,24,1.6807,0.3853,51.68,8.99,30
12.0,6.0,300.0,100.0,1.0,0.05,0.6,0.2,6,24,1.7673,0.3373,51.68,95.66,30
12.0,6.0,300.0,250.0,1.0,0.05,0.6,0.2,6,24,1.7673,0.3373,51.68,95.66,30
6.0,6.0,300.0,100.0,1.0,0.05,0.6,0.1667,5,25,1.0068,0.6701,123.49,1049.49,30
6.0,6.0,300.0,250.0,1.0,0.05,0.6,0.1667,5,25,1.0068,0.6701,123.49,1049.49,30
8.0,6.0,300.0,100.0,1.0,0.05,0.6,0.1667,5,25,1.2875,0.5728,69.41,1019.77,30
8.0,6.0,300.0,250.0,1.0,0.05,0.6,0.1667,5,25,1.2875,0.5728,69.41,1019.77,30
