open_margin_db,close_margin_db,peak_open_margin_db,release_ms,hold_ms,pass_rate,passed,failed,mean_missed_speech,mean_false_open,mean_start_delay_ms,mean_early_close_ms,total_scenarios
12.0,3.0,16.0,700.0,100.0,0.5,15,15,0.2121,1.8735,70.92,170.5,30
12.0,3.0,16.0,700.0,200.0,0.5,15,15,0.2121,1.8735,70.92,170.5,30
15.0,3.0,16.0,700.0,100.0,0.5,15,15,0.2121,1.8735,70.92,170.5,30
15.0,3.0,16.0,700.0,200.0,0.5,15,15,0.2121,1.8735,70.92,170.5,30
12.0,5.0,16.0,700.0,100.0,0.5,15,15,0.2358,1.8358,70.92,193.5,30
12.0,5.0,16.0,700.0,200.0,0.5,15,15,0.2358,1.8358,70.92,193.5,30
15.0,5.0,16.0,700.0,100.0,0.5,15,15,0.2358,1.8358,70.92,193.5,30
15.0,5.0,16.0,700.0,200.0,0.5,15,15,0.2358,1.8358,70.92,193.5,30
8.0,7.0,20.0,400.0,100.0,0.5,15,15,0.4672,1.1818,245.92,385.03,30
8.0,7.0,20.0,400.0,200.0,0.5,15,15,0.4672,1.1818,245.92,385.03,30
8.0,5.0,12.0,400.0,100.0,0.4667,14,16,0.1488,2.2941,182.13,310.32,30
8.0,5.0,12.0,400.0,200.0,0.4667,14,16,0.1488,2.2941,182.13,310.32,30
10.0,5.0,12.0,400.0,100.0,0.4667,14,16,0.1488,2.2941,182.13,310.32,30
10.0,5.0,12.0,400.0,200.0,0.4667,14,16,0.1488,2.2941,182.13,310.32,30
12.0,5.0,12.0,400.0,100.0,0.4667,14,16,0.1488,2.2941,182.13,310.32,30
12.0,5.0,12.0,400.0,200.0,0.4667,14,16,0.1488,2.2941,182.13,310.32,30
15.0,5.0,12.0,400.0,100.0,0.4667,14,16,0.1488,2.2941,182.13,310.32,30
15.0,5.0,12.0,400.0,200.0,0.4667,14,16,0.1488,2.2941,182.13,310.32,30
8.0,7.0,12.0,400.0,100.0,0.4667,14,16,0.1802,2.1829,182.13,468.46,30
8.0,7.0,12.0,400.0,200.0,0.4667,14,16,0.1802,2.1829,182.13,468.46,30
10.0,7.0,12.0,400.0,100.0,0.4667,14,16,0.1802,2.1696,182.13,468.46,30
10.0,7.0,12.0,400.0,200.0,0.4667,14,16,0.1802,2.1696,182.13,468.46,30
12.0,7.0,12.0,400.0,100.0,0.4667,14,16,0.1802,2.1696,182.13,468.46,30
12.0,7.0,12.0,400.0,200.0,0.4667,14,16,0.1802,2.1696,182.13,468.46,30
15.0,7.0,12.0,400.0,100.0,0.4667,14,16,0.1802,2.1696,182.13,468.46,30
15.0,7.0,12.0,400.0,200.0,0.4667,14,16,0.1802,2.1696,182.13,468.46,30
12.0,3.0,16.0,400.0,100.0,0.4667,14,16,0.2892,1.5225,248.7,359.32,30
12.0,3.0,16.0,400.0,200.0,0.4667,14,16,0.2892,1.5225,248.7,359.32,30
15.0,3.0,16.0,400.0,100.0,0.4667,14,16,0.2892,1.5225,248.7,359.32,30
15.0,3.0,16.0,400.0,200.0,0.4667,14,16,0.2892,1.5225,248.7,359.32,30
12.0,7.0,16.0,700.0,100.0,0.4667,14,16,0.306,1.7627,70.92,279.99,30
12.0,7.0,16.0,700.0,200.0,0.4667,14,16,0.306,1.7627,70.92,279.99,30
15.0,7.0,16.0,700.0,100.0,0.4667,14,16,0.306,1.7627,70.92,279.99,30
15.0,7.0,16.0,700.0,200.0,0.4667,14,16,0.306,1.7627,70.92,279.99,30
12.0,5.0,16.0,400.0,100.0,0.4667,14,16,0.3263,1.4043,248.7,405.99,30
12.0,5.0,16.0,400.0,200.0,0.4667,14,16,0.3263,1.4043,248.7,405.99,30
15.0,5.0,16.0,400.0,100.0,0.4667,14,16,0.3263,1.4043,248.7,405.99,30
15.0,5.0,16.0,400.0,200.0,0.4667,14,16,0.3263,1.4043,248.7,405.99,30
8.0,7.0,16.0,400.0,100.0,0.4667,14,16,0.3442,1.4749,245.41,474.46,30
8.0,7.0,16.0,400.0,200.0,0.4667,14,16,0.3442,1.4749,245.41,474.46,30
10.0,7.0,16.0,400.0,100.0,0.4667,14,16,0.3442,1.4429,245.41,474.46,30
10.0,7.0,16.0,400.0,200.0,0.4667,14,16,0.3442,1.4429,245.41,474.46,30
12.0,7.0,16.0,400.0,100.0,0.4667,14,16,0.3448,1.3608,246.03,474.46,30
12.0,7.0,16.0,400.0,200.0,0.4667,14,16,0.3448,1.3608,246.03,474.46,30
15.0,7.0,16.0,400.0,100.0,0.4667,14,16,0.3448,1.3608,246.03,474.46,30
15.0,7.0,16.0,400.0,200.0,0.4667,14,16,0.3448,1.3608,246.03,474.46,30
12.0,3.0,20.0,700.0,100.0,0.4667,14,16,0.3631,1.5031,22.73,122.4,30
12.0,3.0,20.0,700.0,200.0,0.4667,14,16,0.3631,1.5031,22.73,122.4,30
12.0,5.0,20.0,700.0,100.0,0.4667,14,16,0.3707,1.4314,22.73,129.99,30
12.0,5.0,20.0,700.0,200.0,0.4667,14,16,0.3707,1.4314,22.73,129.99,30
12.0,3.0,20.0,400.0,100.0,0.4667,14,16,0.4208,1.0895,178.61,257.82,30
12.0,3.0,20.0,400.0,200.0,0.4667,14,16,0.4208,1.0895,178.61,257.82,30
12.0,5.0,20.0,400.0,100.0,0.4667,14,16,0.4668,1.0008,177.94,315.96,30
12.0,5.0,20.0,400.0,200.0,0.4667,14,16,0.4668,1.0008,177.94,315.96,30
10.0,7.0,20.0,400.0,100.0,0.4667,14,16,0.5432,1.0545,177.32,419.62,30
10.0,7.0,20.0,400.0,200.0,0.4667,14,16,0.5432,1.0545,177.32,419.62,30
12.0,7.0,20.0,400.0,100.0,0.4667,14,16,0.5571,0.9818,177.94,419.62,30
12.0,7.0,20.0,400.0,200.0,0.4667,14,16,0.5571,0.9818,177.94,419.62,30
8.0,3.0,12.0,700.0,100.0,0.4333,13,17,0.1092,2.9505,5.42,153.83,30
8.0,3.0,12.0,700.0,200.0,0.4333,13,17,0.1092,2.9505,5.42,153.83,30
10.0,3.0,12.0,700.0,100.0,0.4333,13,17,0.1092,2.9505,5.42,153.83,30
10.0,3.0,12.0,700.0,200.0,0.4333,13,17,0.1092,2.9505,5.42,153.83,30
12.0,3.0,12.0,700.0,100.0,0.4333,13,17,0.1092,2.9505,5.42,153.83,30
12.0,3.0,12.0,700.0,200.0,0.4333,13,17,0.1092,2.9505,5.42,153.83,30
15.0,3.0,12.0,700.0,100.0,0.4333,13,17,0.1092,2.9505,5.42,153.83,30
15.0,3.0,12.0,700.0,200.0,0.4333,13,17,0.1092,2.9505,5.42,153.83,30
8.0,5.0,12.0,700.0,100.0,0.4333,13,17,0.1208,2.8028,4.75,166.09,30
8.0,5.0,12.0,700.0,200.0,0.4333,13,17,0.1208,2.8028,4.75,166.09,30
10.0,5.0,12.0,700.0,100.0,0.4333,13,17,0.1208,2.8028,4.75,166.09,30
10.0,5.0,12.0,700.0,200.0,0.4333,13,17,0.1208,2.8028,4.75,166.09,30
12.0,5.0,12.0,700.0,100.0,0.4333,13,17,0.1208,2.8028,4.75,166.09,30
12.0,5.0,12.0,700.0,200.0,0.4333,13,17,0.1208,2.8028,4.75,166.09,30
15.0,5.0,12.0,700.0,100.0,0.4333,13,17,0.1208,2.8028,4.75,166.09,30
15.0,5.0,12.0,700.0,200.0,0.4333,13,17,0.1208,2.8028,4.75,166.09,30
8.0,3.0,12.0,400.0,100.0,0.4333,13,17,0.1433,2.48,181.49,299.32,30
8.0,3.0,12.0,400.0,200.0,0.4333,13,17,0.1433,2.48,181.49,299.32,30
10.0,3.0,12.0,400.0,100.0,0.4333,13,17,0.1433,2.48,181.49,299.32,30
10.0,3.0,12.0,400.0,200.0,0.4333,13,17,0.1433,2.48,181.49,299.32,30
12.0,3.0,12.0,400.0,100.0,0.4333,13,17,0.1433,2.48,181.49,299.32,30
12.0,3.0,12.0,400.0,200.0,0.4333,13,17,0.1433,2.48,181.49,299.32,30
15.0,3.0,12.0,400.0,100.0,0.4333,13,17,0.1433,2.48,181.49,299.32,30
15.0,3.0,12.0,400.0,200.0,0.4333,13,17,0.1433,2.48,181.49,299.32,30
8.0,3.0,16.0,700.0,100.0,0.4333,13,17,0.2121,2.1115,70.92,170.5,30
8.0,3.0,16.0,700.0,200.0,0.4333,13,17,0.2121,2.1115,70.92,170.5,30
10.0,3.0,16.0,700.0,100.0,0.4333,13,17,0.2121,2.0708,70.92,170.5,30
10.0,3.0,16.0,700.0,200.0,0.4333,13,17,0.2121,2.0708,70.92,170.5,30
8.0,5.0,16.0,700.0,100.0,0.4333,13,17,0.2358,2.0378,70.92,193.5,30
8.0,5.0,16.0,700.0,200.0,0.4333,13,17,0.2358,2.0378,70.92,193.5,30
10.0,5.0,16.0,700.0,100.0,0.4333,13,17,0.2358,2.0325,70.92,193.5,30
10.0,5.0,16.0,700.0,200.0,0.4333,13,17,0.2358,2.0325,70.92,193.5,30
8.0,3.0,20.0,700.0,100.0,0.4333,13,17,0.293,1.9064,91.32,122.4,30
8.0,3.0,20.0,700.0,200.0,0.4333,13,17,0.293,1.9064,91.32,122.4,30
8.0,5.0,20.0,700.0,100.0,0.4333,13,17,0.3006,1.7166,91.32,129.99,30
8.0,5.0,20.0,700.0,200.0,0.4333,13,17,0.3006,1.7166,91.32,129.99,30
8.0,3.0,20.0,400.0,100.0,0.4333,13,17,0.3361,1.3914,247.2,257.82,30
8.0,3.0,20.0,400.0,200.0,0.4333,13,17,0.3361,1.3914,247.2,257.82,30
15.0,3.0,20.0,700.0,100.0,0.4333,13,17,0.3696,1.4922,29.17,122.4,30
15.0,3.0,20.0,700.0,200.0,0.4333,13,17,0.3696,1.4922,29.17,122.4,30
15.0,5.0,20.0,700.0,100.0,0.4333,13,17,0.3772,1.4218,29.17,129.99,30
15.0,5.0,20.0,700.0,200.0,0.4333,13,17,0.3772,1.4218,29.17,129.99,30
8.0,5.0,20.0,400.0,100.0,0.4333,13,17,0.3862,1.3208,245.92,320.04,30
8.0,5.0,20.0,400.0,200.0,0.4333,13,17,0.3862,1.3208,245.92,320.04,30
15.0,3.0,20.0,400.0,100.0,0.4333,13,17,0.4019,1.0033,183.94,257.82,30
15.0,3.0,20.0,400.0,200.0,0.4333,13,17,0.4019,1.0033,183.94,257.82,30
12.0,7.0,20.0,700.0,100.0,0.4333,13,17,0.4467,1.3274,141.32,240.48,30
12.0,7.0,20.0,700.0,200.0,0.4333,13,17,0.4467,1.3274,141.32,240.48,30
15.0,5.0,20.0,400.0,100.0,0.4333,13,17,0.4732,0.9659,183.28,315.96,30
15.0,5.0,20.0,400.0,200.0,0.4333,13,17,0.4732,0.9659,183.28,315.96,30
15.0,7.0,20.0,400.0,100.0,0.4333,13,17,0.5622,0.9462,183.28,419.62,30
15.0,7.0,20.0,400.0,200.0,0.4333,13,17,0.5622,0.9462,183.28,419.62,30
12.0,3.0,20.0,200.0,100.0,0.4333,13,17,0.5913,0.6859,175.94,467.09,30
12.0,3.0,20.0,200.0,200.0,0.4333,13,17,0.5913,0.6859,175.94,467.09,30
8.0,3.0,16.0,400.0,100.0,0.4,12,18,0.2892,1.7025,248.7,359.32,30
8.0,3.0,16.0,400.0,200.0,0.4,12,18,0.2892,1.7025,248.7,359.32,30
10.0,3.0,16.0,400.0,100.0,0.4,12,18,0.2892,1.6572,248.7,359.32,30
10.0,3.0,16.0,400.0,200.0,0.4,12,18,0.2892,1.6572,248.7,359.32,30
8.0,7.0,16.0,700.0,100.0,0.4,12,18,0.306,1.974,70.92,279.99,30
8.0,7.0,16.0,700.0,200.0,0.4,12,18,0.306,1.974,70.92,279.99,30
10.0,7.0,16.0,700.0,100.0,0.4,12,18,0.306,1.948,70.92,279.99,30
10.0,7.0,16.0,700.0,200.0,0.4,12,18,0.306,1.948,70.92,279.99,30
8.0,5.0,16.0,400.0,100.0,0.4,12,18,0.3257,1.6211,248.08,405.99,30
8.0,5.0,16.0,400.0,200.0,0.4,12,18,0.3257,1.6211,248.08,405.99,30
10.0,5.0,16.0,400.0,100.0,0.4,12,18,0.3257,1.5777,248.08,405.99,30
10.0,5.0,16.0,400.0,200.0,0.4,12,18,0.3257,1.5777,248.08,405.99,30
12.0,3.0,16.0,200.0,100.0,0.4,12,18,0.3396,1.1176,264.7,507.26,30
12.0,3.0,16.0,200.0,200.0,0.4,12,18,0.3396,1.1176,264.7,507.26,30
15.0,3.0,16.0,200.0,100.0,0.4,12,18,0.3396,1.1176,264.7,507.26,30
15.0,3.0,16.0,200.0,200.0,0.4,12,18,0.3396,1.1176,264.7,507.26,30
8.0,7.0,20.0,700.0,100.0,0.4,12,18,0.3445,1.6851,91.32,234.48,30
8.0,7.0,20.0,700.0,200.0,0.4,12,18,0.3445,1.6851,91.32,234.48,30
10.0,3.0,20.0,700.0,100.0,0.4,12,18,0.3518,1.7485,22.73,122.4,30
10.0,3.0,20.0,700.0,200.0,0.4,12,18,0.3518,1.7485,22.73,122.4,30
10.0,5.0,20.0,700.0,100.0,0.4,12,18,0.3594,1.6754,22.73,129.99,30
10.0,5.0,20.0,700.0,200.0,0.4,12,18,0.3594,1.6754,22.73,129.99,30
10.0,3.0,20.0,400.0,100.0,0.4,12,18,0.4208,1.2582,178.61,257.82,30
10.0,3.0,20.0,400.0,200.0,0.4,12,18,0.4208,1.2582,178.61,257.82,30
15.0,7.0,20.0,700.0,100.0,0.4,12,18,0.4278,1.3171,29.99,240.48,30
15.0,7.0,20.0,700.0,200.0,0.4,12,18,0.4278,1.3171,29.99,240.48,30
10.0,5.0,20.0,400.0,100.0,0.4,12,18,0.4535,1.2068,177.32,315.96,30
10.0,5.0,20.0,400.0,200.0,0.4,12,18,0.4535,1.2068,177.32,315.96,30
8.0,3.0,20.0,200.0,100.0,0.4,12,18,0.4633,1.0573,245.92,457.16,30
8.0,3.0,20.0,200.0,200.0,0.4,12,18,0.4633,1.0573,245.92,457.16,30
8.0,5.0,20.0,200.0,100.0,0.4,12,18,0.5246,0.942,439.77,505.84,30
8.0,5.0,20.0,200.0,200.0,0.4,12,18,0.5246,0.942,439.77,505.84,30
15.0,3.0,20.0,200.0,100.0,0.4,12,18,0.577,0.6583,181.28,469.04,30
15.0,3.0,20.0,200.0,200.0,0.4,12,18,0.577,0.6583,181.28,469.04,30
12.0,5.0,20.0,200.0,100.0,0.4,12,18,0.7073,0.654,508.51,421.1,30
12.0,5.0,20.0,200.0,200.0,0.4,12,18,0.7073,0.654,508.51,421.1,30
15.0,5.0,20.0,200.0,100.0,0.4,12,18,0.7317,0.6264,514.46,447.77,30
15.0,5.0,20.0,200.0,200.0,0.4,12,18,0.7317,0.6264,514.46,447.77,30
12.0,7.0,20.0,200.0,100.0,0.4,12,18,0.9262,0.6429,347.32,780.66,30
12.0,7.0,20.0,200.0,200.0,0.4,12,18,0.9262,0.6429,347.32,780.66,30
15.0,7.0,20.0,200.0,100.0,0.4,12,18,0.9486,0.6153,353.28,780.66,30
15.0,7.0,20.0,200.0,200.0,0.4,12,18,0.9486,0.6153,353.28,780.66,30
8.0,7.0,12.0,700.0,100.0,0.3667,11,19,0.1251,2.7318,4.75,212.66,30
8.0,7.0,12.0,700.0,200.0,0.3667,11,19,0.1251,2.7318,4.75,212.66,30
10.0,7.0,12.0,700.0,100.0,0.3667,11,19,0.1251,2.7318,4.75,212.66,30
10.0,7.0,12.0,700.0,200.0,0.3667,11,19,0.1251,2.7318,4.75,212.66,30
12.0,7.0,12.0,700.0,100.0,0.3667,11,19,0.1251,2.7318,4.75,212.66,30
12.0,7.0,12.0,700.0,200.0,0.3667,11,19,0.1251,2.7318,4.75,212.66,30
15.0,7.0,12.0,700.0,100.0,0.3667,11,19,0.1251,2.7318,4.75,212.66,30
15.0,7.0,12.0,700.0,200.0,0.3667,11,19,0.1251,2.7318,4.75,212.66,30
8.0,3.0,16.0,200.0,100.0,0.3667,11,19,0.3363,1.2857,263.41,505.26,30
8.0,3.0,16.0,200.0,200.0,0.3667,11,19,0.3363,1.2857,263.41,505.26,30
10.0,3.0,16.0,200.0,100.0,0.3667,11,19,0.339,1.2757,264.08,507.26,30
10.0,3.0,16.0,200.0,200.0,0.3667,11,19,0.339,1.2757,264.08,507.26,30
8.0,5.0,16.0,200.0,100.0,0.3667,11,19,0.4277,1.187,434.08,544.61,30
8.0,5.0,16.0,200.0,200.0,0.3667,11,19,0.4277,1.187,434.08,544.61,30
10.0,7.0,20.0,700.0,100.0,0.3667,11,19,0.4339,1.5645,140.51,240.48,30
10.0,7.0,20.0,700.0,200.0,0.3667,11,19,0.4339,1.5645,140.51,240.48,30
10.0,5.0,16.0,200.0,100.0,0.3667,11,19,0.4377,1.149,434.75,559.27,30
10.0,5.0,16.0,200.0,200.0,0.3667,11,19,0.4377,1.149,434.75,559.27,30
12.0,5.0,16.0,200.0,100.0,0.3667,11,19,0.4383,1.065,435.37,559.27,30
12.0,5.0,16.0,200.0,200.0,0.3667,11,19,0.4383,1.065,435.37,559.27,30
15.0,5.0,16.0,200.0,100.0,0.3667,11,19,0.4383,1.065,435.37,559.27,30
15.0,5.0,16.0,200.0,200.0,0.3667,11,19,0.4383,1.065,435.37,559.27,30
8.0,7.0,16.0,200.0,100.0,0.3667,11,19,0.5365,1.0558,458.6,808.17,30
8.0,7.0,16.0,200.0,200.0,0.3667,11,19,0.5365,1.0558,458.6,808.17,30
10.0,7.0,16.0,200.0,100.0,0.3667,11,19,0.5378,1.0391,459.27,808.17,30
10.0,7.0,16.0,200.0,200.0,0.3667,11,19,0.5378,1.0391,459.27,808.17,30
12.0,7.0,16.0,200.0,100.0,0.3667,11,19,0.5384,0.9878,459.89,808.17,30
12.0,7.0,16.0,200.0,200.0,0.3667,11,19,0.5384,0.9878,459.89,808.17,30
15.0,7.0,16.0,200.0,100.0,0.3667,11,19,0.5384,0.9878,459.89,808.17,30
15.0,7.0,16.0,200.0,200.0,0.3667,11,19,0.5384,0.9878,459.89,808.17,30
10.0,3.0,20.0,200.0,100.0,0.3667,11,19,0.5813,0.9493,175.32,467.09,30
10.0,3.0,20.0,200.0,200.0,0.3667,11,19,0.5813,0.9493,175.32,467.09,30
10.0,5.0,20.0,200.0,100.0,0.3667,11,19,0.682,0.81,507.84,393.1,30
10.0,5.0,20.0,200.0,200.0,0.3667,11,19,0.682,0.81,507.84,393.1,30
8.0,7.0,20.0,200.0,100.0,0.3667,11,19,0.7655,0.8602,415.25,773.4,30
8.0,7.0,20.0,200.0,200.0,0.3667,11,19,0.7655,0.8602,415.25,773.4,30
10.0,7.0,20.0,200.0,100.0,0.3667,11,19,0.8989,0.7709,346.66,780.66,30
10.0,7.0,20.0,200.0,200.0,0.3667,11,19,0.8989,0.7709,346.66,780.66,30
8.0,3.0,12.0,200.0,100.0,0.3333,10,20,0.2216,1.9576,181.51,557.93,30
8.0,3.0,12.0,200.0,200.0,0.3333,10,20,0.2216,1.9576,181.51,557.93,30
10.0,3.0,12.0,200.0,100.0,0.3333,10,20,0.2216,1.9576,181.51,557.93,30
10.0,3.0,12.0,200.0,200.0,0.3333,10,20,0.2216,1.9576,181.51,557.93,30
12.0,3.0,12.0,200.0,100.0,0.3333,10,20,0.2216,1.9576,181.51,557.93,30
12.0,3.0,12.0,200.0,200.0,0.3333,10,20,0.2216,1.9576,181.51,557.93,30
15.0,3.0,12.0,200.0,100.0,0.3333,10,20,0.2216,1.9576,181.51,557.93,30
15.0,3.0,12.0,200.0,200.0,0.3333,10,20,0.2216,1.9576,181.51,557.93,30
8.0,5.0,12.0,200.0,100.0,0.3333,10,20,0.2385,1.7965,352.83,593.27,30
8.0,5.0,12.0,200.0,200.0,0.3333,10,20,0.2385,1.7965,352.83,593.27,30
10.0,5.0,12.0,200.0,100.0,0.3333,10,20,0.2385,1.7891,352.83,593.27,30
10.0,5.0,12.0,200.0,200.0,0.3333,10,20,0.2385,1.7891,352.83,593.27,30
12.0,5.0,12.0,200.0,100.0,0.3333,10,20,0.2385,1.7891,352.83,593.27,30
12.0,5.0,12.0,200.0,200.0,0.3333,10,20,0.2385,1.7891,352.83,593.27,30
15.0,5.0,12.0,200.0,100.0,0.3333,10,20,0.2385,1.7891,352.83,593.27,30
15.0,5.0,12.0,200.0,200.0,0.3333,10,20,0.2385,1.7891,352.83,593.27,30
8.0,7.0,12.0,200.0,100.0,0.3,9,21,0.3031,1.7298,450.68,765.5,30
8.0,7.0,12.0,200.0,200.0,0.3,9,21,0.3031,1.7298,450.68,765.5,30
10.0,7.0,12.0,200.0,100.0,0.3,9,21,0.3031,1.7185,450.68,765.5,30
10.0,7.0,12.0,200.0,200.0,0.3,9,21,0.3031,1.7185,450.68,765.5,30
12.0,7.0,12.0,200.0,100.0,0.3,9,21,0.3031,1.7185,450.68,765.5,30
12.0,7.0,12.0,200.0,200.0,0.3,9,21,0.3031,1.7185,450.68,765.5,30
15.0,7.0,12.0,200.0,100.0,0.3,9,21,0.3031,1.7185,450.68,765.5,30
15.0,7.0,12.0,200.0,200.0,0.3,9,21,0.3031,1.7185,450.68,765.5,30
