open_margin_db,close_margin_db,release_ms,hold_ms,noise_ema_tc_closed,pass_rate,passed,failed,mean_missed_speech,mean_false_open,mean_start_delay_ms,mean_early_close_ms,total_scenarios
6.0,4.0,800.0,100.0,1.0,0.6,9,6,0.384,1.1663,15.49,424.52,15
6.0,4.0,800.0,250.0,1.0,0.6,9,6,0.384,1.1663,15.49,424.52,15
6.0,4.0,800.0,400.0,1.0,0.6,9,6,0.384,1.1663,15.49,424.52,15
6.0,2.0,150.0,400.0,1.0,0.5333,8,7,0.4707,0.9117,59.29,1074.63,15
6.0,2.0,300.0,400.0,1.0,0.5333,8,7,0.4707,0.9117,59.29,1074.63,15
6.0,2.0,500.0,100.0,1.0,0.5333,8,7,0.4933,1.053,15.49,1041.3,15
6.0,2.0,500.0,250.0,1.0,0.5333,8,7,0.4933,1.053,15.49,1041.3,15
6.0,2.0,500.0,400.0,1.0,0.5333,8,7,0.4933,1.053,15.49,1041.3,15
6.0,4.0,500.0,100.0,1.0,0.5333,8,7,0.5453,0.9463,59.29,1267.97,15
6.0,4.0,500.0,250.0,1.0,0.5333,8,7,0.5453,0.9463,59.29,1267.97,15
6.0,4.0,500.0,400.0,1.0,0.5333,8,7,0.5453,0.9463,59.29,1267.97,15
8.0,6.0,800.0,100.0,0.5,0.5333,8,7,0.5823,1.1326,16.82,534.79,15
8.0,6.0,800.0,250.0,0.5,0.5333,8,7,0.5823,1.1326,16.82,534.79,15
8.0,6.0,800.0,400.0,0.5,0.5333,8,7,0.5823,1.1326,16.82,534.79,15
6.0,4.0,150.0,400.0,1.0,0.5333,8,7,0.5835,0.8618,114.85,1429.3,15
6.0,4.0,300.0,400.0,1.0,0.5333,8,7,0.5835,0.8618,114.85,1429.3,15
8.0,6.0,800.0,100.0,0.3,0.5333,8,7,0.5839,1.0463,18.49,534.79,15
8.0,6.0,800.0,250.0,0.3,0.5333,8,7,0.5839,1.0463,18.49,534.79,15
8.0,6.0,800.0,400.0,0.3,0.5333,8,7,0.5839,1.0463,18.49,534.79,15
6.0,2.0,800.0,100.0,0.3,0.4667,7,8,0.3603,1.6133,10.49,349.85,15
6.0,2.0,800.0,250.0,0.3,0.4667,7,8,0.3603,1.6133,10.49,349.85,15
6.0,2.0,800.0,400.0,0.3,0.4667,7,8,0.3603,1.6133,10.49,349.85,15
6.0,2.0,800.0,100.0,0.5,0.4667,7,8,0.3613,1.477,11.49,349.85,15
6.0,2.0,800.0,250.0,0.5,0.4667,7,8,0.3613,1.477,11.49,349.85,15
6.0,2.0,800.0,400.0,0.5,0.4667,7,8,0.3613,1.477,11.49,349.85,15
6.0,2.0,800.0,100.0,1.0,0.4667,7,8,0.3653,1.3477,15.49,349.85,15
6.0,2.0,800.0,250.0,1.0,0.4667,7,8,0.3653,1.3477,15.49,349.85,15
6.0,2.0,800.0,400.0,1.0,0.4667,7,8,0.3653,1.3477,15.49,349.85,15
6.0,4.0,800.0,100.0,0.3,0.4667,7,8,0.379,1.5827,10.49,424.52,15
6.0,4.0,800.0,250.0,0.3,0.4667,7,8,0.379,1.5827,10.49,424.52,15
6.0,4.0,800.0,400.0,0.3,0.4667,7,8,0.379,1.5827,10.49,424.52,15
6.0,4.0,800.0,100.0,0.5,0.4667,7,8,0.38,1.3797,11.49,424.52,15
6.0,4.0,800.0,250.0,0.5,0.4667,7,8,0.38,1.3797,11.49,424.52,15
6.0,4.0,800.0,400.0,0.5,0.4667,7,8,0.38,1.3797,11.49,424.52,15
8.0,4.0,800.0,100.0,1.0,0.4667,7,8,0.3909,0.9413,21.09,424.52,15
8.0,4.0,800.0,250.0,1.0,0.4667,7,8,0.3909,0.9413,21.09,424.52,15
8.0,4.0,800.0,400.0,1.0,0.4667,7,8,0.3909,0.9413,21.09,424.52,15
6.0,2.0,800.0,100.0,0.1,0.4667,7,8,0.4055,1.6985,55.62,349.85,15
6.0,2.0,800.0,250.0,0.1,0.4667,7,8,0.4055,1.6985,55.62,349.85,15
6.0,2.0,800.0,400.0,0.1,0.4667,7,8,0.4055,1.6985,55.62,349.85,15
6.0,4.0,800.0,100.0,0.1,0.4667,7,8,0.4201,1.5531,55.62,424.52,15
6.0,4.0,800.0,250.0,0.1,0.4667,7,8,0.4201,1.5531,55.62,424.52,15
6.0,4.0,800.0,400.0,0.1,0.4667,7,8,0.4201,1.5531,55.62,424.52,15
6.0,6.0,800.0,100.0,0.5,0.4667,7,8,0.4518,1.3021,11.49,625.65,15
6.0,6.0,800.0,250.0,0.5,0.4667,7,8,0.4518,1.3021,11.49,625.65,15
6.0,6.0,800.0,400.0,0.5,0.4667,7,8,0.4518,1.3021,11.49,625.65,15
6.0,6.0,800.0,100.0,1.0,0.4667,7,8,0.4795,1.0685,19.76,645.3,15
6.0,6.0,800.0,250.0,1.0,0.4667,7,8,0.4795,1.0685,19.76,645.3,15
6.0,6.0,800.0,400.0,1.0,0.4667,7,8,0.4795,1.0685,19.76,645.3,15
8.0,4.0,800.0,100.0,0.5,0.4667,7,8,0.5345,1.2275,16.82,358.99,15
8.0,4.0,800.0,250.0,0.5,0.4667,7,8,0.5345,1.2275,16.82,358.99,15
8.0,4.0,800.0,400.0,0.5,0.4667,7,8,0.5345,1.2275,16.82,358.99,15
8.0,4.0,800.0,100.0,0.3,0.4667,7,8,0.5361,1.1411,18.49,358.99,15
8.0,4.0,800.0,250.0,0.3,0.4667,7,8,0.5361,1.1411,18.49,358.99,15
8.0,4.0,800.0,400.0,0.3,0.4667,7,8,0.5361,1.1411,18.49,358.99,15
8.0,2.0,500.0,100.0,1.0,0.4667,7,8,0.5363,0.9293,21.09,1041.3,15
8.0,2.0,500.0,250.0,1.0,0.4667,7,8,0.5363,0.9293,21.09,1041.3,15
8.0,2.0,500.0,400.0,1.0,0.4667,7,8,0.5363,0.9293,21.09,1041.3,15
8.0,2.0,150.0,400.0,1.0,0.4667,7,8,0.5789,0.8079,66.23,1074.63,15
8.0,2.0,300.0,400.0,1.0,0.4667,7,8,0.5789,0.8079,66.23,1074.63,15
6.0,2.0,300.0,100.0,1.0,0.4667,7,8,0.5944,0.8154,63.56,1649.3,15
6.0,2.0,300.0,250.0,1.0,0.4667,7,8,0.5944,0.8154,63.56,1649.3,15
8.0,6.0,800.0,100.0,1.0,0.4667,7,8,0.6117,0.8461,21.09,645.3,15
8.0,6.0,800.0,250.0,1.0,0.4667,7,8,0.6117,0.8461,21.09,645.3,15
8.0,6.0,800.0,400.0,1.0,0.4667,7,8,0.6117,0.8461,21.09,645.3,15
8.0,4.0,500.0,100.0,1.0,0.4667,7,8,0.6736,0.7426,21.09,1354.63,15
8.0,4.0,500.0,250.0,1.0,0.4667,7,8,0.6736,0.7426,21.09,1354.63,15
8.0,4.0,500.0,400.0,1.0,0.4667,7,8,0.6736,0.7426,21.09,1354.63,15
8.0,4.0,500.0,100.0,0.5,0.4667,7,8,0.7025,0.9248,16.82,969.1,15
8.0,4.0,500.0,250.0,0.5,0.4667,7,8,0.7025,0.9248,16.82,969.1,15
8.0,4.0,500.0,400.0,0.5,0.4667,7,8,0.7025,0.9248,16.82,969.1,15
8.0,4.0,150.0,400.0,1.0,0.4667,7,8,0.7037,0.6314,375.12,1178.63,15
8.0,4.0,300.0,400.0,1.0,0.4667,7,8,0.7037,0.6314,375.12,1178.63,15
8.0,2.0,300.0,100.0,1.0,0.4667,7,8,0.7157,0.7247,66.23,1649.3,15
8.0,2.0,300.0,250.0,1.0,0.4667,7,8,0.7157,0.7247,66.23,1649.3,15
8.0,4.0,150.0,400.0,0.5,0.4667,7,8,0.8033,0.8776,325.71,866.43,15
8.0,4.0,300.0,400.0,0.5,0.4667,7,8,0.8033,0.8776,325.71,866.43,15
8.0,6.0,150.0,400.0,0.5,0.4667,7,8,0.9506,0.7289,325.71,1304.44,15
8.0,6.0,300.0,400.0,0.5,0.4667,7,8,0.9506,0.7289,325.71,1304.44,15
8.0,2.0,800.0,100.0,1.0,0.4,6,9,0.3709,1.1239,21.09,349.85,15
8.0,2.0,800.0,250.0,1.0,0.4,6,9,0.3709,1.1239,21.09,349.85,15
8.0,2.0,800.0,400.0,1.0,0.4,6,9,0.3709,1.1239,21.09,349.85,15
6.0,6.0,800.0,100.0,0.3,0.4,6,9,0.4508,1.4918,10.49,625.65,15
6.0,6.0,800.0,250.0,0.3,0.4,6,9,0.4508,1.4918,10.49,625.65,15
6.0,6.0,800.0,400.0,0.3,0.4,6,9,0.4508,1.4918,10.49,625.65,15
6.0,4.0,150.0,400.0,0.5,0.4,6,9,0.5101,1.0685,364.18,931.97,15
6.0,4.0,300.0,400.0,0.5,0.4,6,9,0.5101,1.0685,364.18,931.97,15
8.0,2.0,800.0,100.0,0.5,0.4,6,9,0.5238,1.3621,16.82,293.65,15
8.0,2.0,800.0,250.0,0.5,0.4,6,9,0.5238,1.3621,16.82,293.65,15
8.0,2.0,800.0,400.0,0.5,0.4,6,9,0.5238,1.3621,16.82,293.65,15
8.0,2.0,800.0,100.0,0.3,0.4,6,9,0.5255,1.2758,18.49,293.65,15
8.0,2.0,800.0,250.0,0.3,0.4,6,9,0.5255,1.2758,18.49,293.65,15
8.0,2.0,800.0,400.0,0.3,0.4,6,9,0.5255,1.2758,18.49,293.65,15
6.0,2.0,300.0,100.0,0.5,0.4,6,9,0.5288,1.1085,367.12,1095.97,15
6.0,2.0,300.0,250.0,0.5,0.4,6,9,0.5288,1.1085,367.12,1095.97,15
10.0,2.0,800.0,100.0,0.5,0.4,6,9,0.5401,0.7744,33.09,293.65,15
10.0,2.0,800.0,250.0,0.5,0.4,6,9,0.5401,0.7744,33.09,293.65,15
10.0,2.0,800.0,400.0,0.5,0.4,6,9,0.5401,0.7744,33.09,293.65,15
10.0,2.0,800.0,100.0,1.0,0.4,6,9,0.5508,0.6744,43.77,293.65,15
10.0,2.0,800.0,250.0,1.0,0.4,6,9,0.5508,0.6744,43.77,293.65,15
10.0,2.0,800.0,400.0,1.0,0.4,6,9,0.5508,0.6744,43.77,293.65,15
10.0,4.0,800.0,100.0,0.5,0.4,6,9,0.5521,0.6504,33.09,358.99,15
10.0,4.0,800.0,250.0,0.5,0.4,6,9,0.5521,0.6504,33.09,358.99,15
10.0,4.0,800.0,400.0,0.5,0.4,6,9,0.5521,0.6504,33.09,358.99,15
10.0,4.0,800.0,100.0,1.0,0.4,6,9,0.5614,0.5291,43.77,358.99,15
10.0,4.0,800.0,250.0,1.0,0.4,6,9,0.5614,0.5291,43.77,358.99,15
10.0,4.0,800.0,400.0,1.0,0.4,6,9,0.5614,0.5291,43.77,358.99,15
6.0,2.0,150.0,250.0,1.0,0.4,6,9,0.6244,0.7427,984.92,963.28,15
8.0,2.0,150.0,400.0,0.3,0.4,6,9,0.6668,0.9811,18.49,991.77,15
8.0,2.0,300.0,400.0,0.3,0.4,6,9,0.6668,0.9811,18.49,991.77,15
8.0,4.0,500.0,100.0,0.3,0.4,6,9,0.6668,0.9465,18.49,969.1,15
8.0,4.0,500.0,250.0,0.3,0.4,6,9,0.6668,0.9465,18.49,969.1,15
8.0,4.0,500.0,400.0,0.3,0.4,6,9,0.6668,0.9465,18.49,969.1,15
8.0,2.0,150.0,400.0,0.5,0.4,6,9,0.6958,1.0581,16.82,991.77,15
8.0,2.0,300.0,400.0,0.5,0.4,6,9,0.6958,1.0581,16.82,991.77,15
10.0,6.0,800.0,100.0,0.5,0.4,6,9,0.7279,0.6182,33.09,534.79,15
10.0,6.0,800.0,250.0,0.5,0.4,6,9,0.7279,0.6182,33.09,534.79,15
10.0,6.0,800.0,400.0,0.5,0.4,6,9,0.7279,0.6182,33.09,534.79,15
8.0,8.0,800.0,100.0,0.5,0.4,6,9,0.7453,1.0276,21.09,808.44,15
8.0,8.0,800.0,250.0,0.5,0.4,6,9,0.7453,1.0276,21.09,808.44,15
8.0,8.0,800.0,400.0,0.5,0.4,6,9,0.7453,1.0276,21.09,808.44,15
10.0,2.0,500.0,100.0,0.5,0.4,6,9,0.7561,0.6851,33.09,965.1,15
10.0,2.0,500.0,250.0,0.5,0.4,6,9,0.7561,0.6851,33.09,965.1,15
10.0,2.0,500.0,400.0,0.5,0.4,6,9,0.7561,0.6851,33.09,965.1,15
10.0,6.0,800.0,100.0,1.0,0.4,6,9,0.7569,0.4699,43.77,554.43,15
10.0,6.0,800.0,250.0,1.0,0.4,6,9,0.7569,0.4699,43.77,554.43,15
10.0,6.0,800.0,400.0,1.0,0.4,6,9,0.7569,0.4699,43.77,554.43,15
8.0,4.0,150.0,400.0,0.3,0.4,6,9,0.7689,0.8686,327.38,775.77,15
8.0,4.0,300.0,400.0,0.3,0.4,6,9,0.7689,0.8686,327.38,775.77,15
8.0,2.0,300.0,100.0,0.5,0.4,6,9,0.7739,0.9803,329.99,1006.43,15
8.0,2.0,300.0,250.0,0.5,0.4,6,9,0.7739,0.9803,329.99,1006.43,15
6.0,2.0,150.0,100.0,0.5,0.4,6,9,0.785,0.838,463.59,1615.89,15
8.0,2.0,150.0,250.0,1.0,0.4,6,9,0.7857,0.6281,681.36,1305.95,15
10.0,4.0,500.0,100.0,0.5,0.4,6,9,0.7894,0.5077,33.09,969.1,15
10.0,4.0,500.0,250.0,0.5,0.4,6,9,0.7894,0.5077,33.09,969.1,15
10.0,4.0,500.0,400.0,0.5,0.4,6,9,0.7894,0.5077,33.09,969.1,15
8.0,6.0,500.0,100.0,0.5,0.4,6,9,0.7926,0.7669,21.51,1405.77,15
8.0,6.0,500.0,250.0,0.5,0.4,6,9,0.7926,0.7669,21.51,1405.77,15
8.0,6.0,500.0,400.0,0.5,0.4,6,9,0.7926,0.7669,21.51,1405.77,15
10.0,2.0,150.0,400.0,1.0,0.4,6,9,0.7934,0.3358,43.77,991.77,15
10.0,2.0,300.0,400.0,1.0,0.4,6,9,0.7934,0.3358,43.77,991.77,15
8.0,8.0,800.0,100.0,0.3,0.4,6,9,0.8029,0.9679,22.76,944.44,15
8.0,8.0,800.0,250.0,0.3,0.4,6,9,0.8029,0.9679,22.76,944.44,15
8.0,8.0,800.0,400.0,0.3,0.4,6,9,0.8029,0.9679,22.76,944.44,15
8.0,6.0,500.0,100.0,0.3,0.4,6,9,0.8096,0.8306,18.49,1192.44,15
8.0,6.0,500.0,250.0,0.3,0.4,6,9,0.8096,0.8306,18.49,1192.44,15
8.0,6.0,500.0,400.0,0.3,0.4,6,9,0.8096,0.8306,18.49,1192.44,15
10.0,2.0,500.0,100.0,1.0,0.4,6,9,0.8374,0.4131,43.77,965.1,15
10.0,2.0,500.0,250.0,1.0,0.4,6,9,0.8374,0.4131,43.77,965.1,15
10.0,2.0,500.0,400.0,1.0,0.4,6,9,0.8374,0.4131,43.77,965.1,15
10.0,4.0,500.0,100.0,1.0,0.4,6,9,0.8788,0.3478,43.77,1182.43,15
10.0,4.0,500.0,250.0,1.0,0.4,6,9,0.8788,0.3478,43.77,1182.43,15
10.0,4.0,500.0,400.0,1.0,0.4,6,9,0.8788,0.3478,43.77,1182.43,15
10.0,2.0,300.0,100.0,0.5,0.4,6,9,0.8929,0.3552,341.99,1007.77,15
10.0,2.0,300.0,250.0,0.5,0.4,6,9,0.8929,0.3552,341.99,1007.77,15
8.0,6.0,150.0,400.0,0.3,0.4,6,9,0.9429,0.7399,327.38,1117.77,15
8.0,6.0,300.0,400.0,0.3,0.4,6,9,0.9429,0.7399,327.38,1117.77,15
10.0,2.0,300.0,100.0,1.0,0.4,6,9,0.9542,0.2792,43.77,1559.77,15
10.0,2.0,300.0,250.0,1.0,0.4,6,9,0.9542,0.2792,43.77,1559.77,15
6.0,8.0,150.0,400.0,0.5,0.4,6,9,0.9579,0.8656,458.2,1583.08,15
6.0,8.0,300.0,400.0,0.5,0.4,6,9,0.9579,0.8656,458.2,1583.08,15
10.0,2.0,150.0,250.0,0.5,0.4,6,9,0.9635,0.3832,649.77,1111.77,15
10.0,4.0,150.0,400.0,0.5,0.4,6,9,0.9655,0.4159,341.99,869.77,15
10.0,4.0,300.0,400.0,0.5,0.4,6,9,0.9655,0.4159,341.99,869.77,15
10.0,6.0,800.0,100.0,0.3,0.4,6,9,0.9744,0.8941,304.09,544.99,15
10.0,6.0,800.0,250.0,0.3,0.4,6,9,0.9744,0.8941,304.09,544.99,15
10.0,6.0,800.0,400.0,0.3,0.4,6,9,0.9744,0.8941,304.09,544.99,15
10.0,4.0,150.0,400.0,1.0,0.4,6,9,0.9829,0.2839,352.66,1116.44,15
10.0,4.0,300.0,400.0,1.0,0.4,6,9,0.9829,0.2839,352.66,1116.44,15
10.0,6.0,500.0,100.0,0.5,0.4,6,9,0.9869,0.4225,33.09,1449.77,15
10.0,6.0,500.0,250.0,0.5,0.4,6,9,0.9869,0.4225,33.09,1449.77,15
10.0,6.0,500.0,400.0,0.5,0.4,6,9,0.9869,0.4225,33.09,1449.77,15
10.0,8.0,800.0,100.0,0.5,0.4,6,9,0.9882,0.4505,269.99,947.11,15
10.0,8.0,800.0,250.0,0.5,0.4,6,9,0.9882,0.4505,269.99,947.11,15
10.0,8.0,800.0,400.0,0.5,0.4,6,9,0.9882,0.4505,269.99,947.11,15
10.0,6.0,150.0,400.0,0.5,0.4,6,9,1.1495,0.3519,435.32,1255.11,15
10.0,6.0,300.0,400.0,0.5,0.4,6,9,1.1495,0.3519,435.32,1255.11,15
10.0,6.0,150.0,400.0,0.3,0.4,6,9,1.3019,0.5002,612.99,917.77,15
10.0,6.0,300.0,400.0,0.3,0.4,6,9,1.3019,0.5002,612.99,917.77,15
6.0,2.0,500.0,100.0,0.5,0.3333,5,10,0.4187,1.2877,11.49,1041.3,15
6.0,2.0,500.0,250.0,0.5,0.3333,5,10,0.4187,1.2877,11.49,1041.3,15
6.0,2.0,500.0,400.0,0.5,0.3333,5,10,0.4187,1.2877,11.49,1041.3,15
6.0,4.0,500.0,100.0,0.5,0.3333,5,10,0.4627,1.165,55.29,1054.63,15
6.0,4.0,500.0,250.0,0.5,0.3333,5,10,0.4627,1.165,55.29,1054.63,15
6.0,4.0,500.0,400.0,0.5,0.3333,5,10,0.4627,1.165,55.29,1054.63,15
6.0,2.0,150.0,400.0,0.3,0.3333,5,10,0.4643,1.3387,54.29,1074.63,15
6.0,2.0,300.0,400.0,0.3,0.3333,5,10,0.4643,1.3387,54.29,1074.63,15
6.0,2.0,150.0,400.0,0.5,0.3333,5,10,0.4667,1.189,55.29,1074.63,15
6.0,2.0,300.0,400.0,0.5,0.3333,5,10,0.4667,1.189,55.29,1074.63,15
6.0,2.0,500.0,100.0,0.3,0.3333,5,10,0.479,1.4627,10.49,1041.3,15
6.0,2.0,500.0,250.0,0.3,0.3333,5,10,0.479,1.4627,10.49,1041.3,15
6.0,2.0,500.0,400.0,0.3,0.3333,5,10,0.479,1.4627,10.49,1041.3,15
6.0,4.0,500.0,100.0,0.3,0.3333,5,10,0.4817,1.3293,54.29,1078.63,15
6.0,4.0,500.0,250.0,0.3,0.3333,5,10,0.4817,1.3293,54.29,1078.63,15
6.0,4.0,500.0,400.0,0.3,0.3333,5,10,0.4817,1.3293,54.29,1078.63,15
6.0,2.0,150.0,400.0,0.1,0.3333,5,10,0.4961,1.2611,55.62,1074.63,15
6.0,2.0,300.0,400.0,0.1,0.3333,5,10,0.4961,1.2611,55.62,1074.63,15
6.0,2.0,500.0,100.0,0.1,0.3333,5,10,0.5055,1.3851,55.62,1041.3,15
6.0,2.0,500.0,250.0,0.1,0.3333,5,10,0.5055,1.3851,55.62,1041.3,15
6.0,2.0,500.0,400.0,0.1,0.3333,5,10,0.5055,1.3851,55.62,1041.3,15
6.0,4.0,150.0,400.0,0.3,0.3333,5,10,0.5105,1.2421,361.85,867.97,15
6.0,4.0,300.0,400.0,0.3,0.3333,5,10,0.5105,1.2421,361.85,867.97,15
6.0,6.0,800.0,100.0,0.1,0.3333,5,10,0.5233,1.4056,59.89,655.66,15
6.0,6.0,800.0,250.0,0.1,0.3333,5,10,0.5233,1.4056,59.89,655.66,15
6.0,6.0,800.0,400.0,0.1,0.3333,5,10,0.5233,1.4056,59.89,655.66,15
6.0,4.0,500.0,100.0,0.1,0.3333,5,10,0.5441,1.2958,55.62,1054.63,15
6.0,4.0,500.0,250.0,0.1,0.3333,5,10,0.5441,1.2958,55.62,1054.63,15
6.0,4.0,500.0,400.0,0.1,0.3333,5,10,0.5441,1.2958,55.62,1054.63,15
6.0,8.0,800.0,100.0,0.5,0.3333,5,10,0.5881,1.2025,15.76,907.31,15
6.0,8.0,800.0,250.0,0.5,0.3333,5,10,0.5881,1.2025,15.76,907.31,15
6.0,8.0,800.0,400.0,0.5,0.3333,5,10,0.5881,1.2025,15.76,907.31,15
6.0,2.0,150.0,250.0,0.5,0.3333,5,10,0.5957,1.0261,670.9,1115.97,15
8.0,2.0,500.0,100.0,0.5,0.3333,5,10,0.6691,1.1581,16.82,965.1,15
8.0,2.0,500.0,250.0,0.5,0.3333,5,10,0.6691,1.1581,16.82,965.1,15
8.0,2.0,500.0,400.0,0.5,0.3333,5,10,0.6691,1.1581,16.82,965.1,15
10.0,4.0,800.0,100.0,0.3,0.3333,5,10,0.6817,0.9827,66.76,593.45,15
10.0,4.0,800.0,250.0,0.3,0.3333,5,10,0.6817,0.9827,66.76,593.45,15
10.0,4.0,800.0,400.0,0.3,0.3333,5,10,0.6817,0.9827,66.76,593.45,15
8.0,2.0,300.0,100.0,0.3,0.3333,5,10,0.6839,0.9155,330.32,1006.43,15
8.0,2.0,300.0,250.0,0.3,0.3333,5,10,0.6839,0.9155,330.32,1006.43,15
6.0,6.0,150.0,400.0,0.5,0.3333,5,10,0.6875,0.9711,364.18,1307.31,15
6.0,6.0,300.0,400.0,0.5,0.3333,5,10,0.6875,0.9711,364.18,1307.31,15
8.0,2.0,500.0,100.0,0.3,0.3333,5,10,0.7028,1.0851,18.49,965.1,15
8.0,2.0,500.0,250.0,0.3,0.3333,5,10,0.7028,1.0851,18.49,965.1,15
8.0,2.0,500.0,400.0,0.3,0.3333,5,10,0.7028,1.0851,18.49,965.1,15
6.0,4.0,300.0,100.0,1.0,0.3333,5,10,0.7177,0.7307,419.12,1541.75,15
6.0,4.0,300.0,250.0,1.0,0.3333,5,10,0.7177,0.7307,419.12,1541.75,15
8.0,2.0,150.0,250.0,0.5,0.3333,5,10,0.7382,0.8885,633.77,1022.43,15
6.0,2.0,150.0,100.0,0.3,0.3333,5,10,0.7414,0.953,364.14,1534.55,15
8.0,2.0,150.0,250.0,0.3,0.3333,5,10,0.7599,0.8249,330.32,1239.77,15
10.0,2.0,150.0,400.0,0.5,0.3333,5,10,0.7827,0.6584,33.09,991.77,15
10.0,2.0,300.0,400.0,0.5,0.3333,5,10,0.7827,0.6584,33.09,991.77,15
6.0,6.0,300.0,100.0,0.5,0.3333,5,10,0.8158,0.8435,295.12,1731.81,15
6.0,6.0,300.0,250.0,0.5,0.3333,5,10,0.8158,0.8435,295.12,1731.81,15
8.0,4.0,300.0,100.0,1.0,0.3333,5,10,0.8428,0.5292,425.79,1541.75,15
8.0,4.0,300.0,250.0,1.0,0.3333,5,10,0.8428,0.5292,425.79,1541.75,15
8.0,8.0,800.0,100.0,1.0,0.3333,5,10,0.8922,0.7612,114.43,1243.08,15
8.0,8.0,800.0,250.0,1.0,0.3333,5,10,0.8922,0.7612,114.43,1243.08,15
8.0,8.0,800.0,400.0,1.0,0.3333,5,10,0.8922,0.7612,114.43,1243.08,15
10.0,2.0,150.0,250.0,1.0,0.3333,5,10,0.9669,0.2466,968.01,869.75,15
6.0,8.0,300.0,100.0,0.3,0.3333,5,10,0.9779,0.8683,448.14,2014.47,15
6.0,8.0,300.0,250.0,0.3,0.3333,5,10,0.9779,0.8683,448.14,2014.47,15
6.0,8.0,300.0,100.0,0.5,0.3333,5,10,0.9909,0.7679,322.47,2257.14,15
6.0,8.0,300.0,250.0,0.5,0.3333,5,10,0.9909,0.7679,322.47,2257.14,15
8.0,2.0,150.0,100.0,0.5,0.3333,5,10,1.0068,0.6878,430.45,1515.69,15
10.0,4.0,500.0,100.0,0.3,0.3333,5,10,1.0177,0.6881,304.09,803.97,15
10.0,4.0,500.0,250.0,0.3,0.3333,5,10,1.0177,0.6881,304.09,803.97,15
10.0,4.0,500.0,400.0,0.3,0.3333,5,10,1.0177,0.6881,304.09,803.97,15
10.0,8.0,800.0,100.0,1.0,0.3333,5,10,1.0413,0.3916,135.77,1305.55,15
10.0,8.0,800.0,250.0,1.0,0.3333,5,10,1.0413,0.3916,135.77,1305.55,15
10.0,8.0,800.0,400.0,1.0,0.3333,5,10,1.0413,0.3916,135.77,1305.55,15
10.0,4.0,300.0,100.0,0.5,0.3333,5,10,1.0973,0.3436,341.99,1393.55,15
10.0,4.0,300.0,250.0,0.5,0.3333,5,10,1.0973,0.3436,341.99,1393.55,15
10.0,4.0,150.0,400.0,0.3,0.3333,5,10,1.1099,0.7015,612.99,635.11,15
10.0,4.0,300.0,400.0,0.3,0.3333,5,10,1.1099,0.7015,612.99,635.11,15
10.0,4.0,300.0,100.0,1.0,0.3333,5,10,1.12,0.2263,657.99,1192.21,15
10.0,4.0,300.0,250.0,1.0,0.3333,5,10,1.12,0.2263,657.99,1192.21,15
12.0,2.0,800.0,100.0,0.5,0.3333,5,10,1.129,0.5686,408.66,293.65,15
12.0,2.0,800.0,250.0,0.5,0.3333,5,10,1.129,0.5686,408.66,293.65,15
12.0,2.0,800.0,400.0,0.5,0.3333,5,10,1.129,0.5686,408.66,293.65,15
10.0,6.0,500.0,100.0,1.0,0.3333,5,10,1.1693,0.257,43.77,1454.88,15
10.0,6.0,500.0,250.0,1.0,0.3333,5,10,1.1693,0.257,43.77,1454.88,15
10.0,6.0,500.0,400.0,1.0,0.3333,5,10,1.1693,0.257,43.77,1454.88,15
12.0,4.0,800.0,100.0,0.5,0.3333,5,10,1.173,0.4313,408.66,360.32,15
12.0,4.0,800.0,250.0,0.5,0.3333,5,10,1.173,0.4313,408.66,360.32,15
12.0,4.0,800.0,400.0,0.5,0.3333,5,10,1.173,0.4313,408.66,360.32,15
10.0,6.0,500.0,100.0,0.3,0.3333,5,10,1.1784,0.6474,304.09,1025.97,15
10.0,6.0,500.0,250.0,0.3,0.3333,5,10,1.1784,0.6474,304.09,1025.97,15
10.0,6.0,500.0,400.0,0.3,0.3333,5,10,1.1784,0.6474,304.09,1025.97,15
10.0,8.0,800.0,100.0,0.3,0.3333,5,10,1.1792,0.8362,540.99,748.44,15
10.0,8.0,800.0,250.0,0.3,0.3333,5,10,1.1792,0.8362,540.99,748.44,15
10.0,8.0,800.0,400.0,0.3,0.3333,5,10,1.1792,0.8362,540.99,748.44,15
10.0,6.0,150.0,400.0,1.0,0.3333,5,10,1.184,0.2103,445.99,1310.88,15
10.0,6.0,300.0,400.0,1.0,0.3333,5,10,1.184,0.2103,445.99,1310.88,15
12.0,2.0,150.0,400.0,0.5,0.3333,5,10,1.3623,0.2366,408.66,821.3,15
12.0,2.0,300.0,400.0,0.5,0.3333,5,10,1.3623,0.2366,408.66,821.3,15
12.0,6.0,800.0,100.0,0.5,0.3333,5,10,1.3671,0.3748,408.66,554.43,15
12.0,6.0,800.0,250.0,0.5,0.3333,5,10,1.3671,0.3748,408.66,554.43,15
12.0,6.0,800.0,400.0,0.5,0.3333,5,10,1.3671,0.3748,408.66,554.43,15
8.0,6.0,150.0,400.0,0.1,0.3333,5,10,1.3856,0.5306,602.99,795.54,15
8.0,6.0,300.0,400.0,0.1,0.3333,5,10,1.3856,0.5306,602.99,795.54,15
12.0,2.0,500.0,100.0,0.5,0.3333,5,10,1.397,0.3273,408.66,801.3,15
12.0,2.0,500.0,250.0,0.5,0.3333,5,10,1.397,0.3273,408.66,801.3,15
12.0,2.0,500.0,400.0,0.5,0.3333,5,10,1.397,0.3273,408.66,801.3,15
10.0,6.0,300.0,100.0,0.5,0.3333,5,10,1.418,0.279,341.99,1758.27,15
10.0,6.0,300.0,250.0,0.5,0.3333,5,10,1.418,0.279,341.99,1758.27,15
12.0,2.0,300.0,100.0,0.5,0.3333,5,10,1.4658,0.1868,717.55,835.77,15
12.0,2.0,300.0,250.0,0.5,0.3333,5,10,1.4658,0.1868,717.55,835.77,15
12.0,4.0,500.0,100.0,0.5,0.3333,5,10,1.5076,0.2513,408.66,849.3,15
12.0,4.0,500.0,250.0,0.5,0.3333,5,10,1.5076,0.2513,408.66,849.3,15
12.0,4.0,500.0,400.0,0.5,0.3333,5,10,1.5076,0.2513,408.66,849.3,15
8.0,6.0,300.0,100.0,0.1,0.3333,5,10,1.5584,0.4714,602.99,1061.6,15
8.0,6.0,300.0,250.0,0.1,0.3333,5,10,1.5584,0.4714,602.99,1061.6,15
12.0,2.0,150.0,250.0,0.5,0.3333,5,10,1.5978,0.1588,1025.33,938.43,15
12.0,4.0,150.0,400.0,0.5,0.3333,5,10,1.6471,0.2001,717.55,719.77,15
12.0,4.0,300.0,400.0,0.5,0.3333,5,10,1.6471,0.2001,717.55,719.77,15
12.0,2.0,800.0,100.0,0.3,0.3333,5,10,1.7876,0.5606,653.32,260.99,15
12.0,2.0,800.0,250.0,0.3,0.3333,5,10,1.7876,0.5606,653.32,260.99,15
12.0,2.0,800.0,400.0,0.3,0.3333,5,10,1.7876,0.5606,653.32,260.99,15
12.0,2.0,150.0,400.0,0.3,0.3333,5,10,1.8023,0.2486,653.32,479.66,15
12.0,2.0,300.0,400.0,0.3,0.3333,5,10,1.8023,0.2486,653.32,479.66,15
12.0,4.0,800.0,100.0,0.3,0.3333,5,10,1.8303,0.4393,653.32,326.33,15
12.0,4.0,800.0,250.0,0.3,0.3333,5,10,1.8303,0.4393,653.32,326.33,15
12.0,4.0,800.0,400.0,0.3,0.3333,5,10,1.8303,0.4393,653.32,326.33,15
12.0,6.0,800.0,100.0,0.3,0.3333,5,10,1.8368,0.4004,653.32,332.79,15
12.0,6.0,800.0,250.0,0.3,0.3333,5,10,1.8368,0.4004,653.32,332.79,15
12.0,6.0,800.0,400.0,0.3,0.3333,5,10,1.8368,0.4004,653.32,332.79,15
12.0,2.0,500.0,100.0,0.3,0.3333,5,10,1.8503,0.3193,653.32,472.99,15
12.0,2.0,500.0,250.0,0.3,0.3333,5,10,1.8503,0.3193,653.32,472.99,15
12.0,2.0,500.0,400.0,0.3,0.3333,5,10,1.8503,0.3193,653.32,472.99,15
12.0,4.0,500.0,100.0,0.3,0.3333,5,10,1.913,0.2793,653.32,474.33,15
12.0,4.0,500.0,250.0,0.3,0.3333,5,10,1.913,0.2793,653.32,474.33,15
12.0,4.0,500.0,400.0,0.3,0.3333,5,10,1.913,0.2793,653.32,474.33,15
12.0,4.0,150.0,400.0,0.3,0.3333,5,10,1.9941,0.2231,962.21,264.79,15
12.0,4.0,300.0,400.0,0.3,0.3333,5,10,1.9941,0.2231,962.21,264.79,15
6.0,2.0,300.0,100.0,0.3,0.2667,4,11,0.5241,1.2357,362.12,1095.97,15
6.0,2.0,300.0,250.0,0.3,0.2667,4,11,0.5241,1.2357,362.12,1095.97,15
6.0,2.0,300.0,100.0,0.1,0.2667,4,11,0.5505,1.2289,363.45,1095.97,15
6.0,2.0,300.0,250.0,0.1,0.2667,4,11,0.5505,1.2289,363.45,1095.97,15
6.0,2.0,150.0,250.0,0.3,0.2667,4,11,0.5641,1.1744,362.12,1333.3,15
10.0,2.0,800.0,100.0,0.3,0.2667,4,11,0.5737,1.0961,66.76,293.65,15
10.0,2.0,800.0,250.0,0.3,0.2667,4,11,0.5737,1.0961,66.76,293.65,15
10.0,2.0,800.0,400.0,0.3,0.2667,4,11,0.5737,1.0961,66.76,293.65,15
6.0,4.0,150.0,400.0,0.1,0.2667,4,11,0.6046,1.2016,359.18,897.97,15
6.0,4.0,300.0,400.0,0.1,0.2667,4,11,0.6046,1.2016,359.18,897.97,15
6.0,4.0,300.0,100.0,0.5,0.2667,4,11,0.6177,0.9601,112.45,1699.31,15
6.0,4.0,300.0,250.0,0.5,0.2667,4,11,0.6177,0.9601,112.45,1699.31,15
6.0,8.0,800.0,100.0,0.3,0.2667,4,11,0.6231,1.4041,14.76,921.97,15
6.0,8.0,800.0,250.0,0.3,0.2667,4,11,0.6231,1.4041,14.76,921.97,15
6.0,8.0,800.0,400.0,0.3,0.2667,4,11,0.6231,1.4041,14.76,921.97,15
6.0,6.0,500.0,100.0,0.5,0.2667,4,11,0.6535,1.0678,55.29,1516.64,15
6.0,6.0,500.0,250.0,0.5,0.2667,4,11,0.6535,1.0678,55.29,1516.64,15
6.0,6.0,500.0,400.0,0.5,0.2667,4,11,0.6535,1.0678,55.29,1516.64,15
6.0,6.0,500.0,100.0,0.3,0.2667,4,11,0.6605,1.2108,58.97,1309.97,15
6.0,6.0,500.0,250.0,0.3,0.2667,4,11,0.6605,1.2108,58.97,1309.97,15
6.0,6.0,500.0,400.0,0.3,0.2667,4,11,0.6605,1.2108,58.97,1309.97,15
6.0,8.0,800.0,100.0,1.0,0.2667,4,11,0.6828,1.0011,102.43,1233.75,15
6.0,8.0,800.0,250.0,1.0,0.2667,4,11,0.6828,1.0011,102.43,1233.75,15
6.0,8.0,800.0,400.0,1.0,0.2667,4,11,0.6828,1.0011,102.43,1233.75,15
12.0,2.0,800.0,100.0,1.0,0.2667,4,11,0.6848,0.5258,177.79,293.65,15
12.0,2.0,800.0,250.0,1.0,0.2667,4,11,0.6848,0.5258,177.79,293.65,15
12.0,2.0,800.0,400.0,1.0,0.2667,4,11,0.6848,0.5258,177.79,293.65,15
6.0,6.0,500.0,100.0,1.0,0.2667,4,11,0.6891,0.8394,66.91,1565.75,15
6.0,6.0,500.0,250.0,1.0,0.2667,4,11,0.6891,0.8394,66.91,1565.75,15
6.0,6.0,500.0,400.0,1.0,0.2667,4,11,0.6891,0.8394,66.91,1565.75,15
6.0,6.0,150.0,400.0,0.3,0.2667,4,11,0.7018,1.1161,361.85,1085.97,15
6.0,6.0,300.0,400.0,0.3,0.2667,4,11,0.7018,1.1161,361.85,1085.97,15
6.0,4.0,150.0,250.0,0.5,0.2667,4,11,0.7151,0.8508,975.59,1188.68,15
12.0,4.0,800.0,100.0,1.0,0.2667,4,11,0.7274,0.3924,177.79,358.99,15
12.0,4.0,800.0,250.0,1.0,0.2667,4,11,0.7274,0.3924,177.79,358.99,15
12.0,4.0,800.0,400.0,1.0,0.2667,4,11,0.7274,0.3924,177.79,358.99,15
6.0,6.0,150.0,400.0,1.0,0.2667,4,11,0.7457,0.7561,433.14,1392.41,15
6.0,6.0,300.0,400.0,1.0,0.2667,4,11,0.7457,0.7561,433.14,1392.41,15
6.0,4.0,150.0,250.0,1.0,0.2667,4,11,0.7845,0.6415,979.59,1333.79,15
8.0,4.0,300.0,100.0,0.3,0.2667,4,11,0.803,0.7613,330.32,1078.88,15
8.0,4.0,300.0,250.0,0.3,0.2667,4,11,0.803,0.7613,330.32,1078.88,15
10.0,2.0,150.0,400.0,0.3,0.2667,4,11,0.8191,0.8321,66.76,994.43,15
10.0,2.0,300.0,400.0,0.3,0.2667,4,11,0.8191,0.8321,66.76,994.43,15
14.0,2.0,800.0,100.0,1.0,0.2667,4,11,0.8441,0.4904,123.79,293.65,15
14.0,2.0,800.0,250.0,1.0,0.2667,4,11,0.8441,0.4904,123.79,293.65,15
14.0,2.0,800.0,400.0,1.0,0.2667,4,11,0.8441,0.4904,123.79,293.65,15
8.0,4.0,300.0,100.0,0.5,0.2667,4,11,0.8506,0.7716,329.99,1389.55,15
8.0,4.0,300.0,250.0,0.5,0.2667,4,11,0.8506,0.7716,329.99,1389.55,15
6.0,6.0,150.0,400.0,0.1,0.2667,4,11,0.8832,1.0242,363.45,1160.64,15
6.0,6.0,300.0,400.0,0.1,0.2667,4,11,0.8832,1.0242,363.45,1160.64,15
14.0,4.0,800.0,100.0,1.0,0.2667,4,11,0.8894,0.3611,123.79,360.32,15
14.0,4.0,800.0,250.0,1.0,0.2667,4,11,0.8894,0.3611,123.79,360.32,15
14.0,4.0,800.0,400.0,1.0,0.2667,4,11,0.8894,0.3611,123.79,360.32,15
6.0,8.0,500.0,100.0,1.0,0.2667,4,11,0.8971,0.8048,434.47,1779.08,15
6.0,8.0,500.0,250.0,1.0,0.2667,4,11,0.8971,0.8048,434.47,1779.08,15
6.0,8.0,500.0,400.0,1.0,0.2667,4,11,0.8971,0.8048,434.47,1779.08,15
8.0,6.0,500.0,100.0,1.0,0.2667,4,11,0.9089,0.6192,25.78,1627.08,15
8.0,6.0,500.0,250.0,1.0,0.2667,4,11,0.9089,0.6192,25.78,1627.08,15
8.0,6.0,500.0,400.0,1.0,0.2667,4,11,0.9089,0.6192,25.78,1627.08,15
6.0,6.0,300.0,100.0,1.0,0.2667,4,11,0.9098,0.6388,733.14,1527.81,15
6.0,6.0,300.0,250.0,1.0,0.2667,4,11,0.9098,0.6388,733.14,1527.81,15
6.0,4.0,150.0,100.0,0.3,0.2667,4,11,0.9229,0.8026,461.25,2160.99,15
6.0,6.0,150.0,250.0,0.3,0.2667,4,11,0.9288,0.8658,726.59,1783.12,15
6.0,6.0,150.0,250.0,0.5,0.2667,4,11,0.9378,0.7455,1028.92,1565.79,15
8.0,4.0,150.0,250.0,0.5,0.2667,4,11,0.9387,0.6571,939.79,1229.59,15
12.0,6.0,800.0,100.0,1.0,0.2667,4,11,0.9609,0.3072,177.79,592.44,15
12.0,6.0,800.0,250.0,1.0,0.2667,4,11,0.9609,0.3072,177.79,592.44,15
12.0,6.0,800.0,400.0,1.0,0.2667,4,11,0.9609,0.3072,177.79,592.44,15
6.0,4.0,150.0,100.0,0.5,0.2667,4,11,0.9972,0.7169,850.25,1968.99,15
8.0,4.0,150.0,250.0,1.0,0.2667,4,11,1.0043,0.4799,990.25,1336.45,15
8.0,6.0,150.0,400.0,1.0,0.2667,4,11,1.0102,0.5325,473.14,1392.41,15
8.0,6.0,300.0,400.0,1.0,0.2667,4,11,1.0102,0.5325,473.14,1392.41,15
8.0,2.0,800.0,100.0,0.1,0.2667,4,11,1.0198,1.2288,299.43,293.65,15
8.0,2.0,800.0,250.0,0.1,0.2667,4,11,1.0198,1.2288,299.43,293.65,15
8.0,2.0,800.0,400.0,0.1,0.2667,4,11,1.0198,1.2288,299.43,293.65,15
10.0,2.0,300.0,100.0,0.3,0.2667,4,11,1.0212,0.7755,612.99,833.1,15
10.0,2.0,300.0,250.0,0.3,0.2667,4,11,1.0212,0.7755,612.99,833.1,15
8.0,4.0,800.0,100.0,0.1,0.2667,4,11,1.0491,1.1314,299.43,358.99,15
8.0,4.0,800.0,250.0,0.1,0.2667,4,11,1.0491,1.1314,299.43,358.99,15
8.0,4.0,800.0,400.0,0.1,0.2667,4,11,1.0491,1.1314,299.43,358.99,15
6.0,8.0,150.0,400.0,1.0,0.2667,4,11,1.0569,0.7099,214.47,2132.41,15
6.0,8.0,300.0,400.0,1.0,0.2667,4,11,1.0569,0.7099,214.47,2132.41,15
6.0,6.0,150.0,250.0,1.0,0.2667,4,11,1.0685,0.5535,1036.92,1608.45,15
8.0,6.0,300.0,100.0,0.5,0.2667,4,11,1.1014,0.6064,334.67,1592.94,15
8.0,6.0,300.0,250.0,0.5,0.2667,4,11,1.1014,0.6064,334.67,1592.94,15
8.0,6.0,800.0,100.0,0.1,0.2667,4,11,1.1102,1.0446,299.43,548.12,15
8.0,6.0,800.0,250.0,0.1,0.2667,4,11,1.1102,1.0446,299.43,548.12,15
8.0,6.0,800.0,400.0,0.1,0.2667,4,11,1.1102,1.0446,299.43,548.12,15
12.0,2.0,500.0,100.0,1.0,0.2667,4,11,1.1166,0.2549,177.79,965.1,15
12.0,2.0,500.0,250.0,1.0,0.2667,4,11,1.1166,0.2549,177.79,965.1,15
12.0,2.0,500.0,400.0,1.0,0.2667,4,11,1.1166,0.2549,177.79,965.1,15
12.0,2.0,150.0,400.0,1.0,0.2667,4,11,1.1186,0.1596,177.79,1021.77,15
12.0,2.0,300.0,400.0,1.0,0.2667,4,11,1.1186,0.1596,177.79,1021.77,15
6.0,8.0,300.0,100.0,1.0,0.2667,4,11,1.1243,0.5866,426.47,2426.47,15
6.0,8.0,300.0,250.0,1.0,0.2667,4,11,1.1243,0.5866,426.47,2426.47,15
8.0,6.0,300.0,100.0,1.0,0.2667,4,11,1.1403,0.4413,523.81,1785.14,15
8.0,6.0,300.0,250.0,1.0,0.2667,4,11,1.1403,0.4413,523.81,1785.14,15
8.0,8.0,500.0,100.0,0.5,0.2667,4,11,1.1647,0.7497,334.67,1481.55,15
8.0,8.0,500.0,250.0,0.5,0.2667,4,11,1.1647,0.7497,334.67,1481.55,15
8.0,8.0,500.0,400.0,0.5,0.2667,4,11,1.1647,0.7497,334.67,1481.55,15
10.0,2.0,150.0,250.0,0.3,0.2667,4,11,1.1932,0.7142,683.65,1067.77,15
6.0,8.0,150.0,250.0,0.5,0.2667,4,11,1.2109,0.6999,1063.59,1919.12,15
8.0,8.0,500.0,100.0,1.0,0.2667,4,11,1.2182,0.5979,473.14,1788.41,15
8.0,8.0,500.0,250.0,1.0,0.2667,4,11,1.2182,0.5979,473.14,1788.41,15
8.0,8.0,500.0,400.0,1.0,0.2667,4,11,1.2182,0.5979,473.14,1788.41,15
12.0,4.0,500.0,100.0,1.0,0.2667,4,11,1.2292,0.1836,177.79,1219.11,15
12.0,4.0,500.0,250.0,1.0,0.2667,4,11,1.2292,0.1836,177.79,1219.11,15
12.0,4.0,500.0,400.0,1.0,0.2667,4,11,1.2292,0.1836,177.79,1219.11,15
8.0,4.0,150.0,400.0,0.1,0.2667,4,11,1.2325,0.7175,606.99,605.1,15
8.0,4.0,300.0,400.0,0.1,0.2667,4,11,1.2325,0.7175,606.99,605.1,15
6.0,8.0,150.0,250.0,0.3,0.2667,4,11,1.2526,0.8029,968.92,1943.12,15
8.0,8.0,150.0,400.0,0.5,0.2667,4,11,1.2553,0.6403,98.67,1812.21,15
8.0,8.0,300.0,400.0,0.5,0.2667,4,11,1.2553,0.6403,98.67,1812.21,15
10.0,4.0,300.0,100.0,0.3,0.2667,4,11,1.2563,0.64,612.99,1009.55,15
10.0,4.0,300.0,250.0,0.3,0.2667,4,11,1.2563,0.64,612.99,1009.55,15
12.0,2.0,300.0,100.0,1.0,0.2667,4,11,1.2849,0.1112,177.79,1596.44,15
12.0,2.0,300.0,250.0,1.0,0.2667,4,11,1.2849,0.1112,177.79,1596.44,15
14.0,6.0,800.0,100.0,1.0,0.2667,4,11,1.2916,0.3046,123.79,762.43,15
14.0,6.0,800.0,250.0,1.0,0.2667,4,11,1.2916,0.3046,123.79,762.43,15
14.0,6.0,800.0,400.0,1.0,0.2667,4,11,1.2916,0.3046,123.79,762.43,15
8.0,2.0,150.0,250.0,0.1,0.2667,4,11,1.2959,0.8569,602.99,939.16,15
10.0,4.0,150.0,250.0,0.5,0.2667,4,11,1.2987,0.3931,957.12,1233.59,15
8.0,8.0,150.0,400.0,0.3,0.2667,4,11,1.305,0.5767,333.67,1582.88,15
8.0,8.0,300.0,400.0,0.3,0.2667,4,11,1.305,0.5767,333.67,1582.88,15
8.0,8.0,150.0,400.0,1.0,0.2667,4,11,1.3249,0.5059,238.47,2133.75,15
8.0,8.0,300.0,400.0,1.0,0.2667,4,11,1.3249,0.5059,238.47,2133.75,15
8.0,6.0,150.0,250.0,0.5,0.2667,4,11,1.3534,0.5504,938.45,1534.92,15
8.0,6.0,150.0,250.0,1.0,0.2667,4,11,1.3709,0.4039,1042.25,1705.79,15
10.0,8.0,500.0,100.0,0.5,0.2667,4,11,1.3713,0.339,346.67,1548.21,15
10.0,8.0,500.0,250.0,0.5,0.2667,4,11,1.3713,0.339,346.67,1548.21,15
10.0,8.0,500.0,400.0,0.5,0.2667,4,11,1.3713,0.339,346.67,1548.21,15
8.0,6.0,500.0,100.0,0.1,0.2667,4,11,1.383,0.6906,299.43,1110.21,15
8.0,6.0,500.0,250.0,0.1,0.2667,4,11,1.383,0.6906,299.43,1110.21,15
8.0,6.0,500.0,400.0,0.1,0.2667,4,11,1.383,0.6906,299.43,1110.21,15
6.0,8.0,150.0,250.0,0.1,0.2667,4,11,1.3977,0.6427,508.14,2276.45,15
10.0,6.0,300.0,100.0,1.0,0.2667,4,11,1.4027,0.1624,613.35,1695.61,15
10.0,6.0,300.0,250.0,1.0,0.2667,4,11,1.4027,0.1624,613.35,1695.61,15
12.0,4.0,150.0,400.0,1.0,0.2667,4,11,1.4102,0.1326,541.35,1131.11,15
12.0,4.0,300.0,400.0,1.0,0.2667,4,11,1.4102,0.1326,541.35,1131.11,15
8.0,8.0,300.0,100.0,0.3,0.2667,4,11,1.4191,0.4587,333.67,1979.61,15
8.0,8.0,300.0,250.0,0.3,0.2667,4,11,1.4191,0.4587,333.67,1979.61,15
10.0,8.0,500.0,100.0,1.0,0.2667,4,11,1.4193,0.239,450.68,1672.21,15
10.0,8.0,500.0,250.0,1.0,0.2667,4,11,1.4193,0.239,450.68,1672.21,15
10.0,8.0,500.0,400.0,1.0,0.2667,4,11,1.4193,0.239,450.68,1672.21,15
8.0,6.0,150.0,250.0,0.3,0.2667,4,11,1.4231,0.4654,916.12,1576.25,15
8.0,8.0,300.0,100.0,0.5,0.2667,4,11,1.4254,0.5224,332.01,2094.27,15
8.0,8.0,300.0,250.0,0.5,0.2667,4,11,1.4254,0.5224,332.01,2094.27,15
10.0,4.0,150.0,250.0,1.0,0.2667,4,11,1.4361,0.2037,968.01,1285.59,15
8.0,8.0,300.0,100.0,1.0,0.2667,4,11,1.4629,0.4079,621.14,2183.81,15
8.0,8.0,300.0,250.0,1.0,0.2667,4,11,1.4629,0.4079,621.14,2183.81,15
12.0,2.0,150.0,250.0,1.0,0.2667,4,11,1.4649,0.0832,1100.01,1087.75,15
8.0,8.0,500.0,100.0,0.1,0.2667,4,11,1.4827,0.561,401.01,1076.87,15
8.0,8.0,500.0,250.0,0.1,0.2667,4,11,1.4827,0.561,401.01,1076.87,15
8.0,8.0,500.0,400.0,0.1,0.2667,4,11,1.4827,0.561,401.01,1076.87,15
10.0,8.0,500.0,100.0,0.3,0.2667,4,11,1.4877,0.4433,617.67,1298.88,15
10.0,8.0,500.0,250.0,0.3,0.2667,4,11,1.4877,0.4433,617.67,1298.88,15
10.0,8.0,500.0,400.0,0.3,0.2667,4,11,1.4877,0.4433,617.67,1298.88,15
14.0,2.0,500.0,100.0,1.0,0.2667,4,11,1.4942,0.2326,123.79,965.1,15
14.0,2.0,500.0,250.0,1.0,0.2667,4,11,1.4942,0.2326,123.79,965.1,15
14.0,2.0,500.0,400.0,1.0,0.2667,4,11,1.4942,0.2326,123.79,965.1,15
10.0,8.0,150.0,400.0,0.5,0.2667,4,11,1.4993,0.299,346.67,1657.55,15
10.0,8.0,300.0,400.0,0.5,0.2667,4,11,1.4993,0.299,346.67,1657.55,15
14.0,2.0,150.0,400.0,1.0,0.2667,4,11,1.5209,0.1552,123.79,991.77,15
14.0,2.0,300.0,400.0,1.0,0.2667,4,11,1.5209,0.1552,123.79,991.77,15
10.0,6.0,300.0,100.0,0.3,0.2667,4,11,1.521,0.466,612.99,1442.27,15
10.0,6.0,300.0,250.0,0.3,0.2667,4,11,1.521,0.466,612.99,1442.27,15
10.0,8.0,150.0,400.0,1.0,0.2667,4,11,1.5247,0.1857,216.01,2021.55,15
10.0,8.0,300.0,400.0,1.0,0.2667,4,11,1.5247,0.1857,216.01,2021.55,15
14.0,4.0,500.0,100.0,1.0,0.2667,4,11,1.5529,0.1766,123.79,1227.77,15
14.0,4.0,500.0,250.0,1.0,0.2667,4,11,1.5529,0.1766,123.79,1227.77,15
14.0,4.0,500.0,400.0,1.0,0.2667,4,11,1.5529,0.1766,123.79,1227.77,15
10.0,2.0,150.0,100.0,0.5,0.2667,4,11,1.565,0.3727,443.79,1798.35,15
10.0,8.0,150.0,400.0,0.3,0.2667,4,11,1.6063,0.3767,617.67,1345.55,15
10.0,8.0,300.0,400.0,0.3,0.2667,4,11,1.6063,0.3767,617.67,1345.55,15
8.0,8.0,150.0,400.0,0.1,0.2667,4,11,1.6103,0.4593,606.35,1020.87,15
8.0,8.0,300.0,400.0,0.1,0.2667,4,11,1.6103,0.4593,606.35,1020.87,15
8.0,8.0,150.0,250.0,0.5,0.2667,4,11,1.6214,0.4637,937.12,1878.92,15
14.0,2.0,300.0,100.0,1.0,0.2667,4,11,1.6302,0.1086,123.79,1559.77,15
14.0,2.0,300.0,250.0,1.0,0.2667,4,11,1.6302,0.1086,123.79,1559.77,15
12.0,6.0,500.0,100.0,0.5,0.2667,4,11,1.6459,0.2216,408.66,1324.87,15
12.0,6.0,500.0,250.0,0.5,0.2667,4,11,1.6459,0.2216,408.66,1324.87,15
12.0,6.0,500.0,400.0,0.5,0.2667,4,11,1.6459,0.2216,408.66,1324.87,15
8.0,8.0,150.0,250.0,0.3,0.2667,4,11,1.6497,0.3961,934.45,1808.25,15
12.0,8.0,800.0,100.0,0.5,0.2667,4,11,1.6655,0.3319,645.55,896.87,15
12.0,8.0,800.0,250.0,0.5,0.2667,4,11,1.6655,0.3319,645.55,896.87,15
12.0,8.0,800.0,400.0,0.5,0.2667,4,11,1.6655,0.3319,645.55,896.87,15
10.0,8.0,300.0,100.0,0.5,0.2667,4,11,1.6974,0.2264,112.01,2354.27,15
10.0,8.0,300.0,250.0,0.5,0.2667,4,11,1.6974,0.2264,112.01,2354.27,15
8.0,6.0,150.0,250.0,0.1,0.2667,4,11,1.7164,0.3827,607.68,1531.58,15
8.0,8.0,300.0,100.0,0.1,0.2667,4,11,1.7204,0.3961,606.35,1582.93,15
8.0,8.0,300.0,250.0,0.1,0.2667,4,11,1.7204,0.3961,606.35,1582.93,15
10.0,8.0,300.0,100.0,0.3,0.2667,4,11,1.7457,0.2907,617.67,1730.27,15
10.0,8.0,300.0,250.0,0.3,0.2667,4,11,1.7457,0.2907,617.67,1730.27,15
12.0,6.0,150.0,400.0,0.5,0.2667,4,11,1.7615,0.1772,717.55,1108.87,15
12.0,6.0,300.0,400.0,0.5,0.2667,4,11,1.7615,0.1772,717.55,1108.87,15
10.0,8.0,300.0,100.0,1.0,0.2667,4,11,1.7667,0.1331,822.68,1887.61,15
10.0,8.0,300.0,250.0,1.0,0.2667,4,11,1.7667,0.1331,822.68,1887.61,15
14.0,4.0,150.0,400.0,1.0,0.2667,4,11,1.7716,0.1299,488.69,1131.77,15
14.0,4.0,300.0,400.0,1.0,0.2667,4,11,1.7716,0.1299,488.69,1131.77,15
10.0,6.0,150.0,250.0,0.5,0.2667,4,11,1.7721,0.2637,1227.79,1360.25,15
10.0,6.0,150.0,250.0,1.0,0.2667,4,11,1.7947,0.1344,964.01,1709.59,15
12.0,4.0,300.0,100.0,0.5,0.2667,4,11,1.8002,0.1425,717.55,1263.54,15
12.0,4.0,300.0,250.0,0.5,0.2667,4,11,1.8002,0.1425,717.55,1263.54,15
10.0,6.0,150.0,250.0,0.3,0.2667,4,11,1.8044,0.3027,920.12,1577.59,15
12.0,2.0,300.0,100.0,0.3,0.2667,4,11,1.8898,0.4201,962.21,483.11,15
12.0,2.0,300.0,250.0,0.3,0.2667,4,11,1.8898,0.4201,962.21,483.11,15
10.0,8.0,150.0,250.0,0.5,0.2667,4,11,1.9334,0.1864,951.79,1936.25,15
10.0,8.0,800.0,100.0,0.1,0.2667,4,11,1.9979,0.5082,642.32,367.11,15
10.0,8.0,800.0,250.0,0.1,0.2667,4,11,1.9979,0.5082,642.32,367.11,15
10.0,8.0,800.0,400.0,0.1,0.2667,4,11,1.9979,0.5082,642.32,367.11,15
10.0,8.0,150.0,250.0,0.3,0.2667,4,11,2.0324,0.2467,1222.45,1605.59,15
10.0,4.0,150.0,400.0,0.1,0.2667,4,11,2.0365,0.3815,959.65,268.44,15
10.0,4.0,300.0,400.0,0.1,0.2667,4,11,2.0365,0.3815,959.65,268.44,15
12.0,2.0,150.0,250.0,0.3,0.2667,4,11,2.0431,0.3628,1032.88,713.77,15
10.0,4.0,500.0,100.0,0.1,0.2667,4,11,2.0891,0.4554,542.76,765.97,15
10.0,4.0,500.0,250.0,0.1,0.2667,4,11,2.0891,0.4554,542.76,765.97,15
10.0,4.0,500.0,400.0,0.1,0.2667,4,11,2.0891,0.4554,542.76,765.97,15
12.0,6.0,500.0,100.0,0.3,0.2667,4,11,2.0899,0.2429,653.32,712.57,15
12.0,6.0,500.0,250.0,0.3,0.2667,4,11,2.0899,0.2429,653.32,712.57,15
12.0,6.0,500.0,400.0,0.3,0.2667,4,11,2.0899,0.2429,653.32,712.57,15
12.0,8.0,800.0,100.0,0.3,0.2667,4,11,2.1042,0.3332,890.21,433.55,15
12.0,8.0,800.0,250.0,0.3,0.2667,4,11,2.1042,0.3332,890.21,433.55,15
12.0,8.0,800.0,400.0,0.3,0.2667,4,11,2.1042,0.3332,890.21,433.55,15
10.0,4.0,300.0,100.0,0.1,0.2667,4,11,2.1106,0.3156,958.32,522.5,15
10.0,4.0,300.0,250.0,0.1,0.2667,4,11,2.1106,0.3156,958.32,522.5,15
12.0,6.0,300.0,100.0,0.5,0.2667,4,11,2.1503,0.1379,717.55,1604.27,15
12.0,6.0,300.0,250.0,0.5,0.2667,4,11,2.1503,0.1379,717.55,1604.27,15
14.0,2.0,150.0,250.0,1.0,0.2667,4,11,2.1636,0.0806,737.13,1509.75,15
10.0,6.0,150.0,400.0,0.1,0.2667,4,11,2.1672,0.3429,959.65,417.77,15
10.0,6.0,300.0,400.0,0.1,0.2667,4,11,2.1672,0.3429,959.65,417.77,15
12.0,4.0,300.0,100.0,0.3,0.2667,4,11,2.1682,0.2265,962.21,653.55,15
12.0,4.0,300.0,250.0,0.3,0.2667,4,11,2.1682,0.2265,962.21,653.55,15
10.0,2.0,150.0,250.0,0.1,0.2667,4,11,2.1733,0.3129,850.32,671.83,15
12.0,6.0,150.0,400.0,0.3,0.2667,4,11,2.1855,0.2492,962.21,477.55,15
12.0,6.0,300.0,400.0,0.3,0.2667,4,11,2.1855,0.2492,962.21,477.55,15
10.0,6.0,500.0,100.0,0.1,0.2667,4,11,2.1916,0.4139,851.65,563.11,15
10.0,6.0,500.0,250.0,0.1,0.2667,4,11,2.1916,0.4139,851.65,563.11,15
10.0,6.0,500.0,400.0,0.1,0.2667,4,11,2.1916,0.4139,851.65,563.11,15
10.0,6.0,300.0,100.0,0.1,0.2667,4,11,2.2563,0.2773,958.32,678.9,15
10.0,6.0,300.0,250.0,0.1,0.2667,4,11,2.2563,0.2773,958.32,678.9,15
12.0,6.0,300.0,100.0,0.3,0.2667,4,11,2.3023,0.2033,962.21,988.94,15
12.0,6.0,300.0,250.0,0.3,0.2667,4,11,2.3023,0.2033,962.21,988.94,15
14.0,2.0,150.0,400.0,0.5,0.2667,4,11,2.3551,0.1495,327.46,260.99,15
14.0,2.0,300.0,400.0,0.5,0.2667,4,11,2.3551,0.1495,327.46,260.99,15
14.0,2.0,500.0,100.0,0.5,0.2667,4,11,2.3551,0.2268,327.46,260.99,15
14.0,2.0,500.0,250.0,0.5,0.2667,4,11,2.3551,0.2268,327.46,260.99,15
14.0,2.0,500.0,400.0,0.5,0.2667,4,11,2.3551,0.2268,327.46,260.99,15
14.0,2.0,800.0,100.0,0.5,0.2667,4,11,2.3551,0.4281,327.46,260.99,15
14.0,2.0,800.0,250.0,0.5,0.2667,4,11,2.3551,0.4281,327.46,260.99,15
14.0,2.0,800.0,400.0,0.5,0.2667,4,11,2.3551,0.4281,327.46,260.99,15
14.0,4.0,150.0,400.0,0.5,0.2667,4,11,2.3551,0.1148,327.46,260.99,15
14.0,4.0,300.0,400.0,0.5,0.2667,4,11,2.3551,0.1148,327.46,260.99,15
14.0,4.0,500.0,100.0,0.5,0.2667,4,11,2.3551,0.1615,327.46,260.99,15
14.0,4.0,500.0,250.0,0.5,0.2667,4,11,2.3551,0.1615,327.46,260.99,15
14.0,4.0,500.0,400.0,0.5,0.2667,4,11,2.3551,0.1615,327.46,260.99,15
14.0,4.0,800.0,100.0,0.5,0.2667,4,11,2.3551,0.3015,327.46,260.99,15
14.0,4.0,800.0,250.0,0.5,0.2667,4,11,2.3551,0.3015,327.46,260.99,15
14.0,4.0,800.0,400.0,0.5,0.2667,4,11,2.3551,0.3015,327.46,260.99,15
14.0,2.0,300.0,100.0,0.5,0.2667,4,11,2.3658,0.1028,327.46,475.66,15
14.0,2.0,300.0,250.0,0.5,0.2667,4,11,2.3658,0.1028,327.46,475.66,15
14.0,6.0,800.0,100.0,0.5,0.2667,4,11,2.3978,0.2908,327.46,324.99,15
14.0,6.0,800.0,250.0,0.5,0.2667,4,11,2.3978,0.2908,327.46,324.99,15
14.0,6.0,800.0,400.0,0.5,0.2667,4,11,2.3978,0.2908,327.46,324.99,15
14.0,2.0,150.0,250.0,0.5,0.2667,4,11,2.5818,0.0748,632.79,478.33,15
6.0,4.0,300.0,100.0,0.3,0.2,3,12,0.5994,1.0991,362.12,1139.31,15
6.0,4.0,300.0,250.0,0.3,0.2,3,12,0.5994,1.0991,362.12,1139.31,15
6.0,2.0,150.0,250.0,0.1,0.2,3,12,0.6879,1.1649,362.12,1152.03,15
6.0,4.0,150.0,250.0,0.3,0.2,3,12,0.6888,1.0151,667.92,1404.68,15
6.0,6.0,300.0,100.0,0.3,0.2,3,12,0.7601,0.9731,362.12,1590.47,15
6.0,6.0,300.0,250.0,0.3,0.2,3,12,0.7601,0.9731,362.12,1590.47,15
6.0,8.0,800.0,100.0,0.1,0.2,3,12,0.7936,1.3466,263.45,1063.31,15
6.0,8.0,800.0,250.0,0.1,0.2,3,12,0.7936,1.3466,263.45,1063.31,15
6.0,8.0,800.0,400.0,0.1,0.2,3,12,0.7936,1.3466,263.45,1063.31,15
6.0,8.0,500.0,100.0,0.5,0.2,3,12,0.8011,0.9634,431.81,1483.08,15
6.0,8.0,500.0,250.0,0.5,0.2,3,12,0.8011,0.9634,431.81,1483.08,15
6.0,8.0,500.0,400.0,0.5,0.2,3,12,0.8011,0.9634,431.81,1483.08,15
10.0,2.0,500.0,100.0,0.3,0.2,3,12,0.8617,0.9294,66.76,967.77,15
10.0,2.0,500.0,250.0,0.3,0.2,3,12,0.8617,0.9294,66.76,967.77,15
10.0,2.0,500.0,400.0,0.3,0.2,3,12,0.8617,0.9294,66.76,967.77,15
6.0,6.0,500.0,100.0,0.1,0.2,3,12,0.8765,1.1789,59.89,1433.97,15
6.0,6.0,500.0,250.0,0.1,0.2,3,12,0.8765,1.1789,59.89,1433.97,15
6.0,6.0,500.0,400.0,0.1,0.2,3,12,0.8765,1.1789,59.89,1433.97,15
6.0,2.0,150.0,100.0,1.0,0.2,3,12,0.895,0.628,859.59,1593.22,15
6.0,2.0,150.0,100.0,0.1,0.2,3,12,0.9038,0.8968,365.47,1782.55,15
6.0,8.0,150.0,400.0,0.3,0.2,3,12,0.9409,1.0299,457.2,1552.41,15
6.0,8.0,300.0,400.0,0.3,0.2,3,12,0.9409,1.0299,457.2,1552.41,15
8.0,4.0,150.0,250.0,0.3,0.2,3,12,1.0297,0.6774,638.79,1344.25,15
8.0,6.0,300.0,100.0,0.3,0.2,3,12,1.1137,0.6054,613.67,1440.94,15
8.0,6.0,300.0,250.0,0.3,0.2,3,12,1.1137,0.6054,613.67,1440.94,15
8.0,2.0,300.0,100.0,0.1,0.2,3,12,1.1699,0.8895,602.99,834.43,15
8.0,2.0,300.0,250.0,0.1,0.2,3,12,1.1699,0.8895,602.99,834.43,15
8.0,2.0,150.0,400.0,0.1,0.2,3,12,1.1811,0.9408,299.43,821.3,15
8.0,2.0,300.0,400.0,0.1,0.2,3,12,1.1811,0.9408,299.43,821.3,15
8.0,2.0,150.0,100.0,0.3,0.2,3,12,1.1945,0.6635,329.67,1673.02,15
8.0,8.0,500.0,100.0,0.3,0.2,3,12,1.2063,0.73,336.34,1497.55,15
8.0,8.0,500.0,250.0,0.3,0.2,3,12,1.2063,0.73,336.34,1497.55,15
8.0,8.0,500.0,400.0,0.3,0.2,3,12,1.2063,0.73,336.34,1497.55,15
8.0,2.0,500.0,100.0,0.1,0.2,3,12,1.2304,1.0474,299.43,801.3,15
8.0,2.0,500.0,250.0,0.1,0.2,3,12,1.2304,1.0474,299.43,801.3,15
8.0,2.0,500.0,400.0,0.1,0.2,3,12,1.2304,1.0474,299.43,801.3,15
8.0,4.0,300.0,100.0,0.1,0.2,3,12,1.2397,0.782,602.99,874.93,15
8.0,4.0,300.0,250.0,0.1,0.2,3,12,1.2397,0.782,602.99,874.93,15
8.0,4.0,500.0,100.0,0.1,0.2,3,12,1.2624,0.9208,299.43,803.97,15
8.0,4.0,500.0,250.0,0.1,0.2,3,12,1.2624,0.9208,299.43,803.97,15
8.0,4.0,500.0,400.0,0.1,0.2,3,12,1.2624,0.9208,299.43,803.97,15
6.0,6.0,150.0,250.0,0.1,0.2,3,12,1.2831,0.7481,368.14,2075.12,15
6.0,8.0,300.0,100.0,0.1,0.2,3,12,1.2864,0.818,363.45,2119.81,15
6.0,8.0,300.0,250.0,0.1,0.2,3,12,1.2864,0.818,363.45,2119.81,15
8.0,2.0,150.0,100.0,1.0,0.2,3,12,1.2937,0.508,643.59,1835.89,15
6.0,4.0,150.0,100.0,0.1,0.2,3,12,1.2952,0.7268,364.14,2234.33,15
6.0,8.0,150.0,250.0,1.0,0.2,3,12,1.3093,0.5196,1004.92,2150.81,15
6.0,6.0,150.0,100.0,0.3,0.2,3,12,1.3653,0.6997,730.59,2214.33,15
6.0,6.0,150.0,100.0,0.5,0.2,3,12,1.3703,0.614,808.92,2302.33,15
12.0,6.0,500.0,100.0,1.0,0.2,3,12,1.4513,0.1497,177.79,1477.55,15
12.0,6.0,500.0,250.0,1.0,0.2,3,12,1.4513,0.1497,177.79,1477.55,15
12.0,6.0,500.0,400.0,1.0,0.2,3,12,1.4513,0.1497,177.79,1477.55,15
12.0,4.0,300.0,100.0,1.0,0.2,3,12,1.466,0.075,793.35,1205.55,15
12.0,4.0,300.0,250.0,1.0,0.2,3,12,1.466,0.075,793.35,1205.55,15
8.0,4.0,150.0,100.0,0.3,0.2,3,12,1.4678,0.4781,426.79,2172.79,15
12.0,8.0,800.0,100.0,1.0,0.2,3,12,1.4687,0.2603,177.79,1361.55,15
12.0,8.0,800.0,250.0,1.0,0.2,3,12,1.4687,0.2603,177.79,1361.55,15
12.0,8.0,800.0,400.0,1.0,0.2,3,12,1.4687,0.2603,177.79,1361.55,15
6.0,6.0,150.0,100.0,0.1,0.2,3,12,1.5124,0.5054,362.12,2447.66,15
8.0,4.0,150.0,100.0,0.5,0.2,3,12,1.5168,0.5498,1065.12,1742.13,15
10.0,4.0,150.0,250.0,0.3,0.2,3,12,1.5297,0.5734,924.12,1300.25,15
10.0,2.0,150.0,100.0,0.3,0.2,3,12,1.5447,0.539,616.34,1422.35,15
12.0,6.0,150.0,400.0,1.0,0.2,3,12,1.586,0.1097,541.35,1332.21,15
12.0,6.0,300.0,400.0,1.0,0.2,3,12,1.586,0.1097,541.35,1332.21,15
8.0,4.0,150.0,250.0,0.1,0.2,3,12,1.5924,0.6441,607.68,1404.91,15
8.0,8.0,150.0,250.0,1.0,0.2,3,12,1.6773,0.3436,1142.25,2041.48,15
14.0,6.0,500.0,100.0,1.0,0.2,3,12,1.75,0.147,123.79,1487.54,15
14.0,6.0,500.0,250.0,1.0,0.2,3,12,1.75,0.147,123.79,1487.54,15
14.0,6.0,500.0,400.0,1.0,0.2,3,12,1.75,0.147,123.79,1487.54,15
12.0,8.0,500.0,100.0,1.0,0.2,3,12,1.8433,0.1403,541.35,1730.88,15
12.0,8.0,500.0,250.0,1.0,0.2,3,12,1.8433,0.1403,541.35,1730.88,15
12.0,8.0,500.0,400.0,1.0,0.2,3,12,1.8433,0.1403,541.35,1730.88,15
12.0,6.0,300.0,100.0,1.0,0.2,3,12,1.9001,0.0704,793.35,1644.94,15
12.0,6.0,300.0,250.0,1.0,0.2,3,12,1.9001,0.0704,793.35,1644.94,15
12.0,8.0,500.0,100.0,0.5,0.2,3,12,1.9316,0.2046,722.24,1255.54,15
12.0,8.0,500.0,250.0,0.5,0.2,3,12,1.9316,0.2046,722.24,1255.54,15
12.0,8.0,500.0,400.0,0.5,0.2,3,12,1.9316,0.2046,722.24,1255.54,15
14.0,8.0,800.0,100.0,1.0,0.2,3,12,1.9393,0.2577,488.69,1319.54,15
14.0,8.0,800.0,250.0,1.0,0.2,3,12,1.9393,0.2577,488.69,1319.54,15
14.0,8.0,800.0,400.0,1.0,0.2,3,12,1.9393,0.2577,488.69,1319.54,15
14.0,6.0,150.0,400.0,1.0,0.2,3,12,1.942,0.107,488.69,1300.87,15
14.0,6.0,300.0,400.0,1.0,0.2,3,12,1.942,0.107,488.69,1300.87,15
12.0,8.0,150.0,400.0,1.0,0.2,3,12,1.946,0.1003,541.35,1858.88,15
12.0,8.0,300.0,400.0,1.0,0.2,3,12,1.946,0.1003,541.35,1858.88,15
10.0,6.0,800.0,100.0,0.1,0.2,3,12,1.9582,0.6459,542.76,359.46,15
10.0,6.0,800.0,250.0,0.1,0.2,3,12,1.9582,0.6459,542.76,359.46,15
10.0,6.0,800.0,400.0,0.1,0.2,3,12,1.9582,0.6459,542.76,359.46,15
10.0,2.0,150.0,400.0,0.1,0.2,3,12,1.9638,0.6754,959.65,260.99,15
10.0,2.0,300.0,400.0,0.1,0.2,3,12,1.9638,0.6754,959.65,260.99,15
10.0,2.0,500.0,100.0,0.1,0.2,3,12,1.9718,0.7741,542.76,637.97,15
10.0,2.0,500.0,250.0,0.1,0.2,3,12,1.9718,0.7741,542.76,637.97,15
10.0,2.0,500.0,400.0,0.1,0.2,3,12,1.9718,0.7741,542.76,637.97,15
10.0,4.0,150.0,100.0,0.3,0.2,3,12,1.9771,0.3568,713.45,1920.79,15
12.0,4.0,150.0,250.0,1.0,0.2,3,12,1.9787,0.0544,1098.68,1409.59,15
10.0,4.0,150.0,100.0,0.5,0.2,3,12,1.9795,0.2858,857.12,1982.13,15
12.0,4.0,150.0,250.0,0.5,0.2,3,12,1.9963,0.1199,1336.69,1083.58,15
14.0,4.0,300.0,100.0,1.0,0.2,3,12,2.026,0.0723,795.35,1367.54,15
14.0,4.0,300.0,250.0,1.0,0.2,3,12,2.026,0.0723,795.35,1367.54,15
10.0,8.0,150.0,250.0,1.0,0.2,3,12,2.0411,0.1048,902.68,2110.61,15
8.0,8.0,150.0,250.0,0.1,0.2,3,12,2.0515,0.3191,781.01,1721.31,15
10.0,2.0,300.0,100.0,0.1,0.2,3,12,2.0619,0.5202,958.32,484.44,15
10.0,2.0,300.0,250.0,0.1,0.2,3,12,2.0619,0.5202,958.32,484.44,15
12.0,2.0,800.0,100.0,0.1,0.2,3,12,2.1665,0.3128,372.14,260.99,15
12.0,2.0,800.0,250.0,0.1,0.2,3,12,2.1665,0.3128,372.14,260.99,15
12.0,2.0,800.0,400.0,0.1,0.2,3,12,2.1665,0.3128,372.14,260.99,15
12.0,2.0,150.0,400.0,0.1,0.2,3,12,2.1811,0.1261,372.14,479.66,15
12.0,2.0,300.0,400.0,0.1,0.2,3,12,2.1811,0.1261,372.14,479.66,15
12.0,8.0,150.0,400.0,0.5,0.2,3,12,2.1902,0.1579,722.24,1396.87,15
12.0,8.0,300.0,400.0,0.5,0.2,3,12,2.1902,0.1579,722.24,1396.87,15
12.0,4.0,150.0,250.0,0.3,0.2,3,12,2.1976,0.1813,1345.35,694.92,15
12.0,4.0,800.0,100.0,0.1,0.2,3,12,2.2078,0.3008,372.14,324.99,15
12.0,4.0,800.0,250.0,0.1,0.2,3,12,2.2078,0.3008,372.14,324.99,15
12.0,4.0,800.0,400.0,0.1,0.2,3,12,2.2078,0.3008,372.14,324.99,15
12.0,8.0,300.0,100.0,1.0,0.2,3,12,2.2161,0.0611,1097.35,1694.27,15
12.0,8.0,300.0,250.0,1.0,0.2,3,12,2.2161,0.0611,1097.35,1694.27,15
12.0,6.0,800.0,100.0,0.1,0.2,3,12,2.2168,0.2724,372.14,333.97,15
12.0,6.0,800.0,250.0,0.1,0.2,3,12,2.2168,0.2724,372.14,333.97,15
12.0,6.0,800.0,400.0,0.1,0.2,3,12,2.2168,0.2724,372.14,333.97,15
12.0,8.0,500.0,100.0,0.3,0.2,3,12,2.2249,0.2259,966.9,722.88,15
12.0,8.0,500.0,250.0,0.3,0.2,3,12,2.2249,0.2259,966.9,722.88,15
12.0,8.0,500.0,400.0,0.3,0.2,3,12,2.2249,0.2259,966.9,722.88,15
12.0,2.0,500.0,100.0,0.1,0.2,3,12,2.2278,0.1728,372.14,472.99,15
12.0,2.0,500.0,250.0,0.1,0.2,3,12,2.2278,0.1728,372.14,472.99,15
12.0,2.0,500.0,400.0,0.1,0.2,3,12,2.2278,0.1728,372.14,472.99,15
12.0,4.0,500.0,100.0,0.1,0.2,3,12,2.2291,0.1608,372.14,474.33,15
12.0,4.0,500.0,250.0,0.1,0.2,3,12,2.2291,0.1608,372.14,474.33,15
12.0,4.0,500.0,400.0,0.1,0.2,3,12,2.2291,0.1608,372.14,474.33,15
10.0,8.0,500.0,100.0,0.1,0.2,3,12,2.2319,0.3529,856.34,565.77,15
10.0,8.0,500.0,250.0,0.1,0.2,3,12,2.2319,0.3529,856.34,565.77,15
10.0,8.0,500.0,400.0,0.1,0.2,3,12,2.2319,0.3529,856.34,565.77,15
10.0,8.0,150.0,400.0,0.1,0.2,3,12,2.2359,0.2796,964.34,472.44,15
10.0,8.0,300.0,400.0,0.1,0.2,3,12,2.2359,0.2796,964.34,472.44,15
10.0,4.0,150.0,250.0,0.1,0.2,3,12,2.2383,0.278,855.01,994.21,15
12.0,8.0,800.0,100.0,0.1,0.2,3,12,2.2434,0.2684,372.14,360.64,15
12.0,8.0,800.0,250.0,0.1,0.2,3,12,2.2434,0.2684,372.14,360.64,15
12.0,8.0,800.0,400.0,0.1,0.2,3,12,2.2434,0.2684,372.14,360.64,15
12.0,6.0,150.0,250.0,1.0,0.2,3,12,2.2521,0.0504,1097.35,1769.59,15
14.0,8.0,500.0,100.0,1.0,0.2,3,12,2.2567,0.1377,488.69,1820.87,15
14.0,8.0,500.0,250.0,1.0,0.2,3,12,2.2567,0.1377,488.69,1820.87,15
14.0,8.0,500.0,400.0,1.0,0.2,3,12,2.2567,0.1377,488.69,1820.87,15
12.0,2.0,150.0,100.0,0.5,0.2,3,12,2.2664,0.0874,850.02,1641.45,15
10.0,6.0,150.0,250.0,0.1,0.2,3,12,2.2837,0.2433,851.01,1023.55,15
14.0,6.0,300.0,100.0,1.0,0.2,3,12,2.2881,0.0677,795.35,1618.93,15
14.0,6.0,300.0,250.0,1.0,0.2,3,12,2.2881,0.0677,795.35,1618.93,15
10.0,8.0,300.0,100.0,0.1,0.2,3,12,2.301,0.2073,855.01,1033.57,15
10.0,8.0,300.0,250.0,0.1,0.2,3,12,2.301,0.2073,855.01,1033.57,15
12.0,4.0,150.0,400.0,0.1,0.2,3,12,2.3048,0.1164,678.81,263.31,15
12.0,4.0,300.0,400.0,0.1,0.2,3,12,2.3048,0.1164,678.81,263.31,15
14.0,8.0,150.0,400.0,1.0,0.2,3,12,2.31,0.0977,488.69,1867.54,15
14.0,8.0,300.0,400.0,1.0,0.2,3,12,2.31,0.0977,488.69,1867.54,15
12.0,2.0,300.0,100.0,0.1,0.2,3,12,2.3154,0.0858,678.81,480.64,15
12.0,2.0,300.0,250.0,0.1,0.2,3,12,2.3154,0.0858,678.81,480.64,15
12.0,8.0,300.0,100.0,0.5,0.2,3,12,2.3256,0.1119,722.24,1828.27,15
12.0,8.0,300.0,250.0,0.5,0.2,3,12,2.3256,0.1119,722.24,1828.27,15
12.0,2.0,150.0,250.0,0.1,0.2,3,12,2.3295,0.0625,678.81,556.68,15
14.0,2.0,150.0,400.0,0.3,0.2,3,12,2.3553,0.1483,327.68,260.99,15
14.0,2.0,300.0,400.0,0.3,0.2,3,12,2.3553,0.1483,327.68,260.99,15
14.0,2.0,500.0,100.0,0.3,0.2,3,12,2.3553,0.2257,327.68,260.99,15
14.0,2.0,500.0,250.0,0.3,0.2,3,12,2.3553,0.2257,327.68,260.99,15
14.0,2.0,500.0,400.0,0.3,0.2,3,12,2.3553,0.2257,327.68,260.99,15
14.0,2.0,800.0,100.0,0.3,0.2,3,12,2.3553,0.427,327.68,260.99,15
14.0,2.0,800.0,250.0,0.3,0.2,3,12,2.3553,0.427,327.68,260.99,15
14.0,2.0,800.0,400.0,0.3,0.2,3,12,2.3553,0.427,327.68,260.99,15
14.0,4.0,800.0,100.0,0.3,0.2,3,12,2.3553,0.3283,327.68,260.99,15
14.0,4.0,800.0,250.0,0.3,0.2,3,12,2.3553,0.3283,327.68,260.99,15
14.0,4.0,800.0,400.0,0.3,0.2,3,12,2.3553,0.3283,327.68,260.99,15
12.0,2.0,150.0,100.0,0.3,0.2,3,12,2.3617,0.1454,966.9,992.79,15
12.0,8.0,150.0,400.0,0.3,0.2,3,12,2.3636,0.2259,966.9,852.21,15
12.0,8.0,300.0,400.0,0.3,0.2,3,12,2.3636,0.2259,966.9,852.21,15
10.0,8.0,150.0,250.0,0.1,0.2,3,12,2.3637,0.1673,851.01,1128.88,15
14.0,4.0,500.0,100.0,0.3,0.2,3,12,2.3911,0.1641,327.68,296.77,15
14.0,4.0,500.0,250.0,0.3,0.2,3,12,2.3911,0.1641,327.68,296.77,15
14.0,4.0,500.0,400.0,0.3,0.2,3,12,2.3911,0.1641,327.68,296.77,15
12.0,6.0,500.0,100.0,0.1,0.2,3,12,2.3928,0.1524,372.14,629.97,15
12.0,6.0,500.0,250.0,0.1,0.2,3,12,2.3928,0.1524,372.14,629.97,15
12.0,6.0,500.0,400.0,0.1,0.2,3,12,2.3928,0.1524,372.14,629.97,15
12.0,6.0,150.0,250.0,0.3,0.2,3,12,2.3949,0.1773,1270.68,914.92,15
14.0,4.0,150.0,400.0,0.3,0.2,3,12,2.3978,0.1241,327.68,303.43,15
14.0,4.0,300.0,400.0,0.3,0.2,3,12,2.3978,0.1241,327.68,303.43,15
10.0,2.0,150.0,100.0,0.1,0.2,3,12,2.3987,0.2264,851.01,1053.02,15
14.0,2.0,300.0,100.0,0.3,0.2,3,12,2.4004,0.0894,327.68,510.1,15
14.0,2.0,300.0,250.0,0.3,0.2,3,12,2.4004,0.0894,327.68,510.1,15
14.0,4.0,300.0,100.0,0.3,0.2,3,12,2.4151,0.0841,327.68,524.77,15
14.0,4.0,300.0,250.0,0.3,0.2,3,12,2.4151,0.0841,327.68,524.77,15
14.0,6.0,800.0,100.0,0.3,0.2,3,12,2.4191,0.2788,327.68,324.77,15
14.0,6.0,800.0,250.0,0.3,0.2,3,12,2.4191,0.2788,327.68,324.77,15
14.0,6.0,800.0,400.0,0.3,0.2,3,12,2.4191,0.2788,327.68,324.77,15
12.0,8.0,500.0,100.0,0.1,0.2,3,12,2.4194,0.1484,372.14,655.31,15
12.0,8.0,500.0,250.0,0.1,0.2,3,12,2.4194,0.1484,372.14,655.31,15
12.0,8.0,500.0,400.0,0.1,0.2,3,12,2.4194,0.1484,372.14,655.31,15
14.0,2.0,150.0,250.0,0.3,0.2,3,12,2.4204,0.0654,327.68,735.43,15
12.0,4.0,300.0,100.0,0.1,0.2,3,12,2.4322,0.0772,372.14,861.37,15
12.0,4.0,300.0,250.0,0.1,0.2,3,12,2.4322,0.0772,372.14,861.37,15
12.0,8.0,300.0,100.0,0.3,0.2,3,12,2.4389,0.1733,966.9,1124.94,15
12.0,8.0,300.0,250.0,0.3,0.2,3,12,2.4389,0.1733,966.9,1124.94,15
12.0,6.0,150.0,250.0,0.5,0.2,3,12,2.4469,0.1159,1336.69,1348.91,15
14.0,6.0,500.0,100.0,0.3,0.2,3,12,2.4484,0.1588,327.68,558.1,15
14.0,6.0,500.0,250.0,0.3,0.2,3,12,2.4484,0.1588,327.68,558.1,15
14.0,6.0,500.0,400.0,0.3,0.2,3,12,2.4484,0.1588,327.68,558.1,15
14.0,6.0,150.0,400.0,0.3,0.2,3,12,2.4604,0.1188,327.68,571.43,15
14.0,6.0,300.0,400.0,0.3,0.2,3,12,2.4604,0.1188,327.68,571.43,15
14.0,6.0,500.0,100.0,0.5,0.2,3,12,2.4629,0.1332,327.46,594.1,15
14.0,6.0,500.0,250.0,0.5,0.2,3,12,2.4629,0.1332,327.46,594.1,15
14.0,6.0,500.0,400.0,0.5,0.2,3,12,2.4629,0.1332,327.46,594.1,15
14.0,8.0,800.0,100.0,0.5,0.2,3,12,2.4816,0.2479,327.46,612.77,15
14.0,8.0,800.0,250.0,0.5,0.2,3,12,2.4816,0.2479,327.46,612.77,15
14.0,8.0,800.0,400.0,0.5,0.2,3,12,2.4816,0.2479,327.46,612.77,15
14.0,4.0,150.0,250.0,0.3,0.2,3,12,2.4838,0.0622,635.46,638.14,15
14.0,4.0,300.0,100.0,0.5,0.2,3,12,2.4869,0.0572,327.46,822.1,15
14.0,4.0,300.0,250.0,0.5,0.2,3,12,2.4869,0.0572,327.46,822.1,15
14.0,8.0,800.0,100.0,0.3,0.2,3,12,2.4951,0.2734,327.68,422.1,15
14.0,8.0,800.0,250.0,0.3,0.2,3,12,2.4951,0.2734,327.68,422.1,15
14.0,8.0,800.0,400.0,0.3,0.2,3,12,2.4951,0.2734,327.68,422.1,15
14.0,4.0,150.0,250.0,1.0,0.2,3,12,2.4974,0.0517,1102.02,1468.91,15
12.0,8.0,150.0,250.0,0.5,0.2,3,12,2.5109,0.0879,1336.69,1479.58,15
14.0,6.0,150.0,400.0,0.5,0.2,3,12,2.5109,0.0932,327.46,643.43,15
14.0,6.0,300.0,400.0,0.5,0.2,3,12,2.5109,0.0932,327.46,643.43,15
12.0,6.0,150.0,400.0,0.1,0.2,3,12,2.5274,0.1124,678.81,385.97,15
12.0,6.0,300.0,400.0,0.1,0.2,3,12,2.5274,0.1124,678.81,385.97,15
14.0,8.0,500.0,100.0,0.5,0.2,3,12,2.5402,0.1279,327.46,672.77,15
14.0,8.0,500.0,250.0,0.5,0.2,3,12,2.5402,0.1279,327.46,672.77,15
14.0,8.0,500.0,400.0,0.5,0.2,3,12,2.5402,0.1279,327.46,672.77,15
14.0,6.0,300.0,100.0,0.5,0.2,3,12,2.541,0.054,327.46,877.49,15
14.0,6.0,300.0,250.0,0.5,0.2,3,12,2.541,0.054,327.46,877.49,15
14.0,8.0,500.0,100.0,0.3,0.2,3,12,2.5444,0.1534,327.68,675.43,15
14.0,8.0,500.0,250.0,0.3,0.2,3,12,2.5444,0.1534,327.68,675.43,15
14.0,8.0,500.0,400.0,0.3,0.2,3,12,2.5444,0.1534,327.68,675.43,15
12.0,8.0,150.0,400.0,0.1,0.2,3,12,2.5554,0.1084,678.81,412.64,15
12.0,8.0,300.0,400.0,0.1,0.2,3,12,2.5554,0.1084,678.81,412.64,15
14.0,2.0,150.0,100.0,0.3,0.2,3,12,2.5577,0.0387,327.68,884.01,15
12.0,8.0,150.0,250.0,0.3,0.2,3,12,2.5589,0.1493,1573.35,809.59,15
14.0,6.0,300.0,100.0,0.3,0.2,3,12,2.5598,0.0795,327.68,896.16,15
14.0,6.0,300.0,250.0,0.3,0.2,3,12,2.5598,0.0795,327.68,896.16,15
14.0,8.0,150.0,400.0,0.5,0.2,3,12,2.5602,0.0879,327.46,692.77,15
14.0,8.0,300.0,400.0,0.5,0.2,3,12,2.5602,0.0879,327.46,692.77,15
12.0,4.0,150.0,100.0,0.5,0.2,3,12,2.561,0.086,864.91,1976.12,15
12.0,4.0,150.0,250.0,0.1,0.2,3,12,2.5806,0.0576,678.81,914.41,15
12.0,6.0,300.0,100.0,0.1,0.2,3,12,2.6206,0.0736,678.81,639.1,15
12.0,6.0,300.0,250.0,0.1,0.2,3,12,2.6206,0.0736,678.81,639.1,15
14.0,8.0,150.0,400.0,0.3,0.2,3,12,2.6258,0.1134,327.68,758.1,15
14.0,8.0,300.0,400.0,0.3,0.2,3,12,2.6258,0.1134,327.68,758.1,15
12.0,4.0,150.0,100.0,0.3,0.2,3,12,2.6477,0.1407,1334.68,968.79,15
14.0,8.0,300.0,100.0,0.3,0.2,3,12,2.6625,0.0742,327.68,992.16,15
14.0,8.0,300.0,250.0,0.3,0.2,3,12,2.6625,0.0742,327.68,992.16,15
14.0,2.0,150.0,400.0,0.1,0.2,3,12,2.6688,0.1084,427.79,260.99,15
14.0,2.0,300.0,400.0,0.1,0.2,3,12,2.6688,0.1084,427.79,260.99,15
14.0,2.0,500.0,100.0,0.1,0.2,3,12,2.6688,0.1764,427.79,260.99,15
14.0,2.0,500.0,250.0,0.1,0.2,3,12,2.6688,0.1764,427.79,260.99,15
14.0,2.0,500.0,400.0,0.1,0.2,3,12,2.6688,0.1764,427.79,260.99,15
14.0,2.0,800.0,100.0,0.1,0.2,3,12,2.6688,0.3578,427.79,260.99,15
14.0,2.0,800.0,250.0,0.1,0.2,3,12,2.6688,0.3578,427.79,260.99,15
14.0,2.0,800.0,400.0,0.1,0.2,3,12,2.6688,0.3578,427.79,260.99,15
14.0,4.0,150.0,400.0,0.1,0.2,3,12,2.6688,0.0978,427.79,260.99,15
14.0,4.0,300.0,400.0,0.1,0.2,3,12,2.6688,0.0978,427.79,260.99,15
14.0,4.0,500.0,100.0,0.1,0.2,3,12,2.6688,0.1378,427.79,260.99,15
14.0,4.0,500.0,250.0,0.1,0.2,3,12,2.6688,0.1378,427.79,260.99,15
14.0,4.0,500.0,400.0,0.1,0.2,3,12,2.6688,0.1378,427.79,260.99,15
14.0,4.0,800.0,100.0,0.1,0.2,3,12,2.6688,0.2578,427.79,260.99,15
14.0,4.0,800.0,250.0,0.1,0.2,3,12,2.6688,0.2578,427.79,260.99,15
14.0,4.0,800.0,400.0,0.1,0.2,3,12,2.6688,0.2578,427.79,260.99,15
14.0,2.0,300.0,100.0,0.1,0.2,3,12,2.6781,0.0684,427.79,474.33,15
14.0,2.0,300.0,250.0,0.1,0.2,3,12,2.6781,0.0684,427.79,474.33,15
14.0,8.0,300.0,100.0,0.5,0.2,3,12,2.6836,0.0486,327.46,1062.83,15
14.0,8.0,300.0,250.0,0.5,0.2,3,12,2.6836,0.0486,327.46,1062.83,15
14.0,2.0,150.0,250.0,0.1,0.2,3,12,2.6842,0.0478,427.79,481.72,15
12.0,2.0,150.0,100.0,0.1,0.2,3,12,2.694,0.043,678.81,946.55,15
14.0,4.0,150.0,250.0,0.5,0.2,3,12,2.713,0.0353,940.79,470.14,15
14.0,6.0,150.0,250.0,1.0,0.2,3,12,2.7201,0.0464,1102.02,1702.25,15
14.0,8.0,300.0,100.0,1.0,0.2,3,12,2.7201,0.0584,1102.02,1594.93,15
14.0,8.0,300.0,250.0,1.0,0.2,3,12,2.7201,0.0584,1102.02,1594.93,15
14.0,6.0,800.0,100.0,0.1,0.2,3,12,2.7328,0.2498,427.79,324.99,15
14.0,6.0,800.0,250.0,0.1,0.2,3,12,2.7328,0.2498,427.79,324.99,15
14.0,6.0,800.0,400.0,0.1,0.2,3,12,2.7328,0.2498,427.79,324.99,15
14.0,8.0,800.0,100.0,0.1,0.2,3,12,2.7341,0.2391,427.79,326.33,15
14.0,8.0,800.0,250.0,0.1,0.2,3,12,2.7341,0.2391,427.79,326.33,15
14.0,8.0,800.0,400.0,0.1,0.2,3,12,2.7341,0.2391,427.79,326.33,15
14.0,2.0,150.0,100.0,0.5,0.2,3,12,2.7455,0.0132,327.46,1105.35,15
14.0,6.0,150.0,250.0,0.3,0.2,3,12,2.7518,0.0582,635.46,806.14,15
14.0,6.0,500.0,100.0,0.1,0.2,3,12,2.7528,0.1298,427.79,344.99,15
14.0,6.0,500.0,250.0,0.1,0.2,3,12,2.7528,0.1298,427.79,344.99,15
14.0,6.0,500.0,400.0,0.1,0.2,3,12,2.7528,0.1298,427.79,344.99,15
14.0,8.0,500.0,100.0,0.1,0.2,3,12,2.7541,0.1191,427.79,346.33,15
14.0,8.0,500.0,250.0,0.1,0.2,3,12,2.7541,0.1191,427.79,346.33,15
14.0,8.0,500.0,400.0,0.1,0.2,3,12,2.7541,0.1191,427.79,346.33,15
14.0,6.0,150.0,400.0,0.1,0.2,3,12,2.7594,0.0898,427.79,351.66,15
14.0,6.0,300.0,400.0,0.1,0.2,3,12,2.7594,0.0898,427.79,351.66,15
14.0,8.0,150.0,400.0,0.1,0.2,3,12,2.7608,0.0791,427.79,352.99,15
14.0,8.0,300.0,400.0,0.1,0.2,3,12,2.7608,0.0791,427.79,352.99,15
12.0,6.0,150.0,250.0,0.1,0.2,3,12,2.7612,0.0542,678.81,942.41,15
14.0,6.0,150.0,250.0,0.5,0.2,3,12,2.7676,0.0326,940.79,524.81,15
14.0,8.0,150.0,250.0,0.3,0.2,3,12,2.7825,0.0528,943.46,643.47,15
14.0,4.0,300.0,100.0,0.1,0.2,3,12,2.8148,0.0585,427.79,572.39,15
14.0,4.0,300.0,250.0,0.1,0.2,3,12,2.8148,0.0585,427.79,572.39,15
12.0,8.0,300.0,100.0,0.1,0.2,3,12,2.8192,0.0696,678.81,908.43,15
12.0,8.0,300.0,250.0,0.1,0.2,3,12,2.8192,0.0696,678.81,908.43,15
14.0,8.0,150.0,250.0,0.5,0.2,3,12,2.8196,0.0286,940.79,652.81,15
12.0,8.0,150.0,250.0,0.1,0.2,3,12,2.8306,0.0516,732.14,945.08,15
14.0,4.0,150.0,100.0,0.3,0.2,3,12,2.8384,0.0367,327.68,1177.35,15
14.0,6.0,300.0,100.0,0.1,0.2,3,12,2.8419,0.0509,427.79,572.79,15
14.0,6.0,300.0,250.0,0.1,0.2,3,12,2.8419,0.0509,427.79,572.79,15
14.0,4.0,150.0,250.0,0.1,0.2,3,12,3.0072,0.0416,427.79,804.79,15
14.0,6.0,150.0,250.0,0.1,0.2,3,12,3.0523,0.0373,427.79,808.48,15
6.0,4.0,300.0,100.0,0.1,0.1333,2,13,0.8117,1.094,363.45,1309.14,15
6.0,4.0,300.0,250.0,0.1,0.1333,2,13,0.8117,1.094,363.45,1309.14,15
6.0,8.0,500.0,100.0,0.3,0.1333,2,13,0.8334,1.0811,430.81,1500.41,15
6.0,8.0,500.0,250.0,0.3,0.1333,2,13,0.8334,1.0811,430.81,1500.41,15
6.0,8.0,500.0,400.0,0.3,0.1333,2,13,0.8334,1.0811,430.81,1500.41,15
6.0,6.0,300.0,100.0,0.1,0.1333,2,13,0.9991,0.8921,368.14,1443.81,15
6.0,6.0,300.0,250.0,0.1,0.1333,2,13,0.9991,0.8921,368.14,1443.81,15
6.0,4.0,150.0,250.0,0.1,0.1333,2,13,1.0071,0.9414,365.47,1799.12,15
6.0,8.0,500.0,100.0,0.1,0.1333,2,13,1.0453,1.065,370.81,1421.75,15
6.0,8.0,500.0,250.0,0.1,0.1333,2,13,1.0453,1.065,370.81,1421.75,15
6.0,8.0,500.0,400.0,0.1,0.1333,2,13,1.0453,1.065,370.81,1421.75,15
6.0,8.0,150.0,400.0,0.1,0.1333,2,13,1.139,0.9546,223.45,1635.08,15
6.0,8.0,300.0,400.0,0.1,0.1333,2,13,1.139,0.9546,223.45,1635.08,15
6.0,4.0,150.0,100.0,1.0,0.1333,2,13,1.2186,0.4969,1180.92,1840.99,15
8.0,8.0,800.0,100.0,0.1,0.1333,2,13,1.375,0.9946,534.99,691.54,15
8.0,8.0,800.0,250.0,0.1,0.1333,2,13,1.375,0.9946,534.99,691.54,15
8.0,8.0,800.0,400.0,0.1,0.1333,2,13,1.375,0.9946,534.99,691.54,15
6.0,6.0,150.0,100.0,1.0,0.1333,2,13,1.4957,0.406,827.59,2396.99,15
8.0,4.0,150.0,100.0,1.0,0.1333,2,13,1.5637,0.3887,1207.59,1903.66,15
6.0,8.0,150.0,100.0,0.3,0.1333,2,13,1.5931,0.5915,591.81,2655.66,15
6.0,8.0,150.0,100.0,0.5,0.1333,2,13,1.6357,0.538,824.92,2468.99,15
8.0,2.0,150.0,100.0,0.1,0.1333,2,13,1.6882,0.7026,607.68,1474.79,15
8.0,6.0,150.0,100.0,0.3,0.1333,2,13,1.7091,0.3101,1070.79,1715.46,15
10.0,2.0,150.0,100.0,1.0,0.1333,2,13,1.7372,0.1716,876.01,1636.79,15
8.0,6.0,150.0,100.0,0.5,0.1333,2,13,1.7675,0.4111,698.45,2310.13,15
6.0,8.0,150.0,100.0,1.0,0.1333,2,13,1.7717,0.3633,778.47,2652.99,15
8.0,4.0,150.0,100.0,0.1,0.1333,2,13,1.8105,0.3448,607.68,1705.45,15
8.0,6.0,150.0,100.0,1.0,0.1333,2,13,1.829,0.3047,984.92,2266.33,15
10.0,2.0,800.0,100.0,0.1,0.1333,2,13,1.8904,0.8781,542.76,260.99,15
10.0,2.0,800.0,250.0,0.1,0.1333,2,13,1.8904,0.8781,542.76,260.99,15
10.0,2.0,800.0,400.0,0.1,0.1333,2,13,1.8904,0.8781,542.76,260.99,15
10.0,4.0,800.0,100.0,0.1,0.1333,2,13,1.9251,0.7874,542.76,326.33,15
10.0,4.0,800.0,250.0,0.1,0.1333,2,13,1.9251,0.7874,542.76,326.33,15
10.0,4.0,800.0,400.0,0.1,0.1333,2,13,1.9251,0.7874,542.76,326.33,15
8.0,8.0,150.0,100.0,0.3,0.1333,2,13,1.9838,0.2635,425.67,2688.79,15
8.0,8.0,150.0,100.0,0.5,0.1333,2,13,2.0421,0.2778,794.45,2367.46,15
10.0,4.0,150.0,100.0,1.0,0.1333,2,13,2.0501,0.1125,1193.35,1800.79,15
8.0,6.0,150.0,100.0,0.1,0.1333,2,13,2.0811,0.2248,606.35,1881.45,15
10.0,6.0,150.0,100.0,0.5,0.1333,2,13,2.1488,0.1818,1087.79,1944.79,15
8.0,8.0,150.0,100.0,1.0,0.1333,2,13,2.165,0.21,585.34,2880.99,15
10.0,6.0,150.0,100.0,0.3,0.1333,2,13,2.2011,0.2101,984.12,1835.46,15
12.0,2.0,150.0,100.0,1.0,0.1333,2,13,2.2212,0.0289,1006.68,1726.13,15
10.0,6.0,150.0,100.0,1.0,0.1333,2,13,2.2555,0.0818,592.01,2540.79,15
10.0,8.0,150.0,100.0,0.5,0.1333,2,13,2.3635,0.1245,813.12,2378.13,15
10.0,8.0,150.0,100.0,0.3,0.1333,2,13,2.4145,0.1528,616.34,2552.79,15
10.0,4.0,150.0,100.0,0.1,0.1333,2,13,2.448,0.209,851.01,1065.02,15
12.0,4.0,150.0,100.0,1.0,0.1333,2,13,2.4861,0.0271,1006.68,2048.79,15
10.0,8.0,150.0,100.0,1.0,0.1333,2,13,2.5261,0.0631,285.35,3002.13,15
10.0,6.0,150.0,100.0,0.1,0.1333,2,13,2.5667,0.1384,851.01,1181.02,15
12.0,8.0,150.0,250.0,1.0,0.1333,2,13,2.5758,0.0448,1225.35,1878.61,15
14.0,2.0,150.0,100.0,1.0,0.1333,2,13,2.6501,0.0245,1008.69,1740.12,15
12.0,6.0,150.0,100.0,0.5,0.1333,2,13,2.6984,0.102,1103.35,1894.79,15
12.0,6.0,150.0,100.0,1.0,0.1333,2,13,2.7741,0.0258,628.01,2572.79,15
12.0,6.0,150.0,100.0,0.3,0.1333,2,13,2.805,0.1194,1334.68,1198.13,15
12.0,4.0,150.0,100.0,0.1,0.1333,2,13,2.848,0.041,678.81,983.89,15
12.0,8.0,150.0,100.0,0.3,0.1333,2,13,2.8917,0.0927,1334.68,1314.13,15
14.0,8.0,150.0,250.0,1.0,0.1333,2,13,2.8984,0.0421,1174.02,1800.61,15
14.0,4.0,150.0,100.0,1.0,0.1333,2,13,2.9168,0.0245,1135.35,1846.79,15
12.0,8.0,150.0,100.0,0.5,0.1333,2,13,2.917,0.0594,722.24,2389.45,15
14.0,4.0,150.0,100.0,0.5,0.1333,2,13,2.9301,0.0111,848.79,824.01,15
12.0,6.0,150.0,100.0,0.1,0.1333,2,13,2.9334,0.0397,678.81,1067.89,15
12.0,8.0,150.0,100.0,1.0,0.1333,2,13,2.9461,0.0258,352.01,3010.13,15
14.0,6.0,150.0,100.0,0.5,0.1333,2,13,3.0395,0.0111,706.13,1050.68,15
14.0,6.0,150.0,100.0,0.3,0.1333,2,13,3.0477,0.0367,327.68,1433.35,15
14.0,8.0,150.0,250.0,0.1,0.1333,2,13,3.0709,0.0346,427.79,872.48,15
14.0,2.0,150.0,100.0,0.1,0.1333,2,13,3.162,0.0244,427.79,810.26,15
14.0,6.0,150.0,100.0,1.0,0.1333,2,13,3.1848,0.0231,756.69,2342.79,15
14.0,4.0,150.0,100.0,0.1,0.1333,2,13,3.1987,0.0224,427.79,845.57,15
14.0,8.0,300.0,100.0,0.1,0.1333,2,13,3.2043,0.0466,427.79,848.48,15
14.0,8.0,300.0,250.0,0.1,0.1333,2,13,3.2043,0.0466,427.79,848.48,15
14.0,6.0,150.0,100.0,0.1,0.1333,2,13,3.2574,0.0224,427.79,920.24,15
14.0,8.0,150.0,100.0,0.3,0.1333,2,13,3.2837,0.0354,635.46,1242.68,15
14.0,8.0,150.0,100.0,0.5,0.1333,2,13,3.3115,0.0111,327.46,1566.68,15
14.0,8.0,150.0,100.0,1.0,0.1333,2,13,3.3208,0.0231,756.69,2442.79,15
6.0,8.0,150.0,100.0,0.1,0.0667,1,14,1.7071,0.4494,504.79,2480.99,15
8.0,8.0,150.0,100.0,0.1,0.0667,1,14,2.3251,0.1915,606.35,2090.79,15
10.0,8.0,150.0,100.0,0.1,0.0667,1,14,2.6814,0.109,851.01,1299.69,15
12.0,8.0,150.0,100.0,0.1,0.0667,1,14,3.0534,0.0397,372.14,1462.55,15
14.0,8.0,150.0,100.0,0.1,0.0667,1,14,3.4227,0.0224,427.79,1038.91,15
