open_margin_db,close_margin_db,release_ms,hold_ms,window_sec,percentile,pass_rate,passed,failed,mean_missed_speech,mean_false_open,mean_start_delay_ms,mean_early_close_ms,total_scenarios
6.0,2.0,500.0,100.0,2.0,15.0,0.4667,7,8,0.2743,1.6286,13.27,260.99,15
6.0,2.0,500.0,250.0,2.0,15.0,0.4667,7,8,0.2743,1.6286,13.27,260.99,15
8.0,2.0,500.0,100.0,2.0,15.0,0.4667,7,8,0.2749,1.5306,13.93,260.99,15
8.0,2.0,500.0,250.0,2.0,15.0,0.4667,7,8,0.2749,1.5306,13.93,260.99,15
6.0,2.0,800.0,100.0,2.0,25.0,0.4667,7,8,0.2805,1.5975,15.27,265.19,15
6.0,2.0,800.0,250.0,2.0,25.0,0.4667,7,8,0.2805,1.5975,15.27,265.19,15
6.0,4.0,800.0,100.0,4.0,15.0,0.4667,7,8,0.2845,1.6775,15.27,269.19,15
6.0,4.0,800.0,250.0,4.0,15.0,0.4667,7,8,0.2845,1.6775,15.27,269.19,15
6.0,4.0,500.0,100.0,2.0,15.0,0.4667,7,8,0.3045,1.5188,13.93,452.52,15
6.0,4.0,500.0,250.0,2.0,15.0,0.4667,7,8,0.3045,1.5188,13.93,452.52,15
8.0,4.0,500.0,100.0,2.0,15.0,0.4667,7,8,0.3045,1.4375,13.93,452.52,15
8.0,4.0,500.0,250.0,2.0,15.0,0.4667,7,8,0.3045,1.4375,13.93,452.52,15
6.0,2.0,500.0,100.0,2.0,25.0,0.4667,7,8,0.3082,1.3772,15.27,454.88,15
6.0,2.0,500.0,250.0,2.0,25.0,0.4667,7,8,0.3082,1.3772,15.27,454.88,15
6.0,6.0,800.0,100.0,2.0,15.0,0.4667,7,8,0.3438,1.6635,13.93,329.85,15
6.0,6.0,800.0,250.0,2.0,15.0,0.4667,7,8,0.3438,1.6635,13.93,329.85,15
8.0,6.0,800.0,100.0,2.0,15.0,0.4667,7,8,0.3438,1.5781,13.93,329.85,15
8.0,6.0,800.0,250.0,2.0,15.0,0.4667,7,8,0.3438,1.5781,13.93,329.85,15
6.0,4.0,800.0,100.0,1.0,25.0,0.4667,7,8,0.3441,1.8865,12.27,331.86,15
6.0,4.0,800.0,250.0,1.0,25.0,0.4667,7,8,0.3441,1.8865,12.27,331.86,15
8.0,4.0,800.0,100.0,1.0,25.0,0.4667,7,8,0.3461,1.7058,14.27,331.86,15
8.0,4.0,800.0,250.0,1.0,25.0,0.4667,7,8,0.3461,1.7058,14.27,331.86,15
6.0,4.0,500.0,100.0,4.0,15.0,0.4667,7,8,0.3538,1.5188,15.27,500.52,15
6.0,4.0,500.0,250.0,4.0,15.0,0.4667,7,8,0.3538,1.5188,15.27,500.52,15
8.0,2.0,800.0,100.0,1.0,35.0,0.4667,7,8,0.3551,1.5628,17.93,337.19,15
8.0,2.0,800.0,250.0,1.0,35.0,0.4667,7,8,0.3551,1.5628,17.93,337.19,15
6.0,4.0,800.0,100.0,2.0,25.0,0.4667,7,8,0.3625,1.4701,15.27,347.19,15
6.0,4.0,800.0,250.0,2.0,25.0,0.4667,7,8,0.3625,1.4701,15.27,347.19,15
6.0,6.0,800.0,100.0,4.0,15.0,0.4667,7,8,0.3638,1.6061,15.27,348.52,15
6.0,6.0,800.0,250.0,4.0,15.0,0.4667,7,8,0.3638,1.6061,15.27,348.52,15
6.0,2.0,500.0,100.0,1.0,25.0,0.4667,7,8,0.3641,1.6985,56.07,511.19,15
6.0,2.0,500.0,250.0,1.0,25.0,0.4667,7,8,0.3641,1.6985,56.07,511.19,15
8.0,2.0,500.0,100.0,1.0,25.0,0.4667,7,8,0.3661,1.4858,58.07,511.19,15
8.0,2.0,500.0,250.0,1.0,25.0,0.4667,7,8,0.3661,1.4858,58.07,511.19,15
6.0,2.0,800.0,100.0,2.0,35.0,0.4667,7,8,0.3668,1.3625,15.27,351.55,15
6.0,2.0,800.0,250.0,2.0,35.0,0.4667,7,8,0.3668,1.3625,15.27,351.55,15
6.0,6.0,800.0,100.0,1.0,15.0,0.4667,7,8,0.3683,1.9413,10.49,357.85,15
6.0,6.0,800.0,250.0,1.0,15.0,0.4667,7,8,0.3683,1.9413,10.49,357.85,15
8.0,6.0,800.0,100.0,1.0,15.0,0.4667,7,8,0.3683,1.76,10.49,357.85,15
8.0,6.0,800.0,250.0,1.0,15.0,0.4667,7,8,0.3683,1.76,10.49,357.85,15
6.0,4.0,800.0,100.0,2.0,35.0,0.4667,7,8,0.3901,1.2298,15.27,374.88,15
6.0,4.0,800.0,250.0,2.0,35.0,0.4667,7,8,0.3901,1.2298,15.27,374.88,15
10.0,4.0,800.0,100.0,2.0,35.0,0.4667,7,8,0.4155,1.0605,40.6,374.88,15
10.0,4.0,800.0,250.0,2.0,35.0,0.4667,7,8,0.4155,1.0605,40.6,374.88,15
10.0,2.0,500.0,100.0,2.0,35.0,0.4667,7,8,0.4655,0.9292,40.6,1315.66,15
10.0,2.0,500.0,250.0,2.0,35.0,0.4667,7,8,0.4655,0.9292,40.6,1315.66,15
6.0,6.0,500.0,100.0,4.0,35.0,0.4667,7,8,0.6052,1.0102,67.16,1651.97,15
6.0,6.0,500.0,250.0,4.0,35.0,0.4667,7,8,0.6052,1.0102,67.16,1651.97,15
8.0,6.0,500.0,100.0,4.0,35.0,0.4667,7,8,0.6265,0.9222,79.16,1651.97,15
8.0,6.0,500.0,250.0,4.0,35.0,0.4667,7,8,0.6265,0.9222,79.16,1651.97,15
8.0,2.0,800.0,100.0,2.0,15.0,0.4,6,9,0.2749,1.9959,13.93,260.99,15
8.0,2.0,800.0,250.0,2.0,15.0,0.4,6,9,0.2749,1.9959,13.93,260.99,15
6.0,2.0,500.0,100.0,4.0,15.0,0.4,6,9,0.2763,1.7186,15.27,260.99,15
6.0,2.0,500.0,250.0,4.0,15.0,0.4,6,9,0.2763,1.7186,15.27,260.99,15
6.0,2.0,800.0,100.0,4.0,15.0,0.4,6,9,0.2763,1.9253,15.27,260.99,15
6.0,2.0,800.0,250.0,4.0,15.0,0.4,6,9,0.2763,1.9253,15.27,260.99,15
6.0,4.0,800.0,100.0,2.0,15.0,0.4,6,9,0.2825,1.8301,13.27,269.19,15
6.0,4.0,800.0,250.0,2.0,15.0,0.4,6,9,0.2825,1.8301,13.27,269.19,15
10.0,2.0,500.0,100.0,2.0,15.0,0.4,6,9,0.2829,1.3546,21.93,260.99,15
10.0,2.0,500.0,250.0,2.0,15.0,0.4,6,9,0.2829,1.3546,21.93,260.99,15
10.0,2.0,800.0,100.0,2.0,15.0,0.4,6,9,0.2829,1.8053,21.93,260.99,15
10.0,2.0,800.0,250.0,2.0,15.0,0.4,6,9,0.2829,1.8053,21.93,260.99,15
6.0,2.0,800.0,100.0,4.0,25.0,0.4,6,9,0.283,1.6774,22.03,260.99,15
6.0,2.0,800.0,250.0,4.0,25.0,0.4,6,9,0.283,1.6774,22.03,260.99,15
8.0,2.0,800.0,100.0,2.0,25.0,0.4,6,9,0.2831,1.4708,17.93,265.19,15
8.0,2.0,800.0,250.0,2.0,25.0,0.4,6,9,0.2831,1.4708,17.93,265.19,15
8.0,4.0,800.0,100.0,2.0,15.0,0.4,6,9,0.2831,1.7321,13.93,269.19,15
8.0,4.0,800.0,250.0,2.0,15.0,0.4,6,9,0.2831,1.7321,13.93,269.19,15
10.0,2.0,800.0,100.0,2.0,25.0,0.4,6,9,0.2885,1.4241,23.27,265.19,15
10.0,2.0,800.0,250.0,2.0,25.0,0.4,6,9,0.2885,1.4241,23.27,265.19,15
6.0,2.0,800.0,100.0,4.0,35.0,0.4,6,9,0.2886,1.4536,23.36,265.19,15
6.0,2.0,800.0,250.0,4.0,35.0,0.4,6,9,0.2886,1.4536,23.36,265.19,15
8.0,4.0,800.0,100.0,4.0,15.0,0.4,6,9,0.2898,1.6535,20.6,269.19,15
8.0,4.0,800.0,250.0,4.0,15.0,0.4,6,9,0.2898,1.6535,20.6,269.19,15
10.0,4.0,800.0,100.0,2.0,15.0,0.4,6,9,0.2911,1.5415,21.93,269.19,15
10.0,4.0,800.0,250.0,2.0,15.0,0.4,6,9,0.2911,1.5415,21.93,269.19,15
10.0,4.0,800.0,100.0,4.0,15.0,0.4,6,9,0.2991,1.5815,29.93,269.19,15
10.0,4.0,800.0,250.0,4.0,15.0,0.4,6,9,0.2991,1.5815,29.93,269.19,15
8.0,2.0,500.0,100.0,2.0,25.0,0.4,6,9,0.3108,1.2705,17.93,454.88,15
8.0,2.0,500.0,250.0,2.0,25.0,0.4,6,9,0.3108,1.2705,17.93,454.88,15
10.0,4.0,500.0,100.0,2.0,15.0,0.4,6,9,0.3125,1.2361,21.93,452.52,15
10.0,4.0,500.0,250.0,2.0,15.0,0.4,6,9,0.3125,1.2361,21.93,452.52,15
10.0,2.0,500.0,100.0,2.0,25.0,0.4,6,9,0.3175,1.2238,23.27,454.88,15
10.0,2.0,500.0,250.0,2.0,25.0,0.4,6,9,0.3175,1.2238,23.27,454.88,15
10.0,4.0,800.0,100.0,1.0,15.0,0.4,6,9,0.3383,1.69,14.49,323.86,15
10.0,4.0,800.0,250.0,1.0,15.0,0.4,6,9,0.3383,1.69,14.49,323.86,15
6.0,4.0,800.0,100.0,4.0,25.0,0.4,6,9,0.3392,1.5616,22.03,317.19,15
6.0,4.0,800.0,250.0,4.0,25.0,0.4,6,9,0.3392,1.5616,22.03,317.19,15
8.0,2.0,800.0,100.0,1.0,25.0,0.4,6,9,0.3408,1.8938,14.27,326.53,15
8.0,2.0,800.0,250.0,1.0,25.0,0.4,6,9,0.3408,1.8938,14.27,326.53,15
10.0,2.0,800.0,100.0,1.0,25.0,0.4,6,9,0.3461,1.6711,19.6,326.53,15
10.0,2.0,800.0,250.0,1.0,25.0,0.4,6,9,0.3461,1.6711,19.6,326.53,15
12.0,4.0,800.0,100.0,1.0,15.0,0.4,6,9,0.3461,1.6311,22.27,323.86,15
12.0,4.0,800.0,250.0,1.0,15.0,0.4,6,9,0.3461,1.6311,22.27,323.86,15
6.0,2.0,300.0,100.0,2.0,15.0,0.4,6,9,0.3505,1.4542,13.27,1075.53,15
6.0,2.0,300.0,250.0,2.0,15.0,0.4,6,9,0.3505,1.4542,13.27,1075.53,15
10.0,4.0,800.0,100.0,1.0,25.0,0.4,6,9,0.3515,1.5151,19.6,331.86,15
10.0,4.0,800.0,250.0,1.0,25.0,0.4,6,9,0.3515,1.5151,19.6,331.86,15
6.0,2.0,800.0,100.0,1.0,35.0,0.4,6,9,0.3518,1.7701,14.61,337.19,15
6.0,2.0,800.0,250.0,1.0,35.0,0.4,6,9,0.3518,1.7701,14.61,337.19,15
10.0,6.0,800.0,100.0,2.0,15.0,0.4,6,9,0.3518,1.3568,21.93,329.85,15
10.0,6.0,800.0,250.0,2.0,15.0,0.4,6,9,0.3518,1.3568,21.93,329.85,15
8.0,2.0,300.0,100.0,2.0,15.0,0.4,6,9,0.3525,1.3562,13.93,1075.53,15
8.0,2.0,300.0,250.0,2.0,15.0,0.4,6,9,0.3525,1.3562,13.93,1075.53,15
8.0,4.0,500.0,100.0,4.0,15.0,0.4,6,9,0.3591,1.4948,20.6,500.52,15
8.0,4.0,500.0,250.0,4.0,15.0,0.4,6,9,0.3591,1.4948,20.6,500.52,15
8.0,4.0,500.0,100.0,1.0,15.0,0.4,6,9,0.361,1.6687,54.29,572.15,15
8.0,4.0,500.0,250.0,1.0,15.0,0.4,6,9,0.361,1.6687,54.29,572.15,15
10.0,2.0,800.0,100.0,1.0,35.0,0.4,6,9,0.3618,1.4908,24.6,337.19,15
10.0,2.0,800.0,250.0,1.0,35.0,0.4,6,9,0.3618,1.4908,24.6,337.19,15
8.0,4.0,800.0,100.0,2.0,25.0,0.4,6,9,0.3651,1.3435,17.93,347.19,15
8.0,4.0,800.0,250.0,2.0,25.0,0.4,6,9,0.3651,1.3435,17.93,347.19,15
8.0,6.0,800.0,100.0,4.0,15.0,0.4,6,9,0.3691,1.5821,20.6,348.52,15
8.0,6.0,800.0,250.0,4.0,15.0,0.4,6,9,0.3691,1.5821,20.6,348.52,15
10.0,4.0,500.0,100.0,4.0,15.0,0.4,6,9,0.3698,1.4228,29.93,500.52,15
10.0,4.0,500.0,250.0,4.0,15.0,0.4,6,9,0.3698,1.4228,29.93,500.52,15
10.0,4.0,800.0,100.0,2.0,25.0,0.4,6,9,0.3705,1.2968,23.27,347.19,15
10.0,4.0,800.0,250.0,2.0,25.0,0.4,6,9,0.3705,1.2968,23.27,347.19,15
10.0,6.0,800.0,100.0,1.0,15.0,0.4,6,9,0.3723,1.5613,14.49,357.85,15
10.0,6.0,800.0,250.0,1.0,15.0,0.4,6,9,0.3723,1.5613,14.49,357.85,15
10.0,2.0,500.0,100.0,1.0,25.0,0.4,6,9,0.3728,1.2831,64.73,511.19,15
10.0,2.0,500.0,250.0,1.0,25.0,0.4,6,9,0.3728,1.2831,64.73,511.19,15
6.0,4.0,800.0,100.0,4.0,35.0,0.4,6,9,0.3732,1.3742,23.36,349.85,15
6.0,4.0,800.0,250.0,4.0,35.0,0.4,6,9,0.3732,1.3742,23.36,349.85,15
8.0,2.0,800.0,100.0,2.0,35.0,0.4,6,9,0.3748,1.3412,23.27,351.55,15
8.0,2.0,800.0,250.0,2.0,35.0,0.4,6,9,0.3748,1.3412,23.27,351.55,15
10.0,6.0,800.0,100.0,4.0,15.0,0.4,6,9,0.3785,1.5101,29.93,348.52,15
10.0,6.0,800.0,250.0,4.0,15.0,0.4,6,9,0.3785,1.5101,29.93,348.52,15
12.0,6.0,800.0,100.0,1.0,15.0,0.4,6,9,0.3801,1.5025,22.27,357.85,15
12.0,6.0,800.0,250.0,1.0,15.0,0.4,6,9,0.3801,1.5025,22.27,357.85,15
6.0,6.0,800.0,100.0,4.0,25.0,0.4,6,9,0.3812,1.4755,22.03,359.19,15
6.0,6.0,800.0,250.0,4.0,25.0,0.4,6,9,0.3812,1.4755,22.03,359.19,15
6.0,6.0,800.0,100.0,1.0,25.0,0.4,6,9,0.3895,1.7225,12.93,446.22,15
6.0,6.0,800.0,250.0,1.0,25.0,0.4,6,9,0.3895,1.7225,12.93,446.22,15
8.0,4.0,800.0,100.0,2.0,35.0,0.4,6,9,0.3981,1.1871,23.27,374.88,15
8.0,4.0,800.0,250.0,2.0,35.0,0.4,6,9,0.3981,1.1871,23.27,374.88,15
6.0,6.0,800.0,100.0,2.0,25.0,0.4,6,9,0.4261,1.3831,15.27,442.65,15
6.0,6.0,800.0,250.0,2.0,25.0,0.4,6,9,0.4261,1.3831,15.27,442.65,15
8.0,6.0,800.0,100.0,1.0,25.0,0.4,6,9,0.4341,1.5258,14.27,446.22,15
8.0,6.0,800.0,250.0,1.0,25.0,0.4,6,9,0.4341,1.5258,14.27,446.22,15
8.0,2.0,500.0,100.0,2.0,35.0,0.4,6,9,0.4468,1.0558,23.27,1315.66,15
8.0,2.0,500.0,250.0,2.0,35.0,0.4,6,9,0.4468,1.0558,23.27,1315.66,15
6.0,4.0,800.0,100.0,1.0,35.0,0.4,6,9,0.4508,1.5398,15.27,646.22,15
6.0,4.0,800.0,250.0,1.0,35.0,0.4,6,9,0.4508,1.5398,15.27,646.22,15
8.0,4.0,800.0,100.0,1.0,35.0,0.4,6,9,0.4535,1.3172,17.93,646.22,15
8.0,4.0,800.0,250.0,1.0,35.0,0.4,6,9,0.4535,1.3172,17.93,646.22,15
6.0,6.0,800.0,100.0,4.0,35.0,0.4,6,9,0.4692,1.2875,23.36,775.19,15
6.0,6.0,800.0,250.0,4.0,35.0,0.4,6,9,0.4692,1.2875,23.36,775.19,15
8.0,4.0,500.0,100.0,4.0,35.0,0.4,6,9,0.5385,1.0715,35.36,1481.3,15
8.0,4.0,500.0,250.0,4.0,35.0,0.4,6,9,0.5385,1.0715,35.36,1481.3,15
8.0,2.0,300.0,100.0,4.0,35.0,0.4,6,9,0.5669,0.9452,689.39,1047.54,15
8.0,2.0,300.0,250.0,4.0,35.0,0.4,6,9,0.5669,0.9452,689.39,1047.54,15
10.0,4.0,500.0,100.0,4.0,35.0,0.4,6,9,0.679,0.8347,63.86,1481.3,15
10.0,4.0,500.0,250.0,4.0,35.0,0.4,6,9,0.679,0.8347,63.86,1481.3,15
6.0,4.0,300.0,100.0,4.0,35.0,0.4,6,9,0.7138,0.8948,676.77,1228.87,15
6.0,4.0,300.0,250.0,4.0,35.0,0.4,6,9,0.7138,0.8948,676.77,1228.87,15
8.0,4.0,300.0,100.0,4.0,35.0,0.4,6,9,0.7445,0.8202,690.1,1228.87,15
8.0,4.0,300.0,250.0,4.0,35.0,0.4,6,9,0.7445,0.8202,690.1,1228.87,15
10.0,6.0,500.0,100.0,4.0,35.0,0.4,6,9,0.871,0.6667,63.86,1738.63,15
10.0,6.0,500.0,250.0,4.0,35.0,0.4,6,9,0.871,0.6667,63.86,1738.63,15
10.0,2.0,300.0,100.0,4.0,35.0,0.4,6,9,0.8714,0.7217,678.09,1194.21,15
10.0,2.0,300.0,250.0,4.0,35.0,0.4,6,9,0.8714,0.7217,678.09,1194.21,15
10.0,4.0,300.0,100.0,4.0,35.0,0.4,6,9,0.9687,0.6137,674.53,1323.54,15
10.0,4.0,300.0,250.0,4.0,35.0,0.4,6,9,0.9687,0.6137,674.53,1323.54,15
8.0,2.0,800.0,100.0,1.0,15.0,0.3333,5,10,0.2709,2.2959,9.89,260.99,15
8.0,2.0,800.0,250.0,1.0,15.0,0.3333,5,10,0.2709,2.2959,9.89,260.99,15
6.0,2.0,800.0,100.0,2.0,15.0,0.3333,5,10,0.2743,2.0873,13.27,260.99,15
6.0,2.0,800.0,250.0,2.0,15.0,0.3333,5,10,0.2743,2.0873,13.27,260.99,15
10.0,2.0,800.0,100.0,1.0,15.0,0.3333,5,10,0.2755,1.9471,14.49,260.99,15
10.0,2.0,800.0,250.0,1.0,15.0,0.3333,5,10,0.2755,1.9471,14.49,260.99,15
8.0,2.0,500.0,100.0,4.0,15.0,0.3333,5,10,0.2816,1.6946,20.6,260.99,15
8.0,2.0,500.0,250.0,4.0,15.0,0.3333,5,10,0.2816,1.6946,20.6,260.99,15
8.0,2.0,800.0,100.0,4.0,15.0,0.3333,5,10,0.2816,1.9066,20.6,260.99,15
8.0,2.0,800.0,250.0,4.0,15.0,0.3333,5,10,0.2816,1.9066,20.6,260.99,15
12.0,2.0,800.0,100.0,1.0,15.0,0.3333,5,10,0.2833,1.8923,22.27,260.99,15
12.0,2.0,800.0,250.0,1.0,15.0,0.3333,5,10,0.2833,1.8923,22.27,260.99,15
6.0,2.0,500.0,100.0,4.0,25.0,0.3333,5,10,0.287,1.5094,22.03,589.3,15
6.0,2.0,500.0,250.0,4.0,25.0,0.3333,5,10,0.287,1.5094,22.03,589.3,15
10.0,2.0,500.0,100.0,4.0,15.0,0.3333,5,10,0.2909,1.6239,29.93,260.99,15
10.0,2.0,500.0,250.0,4.0,15.0,0.3333,5,10,0.2909,1.6239,29.93,260.99,15
10.0,2.0,800.0,100.0,4.0,15.0,0.3333,5,10,0.2909,1.8386,29.93,260.99,15
10.0,2.0,800.0,250.0,4.0,15.0,0.3333,5,10,0.2909,1.8386,29.93,260.99,15
12.0,2.0,500.0,100.0,4.0,15.0,0.3333,5,10,0.3099,1.4589,48.87,260.99,15
12.0,2.0,500.0,250.0,4.0,15.0,0.3333,5,10,0.3099,1.4589,48.87,260.99,15
6.0,4.0,800.0,100.0,1.0,15.0,0.3333,5,10,0.3337,2.1667,9.83,323.86,15
6.0,4.0,800.0,250.0,1.0,15.0,0.3333,5,10,0.3337,2.1667,9.83,323.86,15
8.0,4.0,800.0,100.0,1.0,15.0,0.3333,5,10,0.3343,1.9793,10.49,323.86,15
8.0,4.0,800.0,250.0,1.0,15.0,0.3333,5,10,0.3343,1.9793,10.49,323.86,15
6.0,2.0,800.0,100.0,1.0,25.0,0.3333,5,10,0.3388,2.0145,12.27,326.53,15
6.0,2.0,800.0,250.0,1.0,25.0,0.3333,5,10,0.3388,2.0145,12.27,326.53,15
8.0,2.0,500.0,100.0,1.0,15.0,0.3333,5,10,0.357,2.1487,54.29,343.86,15
8.0,2.0,500.0,250.0,1.0,15.0,0.3333,5,10,0.357,2.1487,54.29,343.86,15
6.0,4.0,500.0,100.0,1.0,15.0,0.3333,5,10,0.3597,1.8393,52.95,572.15,15
6.0,4.0,500.0,250.0,1.0,15.0,0.3333,5,10,0.3597,1.8393,52.95,572.15,15
10.0,2.0,500.0,100.0,1.0,15.0,0.3333,5,10,0.361,1.7233,58.29,343.86,15
10.0,2.0,500.0,250.0,1.0,15.0,0.3333,5,10,0.361,1.7233,58.29,343.86,15
10.0,4.0,500.0,100.0,1.0,15.0,0.3333,5,10,0.365,1.41,58.29,572.15,15
10.0,4.0,500.0,250.0,1.0,15.0,0.3333,5,10,0.365,1.41,58.29,572.15,15
6.0,2.0,300.0,100.0,4.0,15.0,0.3333,5,10,0.3705,1.5048,59.07,1242.63,15
6.0,2.0,300.0,250.0,4.0,15.0,0.3333,5,10,0.3705,1.5048,59.07,1242.63,15
8.0,2.0,300.0,100.0,4.0,15.0,0.3333,5,10,0.3771,1.4795,64.4,1242.63,15
8.0,2.0,300.0,250.0,4.0,15.0,0.3333,5,10,0.3771,1.4795,64.4,1242.63,15
12.0,2.0,500.0,100.0,1.0,15.0,0.3333,5,10,0.3861,1.6645,83.4,343.86,15
12.0,2.0,500.0,250.0,1.0,15.0,0.3333,5,10,0.3861,1.6645,83.4,343.86,15
10.0,2.0,300.0,100.0,4.0,15.0,0.3333,5,10,0.3905,1.4075,75.07,1242.63,15
10.0,2.0,300.0,250.0,4.0,15.0,0.3333,5,10,0.3905,1.4075,75.07,1242.63,15
12.0,4.0,500.0,100.0,1.0,15.0,0.3333,5,10,0.3915,1.3498,83.4,572.15,15
12.0,4.0,500.0,250.0,1.0,15.0,0.3333,5,10,0.3915,1.3498,83.4,572.15,15
10.0,2.0,800.0,100.0,2.0,35.0,0.3333,5,10,0.3922,1.2505,40.6,351.55,15
10.0,2.0,800.0,250.0,2.0,35.0,0.3333,5,10,0.3922,1.2505,40.6,351.55,15
8.0,2.0,500.0,100.0,4.0,35.0,0.3333,5,10,0.4086,1.2229,35.36,989.3,15
8.0,2.0,500.0,250.0,4.0,35.0,0.3333,5,10,0.4086,1.2229,35.36,989.3,15
6.0,6.0,500.0,100.0,4.0,15.0,0.3333,5,10,0.4131,1.4341,59.07,1046.63,15
6.0,6.0,500.0,250.0,4.0,15.0,0.3333,5,10,0.4131,1.4341,59.07,1046.63,15
8.0,2.0,300.0,100.0,1.0,15.0,0.3333,5,10,0.4157,1.798,54.29,614.85,15
8.0,2.0,300.0,250.0,1.0,15.0,0.3333,5,10,0.4157,1.798,54.29,614.85,15
10.0,2.0,300.0,100.0,1.0,15.0,0.3333,5,10,0.4197,1.4194,58.29,614.85,15
10.0,2.0,300.0,250.0,1.0,15.0,0.3333,5,10,0.4197,1.4194,58.29,614.85,15
8.0,6.0,500.0,100.0,4.0,15.0,0.3333,5,10,0.4198,1.4101,64.4,1046.63,15
8.0,6.0,500.0,250.0,4.0,15.0,0.3333,5,10,0.4198,1.4101,64.4,1046.63,15
6.0,2.0,500.0,100.0,1.0,35.0,0.3333,5,10,0.4218,1.4175,58.41,998.97,15
6.0,2.0,500.0,250.0,1.0,35.0,0.3333,5,10,0.4218,1.4175,58.41,998.97,15
12.0,4.0,800.0,100.0,2.0,35.0,0.3333,5,10,0.4253,0.8223,50.43,374.88,15
12.0,4.0,800.0,250.0,2.0,35.0,0.3333,5,10,0.4253,0.8223,50.43,374.88,15
6.0,2.0,500.0,100.0,2.0,35.0,0.3333,5,10,0.4308,1.0985,15.27,1315.66,15
6.0,2.0,500.0,250.0,2.0,35.0,0.3333,5,10,0.4308,1.0985,15.27,1315.66,15
8.0,2.0,500.0,100.0,1.0,35.0,0.3333,5,10,0.4318,1.2008,61.73,998.97,15
8.0,2.0,500.0,250.0,1.0,35.0,0.3333,5,10,0.4318,1.2008,61.73,998.97,15
10.0,6.0,500.0,100.0,4.0,15.0,0.3333,5,10,0.4331,1.3368,75.07,1046.63,15
10.0,6.0,500.0,250.0,4.0,15.0,0.3333,5,10,0.4331,1.3368,75.07,1046.63,15
10.0,4.0,800.0,100.0,1.0,35.0,0.3333,5,10,0.4602,1.2425,24.6,646.22,15
10.0,4.0,800.0,250.0,1.0,35.0,0.3333,5,10,0.4602,1.2425,24.6,646.22,15
8.0,6.0,800.0,100.0,2.0,25.0,0.3333,5,10,0.4606,1.2136,17.93,442.65,15
8.0,6.0,800.0,250.0,2.0,25.0,0.3333,5,10,0.4606,1.2136,17.93,442.65,15
10.0,2.0,500.0,100.0,1.0,35.0,0.3333,5,10,0.4638,1.1248,69.73,998.97,15
10.0,2.0,500.0,250.0,1.0,35.0,0.3333,5,10,0.4638,1.1248,69.73,998.97,15
10.0,6.0,800.0,100.0,1.0,25.0,0.3333,5,10,0.4658,1.2868,19.6,446.22,15
10.0,6.0,800.0,250.0,1.0,25.0,0.3333,5,10,0.4658,1.2868,19.6,446.22,15
10.0,6.0,800.0,100.0,2.0,25.0,0.3333,5,10,0.4659,1.1456,23.27,442.65,15
10.0,6.0,800.0,250.0,2.0,25.0,0.3333,5,10,0.4659,1.1456,23.27,442.65,15
6.0,4.0,300.0,100.0,4.0,15.0,0.3333,5,10,0.4705,1.3995,63.34,1306.63,15
6.0,4.0,300.0,250.0,4.0,15.0,0.3333,5,10,0.4705,1.3995,63.34,1306.63,15
8.0,4.0,300.0,100.0,4.0,15.0,0.3333,5,10,0.4771,1.3741,68.67,1306.63,15
8.0,4.0,300.0,250.0,4.0,15.0,0.3333,5,10,0.4771,1.3741,68.67,1306.63,15
8.0,6.0,800.0,100.0,4.0,35.0,0.3333,5,10,0.4879,1.2182,35.36,775.19,15
8.0,6.0,800.0,250.0,4.0,35.0,0.3333,5,10,0.4879,1.2182,35.36,775.19,15
10.0,4.0,300.0,100.0,4.0,15.0,0.3333,5,10,0.4905,1.3021,79.34,1306.63,15
10.0,4.0,300.0,250.0,4.0,15.0,0.3333,5,10,0.4905,1.3021,79.34,1306.63,15
12.0,2.0,800.0,100.0,1.0,25.0,0.3333,5,10,0.5075,1.5619,33.21,260.99,15
12.0,2.0,800.0,250.0,1.0,25.0,0.3333,5,10,0.5075,1.5619,33.21,260.99,15
12.0,4.0,800.0,100.0,1.0,25.0,0.3333,5,10,0.5075,1.4059,33.21,260.99,15
12.0,4.0,800.0,250.0,1.0,25.0,0.3333,5,10,0.5075,1.4059,33.21,260.99,15
12.0,2.0,500.0,100.0,1.0,25.0,0.3333,5,10,0.5115,1.1712,33.21,425.65,15
12.0,2.0,500.0,250.0,1.0,25.0,0.3333,5,10,0.5115,1.1712,33.21,425.65,15
6.0,4.0,500.0,100.0,4.0,35.0,0.3333,5,10,0.5239,1.1395,23.36,1481.3,15
6.0,4.0,500.0,250.0,4.0,35.0,0.3333,5,10,0.5239,1.1395,23.36,1481.3,15
6.0,2.0,300.0,100.0,4.0,35.0,0.3333,5,10,0.5482,1.0612,676.05,1047.54,15
6.0,2.0,300.0,250.0,4.0,35.0,0.3333,5,10,0.5482,1.0612,676.05,1047.54,15
10.0,6.0,800.0,100.0,4.0,35.0,0.3333,5,10,0.579,0.9827,63.86,775.19,15
10.0,6.0,800.0,250.0,4.0,35.0,0.3333,5,10,0.579,0.9827,63.86,775.19,15
10.0,2.0,500.0,100.0,4.0,35.0,0.3333,5,10,0.5977,1.0027,63.86,989.3,15
10.0,2.0,500.0,250.0,4.0,35.0,0.3333,5,10,0.5977,1.0027,63.86,989.3,15
8.0,4.0,500.0,100.0,2.0,35.0,0.3333,5,10,0.603,0.98,23.27,1651.19,15
8.0,4.0,500.0,250.0,2.0,35.0,0.3333,5,10,0.603,0.98,23.27,1651.19,15
10.0,4.0,500.0,100.0,2.0,35.0,0.3333,5,10,0.6217,0.8533,40.6,1651.19,15
10.0,4.0,500.0,250.0,2.0,35.0,0.3333,5,10,0.6217,0.8533,40.6,1651.19,15
10.0,6.0,500.0,100.0,4.0,25.0,0.3333,5,10,0.6359,1.0862,59.36,1139.97,15
10.0,6.0,500.0,250.0,4.0,25.0,0.3333,5,10,0.6359,1.0862,59.36,1139.97,15
12.0,2.0,500.0,100.0,2.0,35.0,0.3333,5,10,0.6373,0.6863,50.43,1315.66,15
12.0,2.0,500.0,250.0,2.0,35.0,0.3333,5,10,0.6373,0.6863,50.43,1315.66,15
10.0,6.0,800.0,100.0,2.0,35.0,0.3333,5,10,0.655,0.9187,40.6,1162.24,15
10.0,6.0,800.0,250.0,2.0,35.0,0.3333,5,10,0.655,0.9187,40.6,1162.24,15
12.0,4.0,300.0,100.0,4.0,15.0,0.3333,5,10,0.6627,1.0691,48.87,1401.3,15
12.0,4.0,300.0,250.0,4.0,15.0,0.3333,5,10,0.6627,1.0691,48.87,1401.3,15
10.0,2.0,300.0,100.0,4.0,25.0,0.3333,5,10,0.6808,1.1311,509.59,1190.21,15
10.0,2.0,300.0,250.0,4.0,25.0,0.3333,5,10,0.6808,1.1311,509.59,1190.21,15
12.0,6.0,300.0,100.0,4.0,15.0,0.3333,5,10,0.7728,0.9125,428.43,1191.97,15
12.0,6.0,300.0,250.0,4.0,15.0,0.3333,5,10,0.7728,0.9125,428.43,1191.97,15
10.0,6.0,300.0,100.0,4.0,25.0,0.3333,5,10,0.8925,0.8002,977.86,1078.21,15
10.0,6.0,300.0,250.0,4.0,25.0,0.3333,5,10,0.8925,0.8002,977.86,1078.21,15
6.0,2.0,800.0,100.0,1.0,15.0,0.2667,4,11,0.2702,2.3926,9.23,260.99,15
6.0,2.0,800.0,250.0,1.0,15.0,0.2667,4,11,0.2702,2.3926,9.23,260.99,15
8.0,2.0,800.0,100.0,4.0,25.0,0.2667,4,11,0.2964,1.62,35.36,260.99,15
8.0,2.0,800.0,250.0,4.0,25.0,0.2667,4,11,0.2964,1.62,35.36,260.99,15
12.0,2.0,500.0,100.0,2.0,15.0,0.2667,4,11,0.2979,1.2642,36.87,260.99,15
12.0,2.0,500.0,250.0,2.0,15.0,0.2667,4,11,0.2979,1.2642,36.87,260.99,15
12.0,2.0,800.0,100.0,2.0,15.0,0.2667,4,11,0.2979,1.7309,36.87,260.99,15
12.0,2.0,800.0,250.0,2.0,15.0,0.2667,4,11,0.2979,1.7309,36.87,260.99,15
8.0,2.0,800.0,100.0,4.0,35.0,0.2667,4,11,0.3006,1.4202,35.36,265.19,15
8.0,2.0,800.0,250.0,4.0,35.0,0.2667,4,11,0.3006,1.4202,35.36,265.19,15
8.0,2.0,500.0,100.0,4.0,25.0,0.2667,4,11,0.303,1.4467,35.36,589.3,15
8.0,2.0,500.0,250.0,4.0,25.0,0.2667,4,11,0.303,1.4467,35.36,589.3,15
12.0,4.0,800.0,100.0,2.0,15.0,0.2667,4,11,0.3061,1.4511,36.87,269.19,15
12.0,4.0,800.0,250.0,2.0,15.0,0.2667,4,11,0.3061,1.4511,36.87,269.19,15
12.0,2.0,800.0,100.0,2.0,25.0,0.2667,4,11,0.3074,1.2337,42.21,265.19,15
12.0,2.0,800.0,250.0,2.0,25.0,0.2667,4,11,0.3074,1.2337,42.21,265.19,15
12.0,2.0,800.0,100.0,4.0,15.0,0.2667,4,11,0.3099,1.7015,48.87,260.99,15
12.0,2.0,800.0,250.0,4.0,15.0,0.2667,4,11,0.3099,1.7015,48.87,260.99,15
12.0,4.0,800.0,100.0,4.0,15.0,0.2667,4,11,0.3181,1.4084,48.87,269.19,15
12.0,4.0,800.0,250.0,4.0,15.0,0.2667,4,11,0.3181,1.4084,48.87,269.19,15
10.0,2.0,800.0,100.0,4.0,25.0,0.2667,4,11,0.3204,1.56,59.36,260.99,15
10.0,2.0,800.0,250.0,4.0,25.0,0.2667,4,11,0.3204,1.56,59.36,260.99,15
12.0,4.0,500.0,100.0,2.0,15.0,0.2667,4,11,0.3287,1.1457,36.87,452.52,15
12.0,4.0,500.0,250.0,2.0,15.0,0.2667,4,11,0.3287,1.1457,36.87,452.52,15
10.0,2.0,800.0,100.0,4.0,35.0,0.2667,4,11,0.3291,1.2621,63.86,265.19,15
10.0,2.0,800.0,250.0,4.0,35.0,0.2667,4,11,0.3291,1.2621,63.86,265.19,15
8.0,4.0,800.0,100.0,4.0,25.0,0.2667,4,11,0.3526,1.4989,35.36,317.19,15
8.0,4.0,800.0,250.0,4.0,25.0,0.2667,4,11,0.3526,1.4989,35.36,317.19,15
6.0,2.0,500.0,100.0,1.0,15.0,0.2667,4,11,0.355,2.248,52.29,343.86,15
6.0,2.0,500.0,250.0,1.0,15.0,0.2667,4,11,0.355,2.248,52.29,343.86,15
10.0,2.0,300.0,100.0,2.0,15.0,0.2667,4,11,0.3605,1.1095,21.93,1075.53,15
10.0,2.0,300.0,250.0,2.0,15.0,0.2667,4,11,0.3605,1.1095,21.93,1075.53,15
12.0,6.0,800.0,100.0,2.0,15.0,0.2667,4,11,0.3667,1.2664,36.87,329.85,15
12.0,6.0,800.0,250.0,2.0,15.0,0.2667,4,11,0.3667,1.2664,36.87,329.85,15
6.0,4.0,500.0,100.0,4.0,25.0,0.2667,4,11,0.3726,1.3709,22.03,1041.3,15
6.0,4.0,500.0,250.0,4.0,25.0,0.2667,4,11,0.3726,1.3709,22.03,1041.3,15
10.0,4.0,800.0,100.0,4.0,25.0,0.2667,4,11,0.3766,1.4349,59.36,317.19,15
10.0,4.0,800.0,250.0,4.0,25.0,0.2667,4,11,0.3766,1.4349,59.36,317.19,15
8.0,4.0,800.0,100.0,4.0,35.0,0.2667,4,11,0.3852,1.3409,35.36,349.85,15
8.0,4.0,800.0,250.0,4.0,35.0,0.2667,4,11,0.3852,1.3409,35.36,349.85,15
6.0,4.0,500.0,100.0,1.0,25.0,0.2667,4,11,0.3888,1.5311,56.73,1157.29,15
6.0,4.0,500.0,250.0,1.0,25.0,0.2667,4,11,0.3888,1.5311,56.73,1157.29,15
12.0,4.0,800.0,100.0,2.0,25.0,0.2667,4,11,0.3894,1.1064,42.21,347.19,15
12.0,4.0,800.0,250.0,2.0,25.0,0.2667,4,11,0.3894,1.1064,42.21,347.19,15
8.0,4.0,500.0,100.0,4.0,25.0,0.2667,4,11,0.3899,1.2962,35.36,1041.3,15
8.0,4.0,500.0,250.0,4.0,25.0,0.2667,4,11,0.3899,1.2962,35.36,1041.3,15
8.0,6.0,800.0,100.0,4.0,25.0,0.2667,4,11,0.3945,1.4129,35.36,359.19,15
8.0,6.0,800.0,250.0,4.0,25.0,0.2667,4,11,0.3945,1.4129,35.36,359.19,15
6.0,2.0,500.0,100.0,4.0,35.0,0.2667,4,11,0.3952,1.2562,23.36,989.3,15
6.0,2.0,500.0,250.0,4.0,35.0,0.2667,4,11,0.3952,1.2562,23.36,989.3,15
12.0,6.0,800.0,100.0,4.0,15.0,0.2667,4,11,0.3974,1.3371,48.87,348.52,15
12.0,6.0,800.0,250.0,4.0,15.0,0.2667,4,11,0.3974,1.3371,48.87,348.52,15
10.0,2.0,500.0,100.0,4.0,25.0,0.2667,4,11,0.3977,1.3827,59.36,589.3,15
10.0,2.0,500.0,250.0,4.0,25.0,0.2667,4,11,0.3977,1.3827,59.36,589.3,15
6.0,6.0,500.0,100.0,2.0,15.0,0.2667,4,11,0.3995,1.4285,56.4,914.1,15
6.0,6.0,500.0,250.0,2.0,15.0,0.2667,4,11,0.3995,1.4285,56.4,914.1,15
12.0,2.0,800.0,100.0,2.0,35.0,0.2667,4,11,0.402,1.0123,50.43,351.55,15
12.0,2.0,800.0,250.0,2.0,35.0,0.2667,4,11,0.402,1.0123,50.43,351.55,15
6.0,2.0,300.0,100.0,4.0,25.0,0.2667,4,11,0.4061,1.3658,514.72,1043.54,15
6.0,2.0,300.0,250.0,4.0,25.0,0.2667,4,11,0.4061,1.3658,514.72,1043.54,15
12.0,2.0,500.0,100.0,2.0,25.0,0.2667,4,11,0.4071,1.0334,42.21,454.88,15
12.0,2.0,500.0,250.0,2.0,25.0,0.2667,4,11,0.4071,1.0334,42.21,454.88,15
6.0,2.0,300.0,100.0,1.0,15.0,0.2667,4,11,0.4137,1.9147,52.29,614.85,15
6.0,2.0,300.0,250.0,1.0,15.0,0.2667,4,11,0.4137,1.9147,52.29,614.85,15
10.0,4.0,800.0,100.0,4.0,35.0,0.2667,4,11,0.4137,1.1827,63.86,349.85,15
10.0,4.0,800.0,250.0,4.0,35.0,0.2667,4,11,0.4137,1.1827,63.86,349.85,15
10.0,6.0,800.0,100.0,4.0,25.0,0.2667,4,11,0.4185,1.3489,59.36,359.19,15
10.0,6.0,800.0,250.0,4.0,25.0,0.2667,4,11,0.4185,1.3489,59.36,359.19,15
8.0,4.0,500.0,100.0,1.0,25.0,0.2667,4,11,0.4215,1.3731,58.07,1157.29,15
8.0,4.0,500.0,250.0,1.0,25.0,0.2667,4,11,0.4215,1.3731,58.07,1157.29,15
10.0,4.0,500.0,100.0,1.0,25.0,0.2667,4,11,0.4295,1.2025,64.73,1157.29,15
10.0,4.0,500.0,250.0,1.0,25.0,0.2667,4,11,0.4295,1.2025,64.73,1157.29,15
6.0,6.0,500.0,100.0,1.0,15.0,0.2667,4,11,0.4297,1.6787,52.95,1151.95,15
6.0,6.0,500.0,250.0,1.0,15.0,0.2667,4,11,0.4297,1.6787,52.95,1151.95,15
8.0,2.0,300.0,100.0,4.0,25.0,0.2667,4,11,0.4315,1.2911,529.39,1043.54,15
8.0,2.0,300.0,250.0,4.0,25.0,0.2667,4,11,0.4315,1.2911,529.39,1043.54,15
8.0,6.0,500.0,100.0,2.0,15.0,0.2667,4,11,0.4381,1.3631,57.73,914.1,15
8.0,6.0,500.0,250.0,2.0,15.0,0.2667,4,11,0.4381,1.3631,57.73,914.1,15
6.0,6.0,500.0,100.0,4.0,25.0,0.2667,4,11,0.4399,1.2782,65.83,1053.3,15
6.0,6.0,500.0,250.0,4.0,25.0,0.2667,4,11,0.4399,1.2782,65.83,1053.3,15
12.0,2.0,300.0,100.0,1.0,15.0,0.2667,4,11,0.4462,1.3218,83.4,614.85,15
12.0,2.0,300.0,250.0,1.0,15.0,0.2667,4,11,0.4462,1.3218,83.4,614.85,15
8.0,6.0,500.0,100.0,4.0,25.0,0.2667,4,11,0.4572,1.1862,79.16,1053.3,15
8.0,6.0,500.0,250.0,4.0,25.0,0.2667,4,11,0.4572,1.1862,79.16,1053.3,15
12.0,4.0,500.0,100.0,4.0,15.0,0.2667,4,11,0.4594,1.2497,48.87,500.52,15
12.0,4.0,500.0,250.0,4.0,15.0,0.2667,4,11,0.4594,1.2497,48.87,500.52,15
8.0,6.0,500.0,100.0,1.0,15.0,0.2667,4,11,0.4597,1.5233,54.29,1151.95,15
8.0,6.0,500.0,250.0,1.0,15.0,0.2667,4,11,0.4597,1.5233,54.29,1151.95,15
6.0,4.0,500.0,100.0,2.0,25.0,0.2667,4,11,0.4648,1.2551,15.27,1147.43,15
6.0,4.0,500.0,250.0,2.0,25.0,0.2667,4,11,0.4648,1.2551,15.27,1147.43,15
10.0,6.0,500.0,100.0,1.0,15.0,0.2667,4,11,0.4663,1.3313,58.29,1151.95,15
10.0,6.0,500.0,250.0,1.0,15.0,0.2667,4,11,0.4663,1.3313,58.29,1151.95,15
6.0,2.0,300.0,100.0,1.0,25.0,0.2667,4,11,0.4742,1.4658,56.73,1437.99,15
6.0,2.0,300.0,250.0,1.0,25.0,0.2667,4,11,0.4742,1.4658,56.73,1437.99,15
6.0,4.0,300.0,100.0,2.0,15.0,0.2667,4,11,0.4746,1.345,56.4,1349.47,15
6.0,4.0,300.0,250.0,2.0,15.0,0.2667,4,11,0.4746,1.345,56.4,1349.47,15
10.0,2.0,300.0,100.0,2.0,25.0,0.2667,4,11,0.4746,0.961,68.4,1533.47,15
10.0,2.0,300.0,250.0,2.0,25.0,0.2667,4,11,0.4746,0.961,68.4,1533.47,15
10.0,6.0,500.0,100.0,2.0,15.0,0.2667,4,11,0.4793,1.1376,65.73,914.1,15
10.0,6.0,500.0,250.0,2.0,15.0,0.2667,4,11,0.4793,1.1376,65.73,914.1,15
8.0,4.0,300.0,100.0,2.0,15.0,0.2667,4,11,0.48,1.2556,57.73,1349.47,15
8.0,4.0,300.0,250.0,2.0,15.0,0.2667,4,11,0.48,1.2556,57.73,1349.47,15
10.0,4.0,500.0,100.0,4.0,25.0,0.2667,4,11,0.4846,1.2322,59.36,1041.3,15
10.0,4.0,500.0,250.0,4.0,25.0,0.2667,4,11,0.4846,1.2322,59.36,1041.3,15
12.0,6.0,800.0,100.0,2.0,25.0,0.2667,4,11,0.4849,0.9192,42.21,442.65,15
12.0,6.0,800.0,250.0,2.0,25.0,0.2667,4,11,0.4849,0.9192,42.21,442.65,15
12.0,6.0,500.0,100.0,1.0,15.0,0.2667,4,11,0.4941,1.2711,83.4,1151.95,15
12.0,6.0,500.0,250.0,1.0,15.0,0.2667,4,11,0.4941,1.2711,83.4,1151.95,15
8.0,4.0,500.0,100.0,2.0,25.0,0.2667,4,11,0.5006,1.0869,17.93,1147.43,15
8.0,4.0,500.0,250.0,2.0,25.0,0.2667,4,11,0.5006,1.0869,17.93,1147.43,15
8.0,2.0,300.0,100.0,1.0,25.0,0.2667,4,11,0.5068,1.2838,58.07,1437.99,15
8.0,2.0,300.0,250.0,1.0,25.0,0.2667,4,11,0.5068,1.2838,58.07,1437.99,15
10.0,4.0,500.0,100.0,2.0,25.0,0.2667,4,11,0.5099,1.0189,23.27,1147.43,15
10.0,4.0,500.0,250.0,2.0,25.0,0.2667,4,11,0.5099,1.0189,23.27,1147.43,15
12.0,2.0,800.0,100.0,1.0,35.0,0.2667,4,11,0.5152,1.1455,40.87,260.99,15
12.0,2.0,800.0,250.0,1.0,35.0,0.2667,4,11,0.5152,1.1455,40.87,260.99,15
6.0,6.0,300.0,100.0,4.0,15.0,0.2667,4,11,0.5382,1.2685,417.57,1102.63,15
6.0,6.0,300.0,250.0,4.0,15.0,0.2667,4,11,0.5382,1.2685,417.57,1102.63,15
6.0,6.0,800.0,100.0,2.0,35.0,0.2667,4,11,0.5486,1.1096,15.27,1162.24,15
6.0,6.0,800.0,250.0,2.0,35.0,0.2667,4,11,0.5486,1.1096,15.27,1162.24,15
8.0,6.0,300.0,100.0,4.0,15.0,0.2667,4,11,0.5528,1.2205,425.57,1102.63,15
8.0,6.0,300.0,250.0,4.0,15.0,0.2667,4,11,0.5528,1.2205,425.57,1102.63,15
6.0,4.0,500.0,100.0,2.0,35.0,0.2667,4,11,0.5552,1.0402,15.27,1651.19,15
6.0,4.0,500.0,250.0,2.0,35.0,0.2667,4,11,0.5552,1.0402,15.27,1651.19,15
6.0,6.0,300.0,100.0,4.0,25.0,0.2667,4,11,0.5965,1.0495,722.99,1242.21,15
6.0,6.0,300.0,250.0,4.0,25.0,0.2667,4,11,0.5965,1.0495,722.99,1242.21,15
12.0,4.0,500.0,100.0,2.0,25.0,0.2667,4,11,0.5995,0.7925,42.21,1147.43,15
12.0,4.0,500.0,250.0,2.0,25.0,0.2667,4,11,0.5995,0.7925,42.21,1147.43,15
10.0,6.0,300.0,100.0,4.0,15.0,0.2667,4,11,0.6008,1.1272,453.57,1102.63,15
10.0,6.0,300.0,250.0,4.0,15.0,0.2667,4,11,0.6008,1.1272,453.57,1102.63,15
12.0,6.0,800.0,100.0,4.0,35.0,0.2667,4,11,0.611,0.6854,94.53,775.19,15
12.0,6.0,800.0,250.0,4.0,35.0,0.2667,4,11,0.611,0.6854,94.53,775.19,15
12.0,6.0,500.0,100.0,4.0,15.0,0.2667,4,11,0.6121,1.1531,48.87,1135.97,15
12.0,6.0,500.0,250.0,4.0,15.0,0.2667,4,11,0.6121,1.1531,48.87,1135.97,15
12.0,4.0,800.0,100.0,1.0,35.0,0.2667,4,11,0.6136,0.8892,40.87,568.69,15
12.0,4.0,800.0,250.0,1.0,35.0,0.2667,4,11,0.6136,0.8892,40.87,568.69,15
12.0,6.0,800.0,100.0,1.0,25.0,0.2667,4,11,0.6219,1.1762,33.21,375.35,15
12.0,6.0,800.0,250.0,1.0,25.0,0.2667,4,11,0.6219,1.1762,33.21,375.35,15
10.0,6.0,500.0,100.0,2.0,25.0,0.2667,4,11,0.6246,0.9602,68.4,1650.09,15
10.0,6.0,500.0,250.0,2.0,25.0,0.2667,4,11,0.6246,0.9602,68.4,1650.09,15
12.0,2.0,300.0,100.0,4.0,15.0,0.2667,4,11,0.6254,1.2331,48.87,1398.63,15
12.0,2.0,300.0,250.0,4.0,15.0,0.2667,4,11,0.6254,1.2331,48.87,1398.63,15
8.0,6.0,800.0,100.0,2.0,35.0,0.2667,4,11,0.6364,1.0454,23.27,1162.24,15
8.0,6.0,800.0,250.0,2.0,35.0,0.2667,4,11,0.6364,1.0454,23.27,1162.24,15
8.0,6.0,300.0,100.0,4.0,25.0,0.2667,4,11,0.6618,0.9682,741.66,1242.21,15
8.0,6.0,300.0,250.0,4.0,25.0,0.2667,4,11,0.6618,0.9682,741.66,1242.21,15
12.0,2.0,300.0,100.0,2.0,25.0,0.2667,4,11,0.6989,0.7332,42.21,1680.13,15
12.0,2.0,300.0,250.0,2.0,25.0,0.2667,4,11,0.6989,0.7332,42.21,1680.13,15
12.0,2.0,500.0,100.0,4.0,35.0,0.2667,4,11,0.699,0.7587,94.53,989.3,15
12.0,2.0,500.0,250.0,4.0,35.0,0.2667,4,11,0.699,0.7587,94.53,989.3,15
10.0,4.0,300.0,100.0,4.0,25.0,0.2667,4,11,0.7355,0.9579,513.86,1192.87,15
10.0,4.0,300.0,250.0,4.0,25.0,0.2667,4,11,0.7355,0.9579,513.86,1192.87,15
12.0,6.0,500.0,100.0,2.0,25.0,0.2667,4,11,0.7822,0.7338,42.21,1718.09,15
12.0,6.0,500.0,250.0,2.0,25.0,0.2667,4,11,0.7822,0.7338,42.21,1718.09,15
12.0,4.0,500.0,100.0,4.0,35.0,0.2667,4,11,0.783,0.4987,94.53,1481.3,15
12.0,4.0,500.0,250.0,4.0,35.0,0.2667,4,11,0.783,0.4987,94.53,1481.3,15
12.0,6.0,800.0,100.0,2.0,35.0,0.2667,4,11,0.7955,0.6805,50.43,1162.24,15
12.0,6.0,800.0,250.0,2.0,35.0,0.2667,4,11,0.7955,0.6805,50.43,1162.24,15
6.0,6.0,300.0,100.0,4.0,35.0,0.2667,4,11,0.8265,0.7742,729.66,1346.65,15
6.0,6.0,300.0,250.0,4.0,35.0,0.2667,4,11,0.8265,0.7742,729.66,1346.65,15
8.0,6.0,300.0,100.0,4.0,35.0,0.2667,4,11,0.9132,0.6782,746.99,1346.65,15
8.0,6.0,300.0,250.0,4.0,35.0,0.2667,4,11,0.9132,0.6782,746.99,1346.65,15
12.0,6.0,300.0,100.0,4.0,25.0,0.2667,4,11,0.9594,0.5084,1008.75,1078.21,15
12.0,6.0,300.0,250.0,4.0,25.0,0.2667,4,11,0.9594,0.5084,1008.75,1078.21,15
12.0,6.0,500.0,100.0,4.0,35.0,0.2667,4,11,0.9777,0.3787,94.53,1738.63,15
12.0,6.0,500.0,250.0,4.0,35.0,0.2667,4,11,0.9777,0.3787,94.53,1738.63,15
12.0,2.0,300.0,100.0,4.0,35.0,0.2667,4,11,1.0194,0.3084,710.09,1194.21,15
12.0,2.0,300.0,250.0,4.0,35.0,0.2667,4,11,1.0194,0.3084,710.09,1194.21,15
10.0,6.0,300.0,100.0,4.0,35.0,0.2667,4,11,1.1958,0.4342,748.75,1433.32,15
10.0,6.0,300.0,250.0,4.0,35.0,0.2667,4,11,1.1958,0.4342,748.75,1433.32,15
12.0,4.0,300.0,100.0,4.0,35.0,0.2667,4,11,1.2154,0.2591,707.86,1323.54,15
12.0,4.0,300.0,250.0,4.0,35.0,0.2667,4,11,1.2154,0.2591,707.86,1323.54,15
12.0,2.0,800.0,100.0,4.0,35.0,0.2,3,12,0.3597,1.1127,94.53,265.19,15
12.0,2.0,800.0,250.0,4.0,35.0,0.2,3,12,0.3597,1.1127,94.53,265.19,15
12.0,2.0,300.0,100.0,2.0,15.0,0.2,3,12,0.3781,1.0138,36.87,1075.53,15
12.0,2.0,300.0,250.0,2.0,15.0,0.2,3,12,0.3781,1.0138,36.87,1075.53,15
6.0,2.0,300.0,100.0,2.0,25.0,0.2,3,12,0.4255,1.1625,59.07,1533.47,15
6.0,2.0,300.0,250.0,2.0,25.0,0.2,3,12,0.4255,1.1625,59.07,1533.47,15
12.0,4.0,800.0,100.0,4.0,35.0,0.2,3,12,0.4444,1.0334,94.53,349.85,15
12.0,4.0,800.0,250.0,4.0,35.0,0.2,3,12,0.4444,1.0334,94.53,349.85,15
8.0,2.0,300.0,100.0,2.0,25.0,0.2,3,12,0.4613,1.029,61.73,1533.47,15
8.0,2.0,300.0,250.0,2.0,25.0,0.2,3,12,0.4613,1.029,61.73,1533.47,15
12.0,6.0,500.0,100.0,2.0,15.0,0.2,3,12,0.4982,1.0472,82.01,914.1,15
12.0,6.0,500.0,250.0,2.0,15.0,0.2,3,12,0.4982,1.0472,82.01,914.1,15
6.0,4.0,300.0,100.0,4.0,25.0,0.2,3,12,0.5129,1.1632,518.99,1098.21,15
6.0,4.0,300.0,250.0,4.0,25.0,0.2,3,12,0.5129,1.1632,518.99,1098.21,15
10.0,2.0,300.0,100.0,1.0,25.0,0.2,3,12,0.5148,1.0105,64.73,1437.99,15
10.0,2.0,300.0,250.0,1.0,25.0,0.2,3,12,0.5148,1.0105,64.73,1437.99,15
10.0,4.0,300.0,100.0,2.0,15.0,0.2,3,12,0.5211,1.0288,65.73,1349.47,15
10.0,4.0,300.0,250.0,2.0,15.0,0.2,3,12,0.5211,1.0288,65.73,1349.47,15
12.0,2.0,500.0,100.0,4.0,25.0,0.2,3,12,0.5228,1.1985,94.53,589.3,15
12.0,2.0,500.0,250.0,4.0,25.0,0.2,3,12,0.5228,1.1985,94.53,589.3,15
8.0,4.0,300.0,100.0,4.0,25.0,0.2,3,12,0.5382,1.1059,533.66,1098.21,15
8.0,4.0,300.0,250.0,4.0,25.0,0.2,3,12,0.5382,1.1059,533.66,1098.21,15
12.0,4.0,300.0,100.0,2.0,15.0,0.2,3,12,0.54,0.9317,82.01,1349.47,15
12.0,4.0,300.0,250.0,2.0,15.0,0.2,3,12,0.54,0.9317,82.01,1349.47,15
6.0,6.0,500.0,100.0,2.0,25.0,0.2,3,12,0.5468,1.1665,59.07,1650.09,15
6.0,6.0,500.0,250.0,2.0,25.0,0.2,3,12,0.5468,1.1665,59.07,1650.09,15
6.0,6.0,500.0,100.0,1.0,25.0,0.2,3,12,0.5561,1.4705,56.73,1838.09,15
6.0,6.0,500.0,250.0,1.0,25.0,0.2,3,12,0.5561,1.4705,56.73,1838.09,15
12.0,4.0,500.0,100.0,1.0,25.0,0.2,3,12,0.5589,1.0892,33.21,1066.42,15
12.0,4.0,500.0,250.0,1.0,25.0,0.2,3,12,0.5589,1.0892,33.21,1066.42,15
8.0,6.0,500.0,100.0,2.0,25.0,0.2,3,12,0.6112,1.0282,61.73,1650.09,15
8.0,6.0,500.0,250.0,2.0,25.0,0.2,3,12,0.6112,1.0282,61.73,1650.09,15
12.0,4.0,500.0,100.0,4.0,25.0,0.2,3,12,0.6124,1.0494,94.53,1041.3,15
12.0,4.0,500.0,250.0,4.0,25.0,0.2,3,12,0.6124,1.0494,94.53,1041.3,15
6.0,6.0,800.0,100.0,1.0,35.0,0.2,3,12,0.6186,1.4596,15.27,1269.55,15
6.0,6.0,800.0,250.0,1.0,35.0,0.2,3,12,0.6186,1.4596,15.27,1269.55,15
8.0,6.0,500.0,100.0,1.0,25.0,0.2,3,12,0.6768,1.3325,58.07,1838.09,15
8.0,6.0,500.0,250.0,1.0,25.0,0.2,3,12,0.6768,1.3325,58.07,1838.09,15
6.0,4.0,500.0,100.0,1.0,35.0,0.2,3,12,0.7055,1.3305,59.07,1864.75,15
6.0,4.0,500.0,250.0,1.0,35.0,0.2,3,12,0.7055,1.3305,59.07,1864.75,15
12.0,6.0,500.0,100.0,4.0,25.0,0.2,3,12,0.711,0.7387,94.53,1139.97,15
12.0,6.0,500.0,250.0,4.0,25.0,0.2,3,12,0.711,0.7387,94.53,1139.97,15
10.0,6.0,500.0,100.0,1.0,25.0,0.2,3,12,0.7443,1.0999,64.73,1838.09,15
10.0,6.0,500.0,250.0,1.0,25.0,0.2,3,12,0.7443,1.0999,64.73,1838.09,15
8.0,4.0,500.0,100.0,1.0,35.0,0.2,3,12,0.7466,1.1303,61.73,1864.75,15
8.0,4.0,500.0,250.0,1.0,35.0,0.2,3,12,0.7466,1.1303,61.73,1864.75,15
8.0,6.0,800.0,100.0,1.0,35.0,0.2,3,12,0.7508,1.1732,17.93,1269.55,15
8.0,6.0,800.0,250.0,1.0,35.0,0.2,3,12,0.7508,1.1732,17.93,1269.55,15
12.0,4.0,500.0,100.0,2.0,35.0,0.2,3,12,0.7688,0.6152,50.43,1651.19,15
12.0,4.0,500.0,250.0,2.0,35.0,0.2,3,12,0.7688,0.6152,50.43,1651.19,15
10.0,4.0,500.0,100.0,1.0,35.0,0.2,3,12,0.7799,1.0543,69.73,1864.75,15
10.0,4.0,500.0,250.0,1.0,35.0,0.2,3,12,0.7799,1.0543,69.73,1864.75,15
12.0,2.0,500.0,100.0,1.0,35.0,0.2,3,12,0.7918,0.6715,40.87,902.77,15
12.0,2.0,500.0,250.0,1.0,35.0,0.2,3,12,0.7918,0.6715,40.87,902.77,15
12.0,2.0,300.0,100.0,4.0,25.0,0.2,3,12,0.804,0.8076,546.09,1190.21,15
12.0,2.0,300.0,250.0,4.0,25.0,0.2,3,12,0.804,0.8076,546.09,1190.21,15
12.0,4.0,300.0,100.0,4.0,25.0,0.2,3,12,0.8224,0.6154,546.09,1192.87,15
12.0,4.0,300.0,250.0,4.0,25.0,0.2,3,12,0.8224,0.6154,546.09,1192.87,15
12.0,6.0,300.0,100.0,4.0,35.0,0.2,3,12,1.4132,0.1995,782.09,1433.32,15
12.0,6.0,300.0,250.0,4.0,35.0,0.2,3,12,1.4132,0.1995,782.09,1433.32,15
12.0,2.0,800.0,100.0,4.0,25.0,0.1333,2,13,0.3555,1.4152,94.53,260.99,15
12.0,2.0,800.0,250.0,4.0,25.0,0.1333,2,13,0.3555,1.4152,94.53,260.99,15
12.0,4.0,800.0,100.0,4.0,25.0,0.1333,2,13,0.4117,1.2567,94.53,317.19,15
12.0,4.0,800.0,250.0,4.0,25.0,0.1333,2,13,0.4117,1.2567,94.53,317.19,15
12.0,6.0,800.0,100.0,4.0,25.0,0.1333,2,13,0.4537,1.1707,94.53,359.19,15
12.0,6.0,800.0,250.0,4.0,25.0,0.1333,2,13,0.4537,1.1707,94.53,359.19,15
6.0,4.0,300.0,100.0,1.0,15.0,0.1333,2,13,0.5064,1.5301,57.23,1312.43,15
6.0,4.0,300.0,250.0,1.0,15.0,0.1333,2,13,0.5064,1.5301,57.23,1312.43,15
8.0,4.0,300.0,100.0,1.0,15.0,0.1333,2,13,0.5551,1.3268,58.56,1312.43,15
8.0,4.0,300.0,250.0,1.0,15.0,0.1333,2,13,0.5551,1.3268,58.56,1312.43,15
6.0,6.0,300.0,100.0,2.0,15.0,0.1333,2,13,0.5699,1.2562,157.57,1471.47,15
6.0,6.0,300.0,250.0,2.0,15.0,0.1333,2,13,0.5699,1.2562,157.57,1471.47,15
6.0,6.0,300.0,100.0,1.0,15.0,0.1333,2,13,0.5868,1.4664,57.23,1845.76,15
6.0,6.0,300.0,250.0,1.0,15.0,0.1333,2,13,0.5868,1.4664,57.23,1845.76,15
10.0,4.0,300.0,100.0,1.0,15.0,0.1333,2,13,0.6018,1.1988,62.56,1312.43,15
10.0,4.0,300.0,250.0,1.0,15.0,0.1333,2,13,0.6018,1.1988,62.56,1312.43,15
12.0,2.0,300.0,100.0,1.0,25.0,0.1333,2,13,0.6282,0.8919,33.21,1339.12,15
12.0,2.0,300.0,250.0,1.0,25.0,0.1333,2,13,0.6282,0.8919,33.21,1339.12,15
8.0,6.0,300.0,100.0,2.0,15.0,0.1333,2,13,0.6286,1.1829,162.9,1471.47,15
8.0,6.0,300.0,250.0,2.0,15.0,0.1333,2,13,0.6286,1.1829,162.9,1471.47,15
8.0,6.0,300.0,100.0,1.0,15.0,0.1333,2,13,0.6774,1.2998,58.56,1845.76,15
8.0,6.0,300.0,250.0,1.0,15.0,0.1333,2,13,0.6774,1.2998,58.56,1845.76,15
12.0,6.0,300.0,100.0,2.0,15.0,0.1333,2,13,0.707,0.864,205.57,1471.47,15
12.0,6.0,300.0,250.0,2.0,15.0,0.1333,2,13,0.707,0.864,205.57,1471.47,15
10.0,2.0,300.0,100.0,2.0,35.0,0.1333,2,13,0.7112,0.7975,408.4,1449.23,15
10.0,2.0,300.0,250.0,2.0,35.0,0.1333,2,13,0.7112,0.7975,408.4,1449.23,15
10.0,6.0,800.0,100.0,1.0,35.0,0.1333,2,13,0.7842,1.0985,24.6,1269.55,15
10.0,6.0,800.0,250.0,1.0,35.0,0.1333,2,13,0.7842,1.0985,24.6,1269.55,15
12.0,6.0,500.0,100.0,1.0,25.0,0.1333,2,13,0.871,0.9867,33.21,1747.22,15
12.0,6.0,500.0,250.0,1.0,25.0,0.1333,2,13,0.871,0.9867,33.21,1747.22,15
12.0,4.0,500.0,100.0,1.0,35.0,0.1333,2,13,1.0766,0.6163,40.87,1767.22,15
12.0,4.0,500.0,250.0,1.0,35.0,0.1333,2,13,1.0766,0.6163,40.87,1767.22,15
6.0,2.0,300.0,100.0,2.0,35.0,0.0667,1,14,0.6274,0.9804,360.4,1449.23,15
6.0,2.0,300.0,250.0,2.0,35.0,0.0667,1,14,0.6274,0.9804,360.4,1449.23,15
12.0,4.0,300.0,100.0,1.0,15.0,0.0667,1,14,0.6613,1.0597,87.67,1312.43,15
12.0,4.0,300.0,250.0,1.0,15.0,0.0667,1,14,0.6613,1.0597,87.67,1312.43,15
10.0,6.0,300.0,100.0,2.0,15.0,0.0667,1,14,0.6737,0.9587,174.9,1471.47,15
10.0,6.0,300.0,250.0,2.0,15.0,0.0667,1,14,0.6737,0.9587,174.9,1471.47,15
8.0,2.0,300.0,100.0,2.0,35.0,0.0667,1,14,0.6752,0.9242,372.4,1449.23,15
8.0,2.0,300.0,250.0,2.0,35.0,0.0667,1,14,0.6752,0.9242,372.4,1449.23,15
10.0,6.0,300.0,100.0,1.0,15.0,0.0667,1,14,0.7441,1.1744,62.56,1845.76,15
10.0,6.0,300.0,250.0,1.0,15.0,0.0667,1,14,0.7441,1.1744,62.56,1845.76,15
12.0,6.0,300.0,100.0,1.0,15.0,0.0667,1,14,0.805,1.042,87.67,1845.76,15
12.0,6.0,300.0,250.0,1.0,15.0,0.0667,1,14,0.805,1.042,87.67,1845.76,15
12.0,4.0,300.0,100.0,2.0,25.0,0.0667,1,14,0.8583,0.67,42.21,1800.12,15
12.0,4.0,300.0,250.0,2.0,25.0,0.0667,1,14,0.8583,0.67,42.21,1800.12,15
12.0,2.0,300.0,100.0,2.0,35.0,0.0667,1,14,0.8757,0.5567,357.1,1510.56,15
12.0,2.0,300.0,250.0,2.0,35.0,0.0667,1,14,0.8757,0.5567,357.1,1510.56,15
6.0,6.0,500.0,100.0,1.0,35.0,0.0667,1,14,0.9866,1.2623,544.4,2110.33,15
6.0,6.0,500.0,250.0,1.0,35.0,0.0667,1,14,0.9866,1.2623,544.4,2110.33,15
12.0,6.0,800.0,100.0,1.0,35.0,0.0667,1,14,1.1036,0.6312,40.87,1190.68,15
12.0,6.0,800.0,250.0,1.0,35.0,0.0667,1,14,1.1036,0.6312,40.87,1190.68,15
8.0,6.0,500.0,100.0,1.0,35.0,0.0667,1,14,1.1108,1.0345,549.73,2110.33,15
8.0,6.0,500.0,250.0,1.0,35.0,0.0667,1,14,1.1108,1.0345,549.73,2110.33,15
10.0,6.0,500.0,100.0,1.0,35.0,0.0667,1,14,1.2882,0.9332,913.73,1776.21,15
10.0,6.0,500.0,250.0,1.0,35.0,0.0667,1,14,1.2882,0.9332,913.73,1776.21,15
12.0,6.0,500.0,100.0,1.0,35.0,0.0667,1,14,1.7516,0.4992,591.54,1984.01,15
12.0,6.0,500.0,250.0,1.0,35.0,0.0667,1,14,1.7516,0.4992,591.54,1984.01,15
6.0,4.0,300.0,100.0,1.0,25.0,0.0,0,15,0.6256,1.3412,61.01,2024.43,15
6.0,4.0,300.0,250.0,1.0,25.0,0.0,0,15,0.6256,1.3412,61.01,2024.43,15
6.0,4.0,300.0,100.0,2.0,25.0,0.0,0,15,0.6372,1.0809,63.34,1729.45,15
6.0,4.0,300.0,250.0,2.0,25.0,0.0,0,15,0.6372,1.0809,63.34,1729.45,15
6.0,2.0,300.0,100.0,1.0,35.0,0.0,0,15,0.6739,1.2603,160.4,1945.76,15
6.0,2.0,300.0,250.0,1.0,35.0,0.0,0,15,0.6739,1.2603,160.4,1945.76,15
8.0,4.0,300.0,100.0,2.0,25.0,0.0,0,15,0.701,0.9647,66.01,1729.45,15
8.0,4.0,300.0,250.0,2.0,25.0,0.0,0,15,0.701,0.9647,66.01,1729.45,15
10.0,4.0,300.0,100.0,2.0,25.0,0.0,0,15,0.7143,0.8967,72.67,1729.45,15
10.0,4.0,300.0,250.0,2.0,25.0,0.0,0,15,0.7143,0.8967,72.67,1729.45,15
8.0,4.0,300.0,100.0,1.0,25.0,0.0,0,15,0.7202,1.2026,62.34,2024.43,15
8.0,4.0,300.0,250.0,1.0,25.0,0.0,0,15,0.7202,1.2026,62.34,2024.43,15
6.0,6.0,300.0,100.0,2.0,25.0,0.0,0,15,0.8017,1.0253,721.57,1497.9,15
6.0,6.0,300.0,250.0,2.0,25.0,0.0,0,15,0.8017,1.0253,721.57,1497.9,15
6.0,6.0,500.0,100.0,2.0,35.0,0.0,0,15,0.8177,0.9614,59.07,2003.23,15
6.0,6.0,500.0,250.0,2.0,35.0,0.0,0,15,0.8177,0.9614,59.07,2003.23,15
10.0,4.0,300.0,100.0,1.0,25.0,0.0,0,15,0.8373,0.977,69.01,2024.43,15
10.0,4.0,300.0,250.0,1.0,25.0,0.0,0,15,0.8373,0.977,69.01,2024.43,15
6.0,6.0,300.0,100.0,1.0,25.0,0.0,0,15,0.8439,1.2782,415.23,2352.12,15
6.0,6.0,300.0,250.0,1.0,25.0,0.0,0,15,0.8439,1.2782,415.23,2352.12,15
6.0,4.0,300.0,100.0,2.0,35.0,0.0,0,15,0.8443,0.9613,364.67,1743.23,15
6.0,4.0,300.0,250.0,2.0,35.0,0.0,0,15,0.8443,0.9613,364.67,1743.23,15
8.0,2.0,300.0,100.0,1.0,35.0,0.0,0,15,0.9044,1.0187,164.4,1945.76,15
8.0,2.0,300.0,250.0,1.0,35.0,0.0,0,15,0.9044,1.0187,164.4,1945.76,15
8.0,4.0,300.0,100.0,2.0,35.0,0.0,0,15,0.9054,0.9131,376.67,1743.23,15
8.0,4.0,300.0,250.0,2.0,35.0,0.0,0,15,0.9054,0.9131,376.67,1743.23,15
8.0,6.0,500.0,100.0,2.0,35.0,0.0,0,15,0.9135,0.8959,67.07,2003.23,15
8.0,6.0,500.0,250.0,2.0,35.0,0.0,0,15,0.9135,0.8959,67.07,2003.23,15
8.0,6.0,300.0,100.0,2.0,25.0,0.0,0,15,0.9161,0.9318,726.9,1497.9,15
8.0,6.0,300.0,250.0,2.0,25.0,0.0,0,15,0.9161,0.9318,726.9,1497.9,15
8.0,6.0,300.0,100.0,1.0,25.0,0.0,0,15,0.9452,1.1435,420.57,2352.12,15
8.0,6.0,300.0,250.0,1.0,25.0,0.0,0,15,0.9452,1.1435,420.57,2352.12,15
10.0,4.0,300.0,100.0,2.0,35.0,0.0,0,15,0.9574,0.7864,351.54,1803.23,15
10.0,4.0,300.0,250.0,2.0,35.0,0.0,0,15,0.9574,0.7864,351.54,1803.23,15
10.0,6.0,500.0,100.0,2.0,35.0,0.0,0,15,0.9655,0.7452,40.6,2061.9,15
10.0,6.0,500.0,250.0,2.0,35.0,0.0,0,15,0.9655,0.7452,40.6,2061.9,15
10.0,2.0,300.0,100.0,1.0,35.0,0.0,0,15,0.9844,0.9214,352.4,1807.09,15
10.0,2.0,300.0,250.0,1.0,35.0,0.0,0,15,0.9844,0.9214,352.4,1807.09,15
10.0,6.0,300.0,100.0,2.0,25.0,0.0,0,15,0.9948,0.8638,753.57,1497.9,15
10.0,6.0,300.0,250.0,2.0,25.0,0.0,0,15,0.9948,0.8638,753.57,1497.9,15
6.0,4.0,300.0,100.0,1.0,35.0,0.0,0,15,1.0406,1.1509,424.23,2481.9,15
6.0,4.0,300.0,250.0,1.0,35.0,0.0,0,15,1.0406,1.1509,424.23,2481.9,15
12.0,4.0,300.0,100.0,1.0,25.0,0.0,0,15,1.0785,0.8595,33.21,1920.23,15
12.0,4.0,300.0,250.0,1.0,25.0,0.0,0,15,1.0785,0.8595,33.21,1920.23,15
12.0,4.0,300.0,100.0,2.0,35.0,0.0,0,15,1.1203,0.5467,357.1,1803.23,15
12.0,4.0,300.0,250.0,2.0,35.0,0.0,0,15,1.1203,0.5467,357.1,1803.23,15
12.0,6.0,500.0,100.0,2.0,35.0,0.0,0,15,1.1287,0.4284,50.43,2061.9,15
12.0,6.0,500.0,250.0,2.0,35.0,0.0,0,15,1.1287,0.4284,50.43,2061.9,15
12.0,6.0,300.0,100.0,2.0,25.0,0.0,0,15,1.1388,0.6504,728.43,1565.9,15
12.0,6.0,300.0,250.0,2.0,25.0,0.0,0,15,1.1388,0.6504,728.43,1565.9,15
10.0,6.0,300.0,100.0,1.0,25.0,0.0,0,15,1.1487,0.8843,432.57,2352.12,15
10.0,6.0,300.0,250.0,1.0,25.0,0.0,0,15,1.1487,0.8843,432.57,2352.12,15
6.0,6.0,300.0,100.0,2.0,35.0,0.0,0,15,1.2054,0.8491,1409.57,1353.9,15
6.0,6.0,300.0,250.0,2.0,35.0,0.0,0,15,1.2054,0.8491,1409.57,1353.9,15
8.0,4.0,300.0,100.0,1.0,35.0,0.0,0,15,1.3248,0.9311,552.23,2361.9,15
8.0,4.0,300.0,250.0,1.0,35.0,0.0,0,15,1.3248,0.9311,552.23,2361.9,15
8.0,6.0,300.0,100.0,2.0,35.0,0.0,0,15,1.3494,0.7718,1552.23,1224.57,15
8.0,6.0,300.0,250.0,2.0,35.0,0.0,0,15,1.3494,0.7718,1552.23,1224.57,15
12.0,2.0,300.0,100.0,1.0,35.0,0.0,0,15,1.3664,0.5714,40.87,2004.23,15
12.0,2.0,300.0,250.0,1.0,35.0,0.0,0,15,1.3664,0.5714,40.87,2004.23,15
6.0,6.0,300.0,100.0,1.0,35.0,0.0,0,15,1.4275,1.0725,1222.9,2041.9,15
6.0,6.0,300.0,250.0,1.0,35.0,0.0,0,15,1.4275,1.0725,1222.9,2041.9,15
10.0,6.0,300.0,100.0,2.0,35.0,0.0,0,15,1.4521,0.6251,1509.77,1283.23,15
10.0,6.0,300.0,250.0,2.0,35.0,0.0,0,15,1.4521,0.6251,1509.77,1283.23,15
12.0,6.0,300.0,100.0,1.0,25.0,0.0,0,15,1.5125,0.7668,712.77,1949.25,15
12.0,6.0,300.0,250.0,1.0,25.0,0.0,0,15,1.5125,0.7668,712.77,1949.25,15
10.0,4.0,300.0,100.0,1.0,35.0,0.0,0,15,1.5854,0.8011,1226.9,1753.9,15
10.0,4.0,300.0,250.0,1.0,35.0,0.0,0,15,1.5854,0.8011,1226.9,1753.9,15
12.0,6.0,300.0,100.0,2.0,35.0,0.0,0,15,1.7417,0.3573,1517.99,1283.23,15
12.0,6.0,300.0,250.0,2.0,35.0,0.0,0,15,1.7417,0.3573,1517.99,1283.23,15
8.0,6.0,300.0,100.0,1.0,35.0,0.0,0,15,1.7701,0.8805,1226.9,2041.9,15
8.0,6.0,300.0,250.0,1.0,35.0,0.0,0,15,1.7701,0.8805,1226.9,2041.9,15
12.0,4.0,300.0,100.0,1.0,35.0,0.0,0,15,2.0852,0.4916,900.43,1952.37,15
12.0,4.0,300.0,250.0,1.0,35.0,0.0,0,15,2.0852,0.4916,900.43,1952.37,15
10.0,6.0,300.0,100.0,1.0,35.0,0.0,0,15,2.1108,0.7304,1544.23,1772.57,15
10.0,6.0,300.0,250.0,1.0,35.0,0.0,0,15,2.1108,0.7304,1544.23,1772.57,15
12.0,6.0,300.0,100.0,1.0,35.0,0.0,0,15,2.4866,0.3769,1503.1,1660.37,15
12.0,6.0,300.0,250.0,1.0,35.0,0.0,0,15,2.4866,0.3769,1503.1,1660.37,15
