open_margin_db,close_margin_db,release_ms,hold_ms,min_window_sec,pass_rate,passed,failed,mean_missed_speech,mean_false_open,mean_start_delay_ms,mean_early_close_ms,total_scenarios
10.0,3.0,700.0,100.0,2.0,0.4,12,18,0.4721,1.5167,272.51,252.88,30
10.0,3.0,700.0,200.0,2.0,0.4,12,18,0.4721,1.5167,272.51,252.88,30
10.0,5.0,700.0,100.0,2.0,0.4,12,18,0.579,1.4023,331.18,500.03,30
10.0,5.0,700.0,200.0,2.0,0.4,12,18,0.579,1.4023,331.18,500.03,30
12.0,3.0,700.0,100.0,2.0,0.4,12,18,0.6741,1.2481,319.94,247.44,30
12.0,3.0,700.0,200.0,2.0,0.4,12,18,0.6741,1.2481,319.94,247.44,30
12.0,5.0,700.0,100.0,2.0,0.4,12,18,0.823,1.145,378.61,468.6,30
12.0,5.0,700.0,200.0,2.0,0.4,12,18,0.823,1.145,378.61,468.6,30
8.0,3.0,700.0,100.0,2.0,0.3667,11,19,0.4064,1.9111,208.84,252.88,30
8.0,3.0,700.0,200.0,2.0,0.3667,11,19,0.4064,1.9111,208.84,252.88,30
8.0,5.0,700.0,100.0,2.0,0.3667,11,19,0.5153,1.62,288.17,500.03,30
8.0,5.0,700.0,200.0,2.0,0.3667,11,19,0.5153,1.62,288.17,500.03,30
8.0,7.0,700.0,100.0,3.0,0.3667,11,19,0.6097,1.5017,287.98,451.16,30
8.0,7.0,700.0,200.0,3.0,0.3667,11,19,0.6097,1.5017,287.98,451.16,30
8.0,3.0,400.0,100.0,3.0,0.3667,11,19,0.6641,1.3354,257.32,544.06,30
8.0,3.0,400.0,200.0,3.0,0.3667,11,19,0.6641,1.3354,257.32,544.06,30
8.0,5.0,400.0,100.0,3.0,0.3667,11,19,0.7099,1.1913,336.65,593.0,30
8.0,5.0,400.0,200.0,3.0,0.3667,11,19,0.7099,1.1913,336.65,593.0,30
10.0,3.0,400.0,100.0,3.0,0.3667,11,19,0.746,1.0894,323.27,544.06,30
10.0,3.0,400.0,200.0,3.0,0.3667,11,19,0.746,1.0894,323.27,544.06,30
8.0,7.0,400.0,100.0,3.0,0.3667,11,19,0.7701,1.0681,336.65,659.81,30
8.0,7.0,400.0,200.0,3.0,0.3667,11,19,0.7701,1.0681,336.65,659.81,30
10.0,5.0,400.0,100.0,3.0,0.3667,11,19,0.7899,0.9846,381.94,593.0,30
10.0,5.0,400.0,200.0,3.0,0.3667,11,19,0.7899,0.9846,381.94,593.0,30
12.0,5.0,700.0,100.0,3.0,0.3667,11,19,0.8078,1.2518,395.04,423.83,30
12.0,5.0,700.0,200.0,3.0,0.3667,11,19,0.8078,1.2518,395.04,423.83,30
12.0,7.0,700.0,100.0,3.0,0.3667,11,19,0.8421,1.1947,395.04,451.16,30
12.0,7.0,700.0,200.0,3.0,0.3667,11,19,0.8421,1.1947,395.04,451.16,30
12.0,3.0,400.0,100.0,3.0,0.3667,11,19,0.8745,0.9339,336.44,544.06,30
12.0,3.0,400.0,200.0,3.0,0.3667,11,19,0.8745,0.9339,336.44,544.06,30
12.0,5.0,400.0,100.0,3.0,0.3667,11,19,0.9191,0.8157,395.11,593.0,30
12.0,5.0,400.0,200.0,3.0,0.3667,11,19,0.9191,0.8157,395.11,593.0,30
8.0,5.0,700.0,100.0,3.0,0.3333,10,20,0.5747,1.6167,287.98,423.83,30
8.0,5.0,700.0,200.0,3.0,0.3333,10,20,0.5747,1.6167,287.98,423.83,30
10.0,5.0,700.0,100.0,3.0,0.3333,10,20,0.6547,1.352,346.6,423.83,30
10.0,5.0,700.0,200.0,3.0,0.3333,10,20,0.6547,1.352,346.6,423.83,30
10.0,7.0,700.0,100.0,3.0,0.3333,10,20,0.6896,1.2716,346.6,451.16,30
10.0,7.0,700.0,200.0,3.0,0.3333,10,20,0.6896,1.2716,346.6,451.16,30
12.0,3.0,700.0,100.0,3.0,0.3333,10,20,0.7869,1.4069,334.89,414.44,30
12.0,3.0,700.0,200.0,3.0,0.3333,10,20,0.7869,1.4069,334.89,414.44,30
10.0,7.0,400.0,100.0,3.0,0.3333,10,20,0.8574,0.886,381.94,659.81,30
10.0,7.0,400.0,200.0,3.0,0.3333,10,20,0.8574,0.886,381.94,659.81,30
12.0,7.0,400.0,100.0,3.0,0.3333,10,20,1.0025,0.7599,395.11,659.81,30
12.0,7.0,400.0,200.0,3.0,0.3333,10,20,1.0025,0.7599,395.11,659.81,30
15.0,5.0,700.0,100.0,2.0,0.3333,10,20,1.1278,1.0164,338.71,468.6,30
15.0,5.0,700.0,200.0,2.0,0.3333,10,20,1.1278,1.0164,338.71,468.6,30
15.0,5.0,700.0,100.0,3.0,0.3333,10,20,1.2484,1.039,402.81,421.86,30
15.0,5.0,700.0,200.0,3.0,0.3333,10,20,1.2484,1.039,402.81,421.86,30
15.0,7.0,700.0,100.0,3.0,0.3333,10,20,1.2704,1.001,402.81,443.86,30
15.0,7.0,700.0,200.0,3.0,0.3333,10,20,1.2704,1.001,402.81,443.86,30
15.0,3.0,400.0,100.0,3.0,0.3333,10,20,1.3164,0.7711,402.88,532.76,30
15.0,3.0,400.0,200.0,3.0,0.3333,10,20,1.3164,0.7711,402.88,532.76,30
15.0,5.0,400.0,100.0,3.0,0.3333,10,20,1.3613,0.72,402.88,577.62,30
15.0,5.0,400.0,200.0,3.0,0.3333,10,20,1.3613,0.72,402.88,577.62,30
8.0,3.0,700.0,100.0,1.0,0.3,9,21,0.261,1.771,51.17,216.57,30
8.0,3.0,700.0,200.0,1.0,0.3,9,21,0.261,1.771,51.17,216.57,30
10.0,3.0,700.0,100.0,1.0,0.3,9,21,0.4064,1.3984,63.91,215.83,30
10.0,3.0,700.0,200.0,1.0,0.3,9,21,0.4064,1.3984,63.91,215.83,30
8.0,3.0,700.0,100.0,3.0,0.3,9,21,0.5439,1.7952,159.83,414.44,30
8.0,3.0,700.0,200.0,3.0,0.3,9,21,0.5439,1.7952,159.83,414.44,30
10.0,3.0,700.0,100.0,3.0,0.3,9,21,0.6078,1.5185,223.12,414.44,30
10.0,3.0,700.0,200.0,3.0,0.3,9,21,0.6078,1.5185,223.12,414.44,30
8.0,7.0,700.0,100.0,2.0,0.3,9,21,0.6859,1.5285,288.17,841.44,30
8.0,7.0,700.0,200.0,2.0,0.3,9,21,0.6859,1.5285,288.17,841.44,30
15.0,3.0,700.0,100.0,1.0,0.3,9,21,0.744,0.9986,220.9,183.06,30
15.0,3.0,700.0,200.0,1.0,0.3,9,21,0.744,0.9986,220.9,183.06,30
10.0,7.0,700.0,100.0,2.0,0.3,9,21,0.7562,1.1942,331.18,841.44,30
10.0,7.0,700.0,200.0,2.0,0.3,9,21,0.7562,1.1942,331.18,841.44,30
8.0,3.0,200.0,100.0,3.0,0.3,9,21,0.8375,0.8642,336.69,767.59,30
8.0,3.0,200.0,200.0,3.0,0.3,9,21,0.8375,0.8642,336.69,767.59,30
8.0,5.0,200.0,100.0,3.0,0.3,9,21,0.9111,0.7777,350.69,829.59,30
8.0,5.0,200.0,200.0,3.0,0.3,9,21,0.9111,0.7777,350.69,829.59,30
15.0,3.0,700.0,100.0,2.0,0.3,9,21,0.9262,1.0855,338.71,247.44,30
15.0,3.0,700.0,200.0,2.0,0.3,9,21,0.9262,1.0855,338.71,247.44,30
10.0,3.0,200.0,100.0,3.0,0.3,9,21,0.9477,0.6943,425.97,716.26,30
10.0,3.0,200.0,200.0,3.0,0.3,9,21,0.9477,0.6943,425.97,716.26,30
12.0,7.0,700.0,100.0,2.0,0.3,9,21,0.9769,0.9942,378.61,793.34,30
12.0,7.0,700.0,200.0,2.0,0.3,9,21,0.9769,0.9942,378.61,793.34,30
8.0,7.0,200.0,100.0,3.0,0.3,9,21,0.9897,0.7217,532.02,825.59,30
8.0,7.0,200.0,200.0,3.0,0.3,9,21,0.9897,0.7217,532.02,825.59,30
10.0,5.0,200.0,100.0,3.0,0.3,9,21,1.021,0.6363,425.97,781.59,30
10.0,5.0,200.0,200.0,3.0,0.3,9,21,1.021,0.6363,425.97,781.59,30
10.0,7.0,200.0,100.0,3.0,0.3,9,21,1.0897,0.5937,538.64,825.59,30
10.0,7.0,200.0,200.0,3.0,0.3,9,21,1.0897,0.5937,538.64,825.59,30
12.0,3.0,200.0,100.0,3.0,0.3,9,21,1.1002,0.5448,395.14,767.59,30
12.0,3.0,200.0,200.0,3.0,0.3,9,21,1.1002,0.5448,395.14,767.59,30
12.0,5.0,200.0,100.0,3.0,0.3,9,21,1.1988,0.5268,395.14,829.59,30
12.0,5.0,200.0,200.0,3.0,0.3,9,21,1.1988,0.5268,395.14,829.59,30
15.0,3.0,700.0,100.0,3.0,0.3,9,21,1.2082,1.1308,371.33,413.14,30
15.0,3.0,700.0,200.0,3.0,0.3,9,21,1.2082,1.1308,371.33,413.14,30
12.0,7.0,200.0,100.0,3.0,0.3,9,21,1.2902,0.5035,415.14,966.25,30
12.0,7.0,200.0,200.0,3.0,0.3,9,21,1.2902,0.5035,415.14,966.25,30
15.0,7.0,400.0,100.0,3.0,0.3,9,21,1.3708,0.6754,402.88,587.1,30
15.0,7.0,400.0,200.0,3.0,0.3,9,21,1.3708,0.6754,402.88,587.1,30
15.0,3.0,200.0,100.0,3.0,0.3,9,21,1.4302,0.4688,402.91,660.66,30
15.0,3.0,200.0,200.0,3.0,0.3,9,21,1.4302,0.4688,402.91,660.66,30
12.0,3.0,700.0,100.0,1.0,0.2667,8,22,0.5284,1.1331,79.24,215.83,30
12.0,3.0,700.0,200.0,1.0,0.2667,8,22,0.5284,1.1331,79.24,215.83,30
15.0,5.0,200.0,100.0,3.0,0.2667,8,22,1.4862,0.4482,402.91,715.32,30
15.0,5.0,200.0,200.0,3.0,0.2667,8,22,1.4862,0.4482,402.91,715.32,30
15.0,7.0,200.0,100.0,3.0,0.2667,8,22,1.6242,0.4262,423.58,847.98,30
15.0,7.0,200.0,200.0,3.0,0.2667,8,22,1.6242,0.4262,423.58,847.98,30
8.0,5.0,700.0,100.0,1.0,0.2333,7,23,0.4151,1.5698,191.17,534.02,30
8.0,5.0,700.0,200.0,1.0,0.2333,7,23,0.4151,1.5698,191.17,534.02,30
10.0,5.0,700.0,100.0,1.0,0.2333,7,23,0.6312,1.2085,199.91,533.28,30
10.0,5.0,700.0,200.0,1.0,0.2333,7,23,0.6312,1.2085,199.91,533.28,30
8.0,3.0,400.0,100.0,2.0,0.2333,7,23,0.6829,1.3295,410.32,788.57,30
8.0,3.0,400.0,200.0,2.0,0.2333,7,23,0.6829,1.3295,410.32,788.57,30
10.0,3.0,400.0,100.0,2.0,0.2333,7,23,0.8447,0.9627,464.66,788.57,30
10.0,3.0,400.0,200.0,2.0,0.2333,7,23,0.8447,0.9627,464.66,788.57,30
8.0,5.0,400.0,100.0,2.0,0.2333,7,23,0.8473,1.15,489.66,905.6,30
8.0,5.0,400.0,200.0,2.0,0.2333,7,23,0.8473,1.15,489.66,905.6,30
15.0,5.0,700.0,100.0,1.0,0.2333,7,23,1.1121,0.8774,220.9,664.52,30
15.0,5.0,700.0,200.0,1.0,0.2333,7,23,1.1121,0.8774,220.9,664.52,30
12.0,3.0,400.0,100.0,2.0,0.2333,7,23,1.1221,0.7487,508.16,773.13,30
12.0,3.0,400.0,200.0,2.0,0.2333,7,23,1.1221,0.7487,508.16,773.13,30
15.0,7.0,700.0,100.0,2.0,0.2333,7,23,1.3652,0.8592,340.2,793.34,30
15.0,7.0,700.0,200.0,2.0,0.2333,7,23,1.3652,0.8592,340.2,793.34,30
12.0,5.0,700.0,100.0,1.0,0.2,6,24,0.8272,1.0099,79.24,699.28,30
12.0,5.0,700.0,200.0,1.0,0.2,6,24,0.8272,1.0099,79.24,699.28,30
10.0,5.0,400.0,100.0,2.0,0.2,6,24,1.005,0.897,523.33,905.6,30
10.0,5.0,400.0,200.0,2.0,0.2,6,24,1.005,0.897,523.33,905.6,30
12.0,5.0,400.0,100.0,2.0,0.2,6,24,1.2324,0.7238,566.82,864.17,30
12.0,5.0,400.0,200.0,2.0,0.2,6,24,1.2324,0.7238,566.82,864.17,30
8.0,7.0,400.0,100.0,2.0,0.1667,5,25,0.9949,1.0536,489.66,1059.18,30
8.0,7.0,400.0,200.0,2.0,0.1667,5,25,0.9949,1.0536,489.66,1059.18,30
10.0,7.0,400.0,100.0,2.0,0.1667,5,25,1.1226,0.8393,523.33,1059.18,30
10.0,7.0,400.0,200.0,2.0,0.1667,5,25,1.1226,0.8393,523.33,1059.18,30
12.0,7.0,400.0,100.0,2.0,0.1667,5,25,1.3207,0.6593,566.82,1001.08,30
12.0,7.0,400.0,200.0,2.0,0.1667,5,25,1.3207,0.6593,566.82,1001.08,30
15.0,3.0,400.0,100.0,2.0,0.1667,5,25,1.4481,0.6628,376.26,867.73,30
15.0,3.0,400.0,200.0,2.0,0.1667,5,25,1.4481,0.6628,376.26,867.73,30
10.0,7.0,700.0,100.0,1.0,0.1333,4,26,1.0222,1.0589,418.24,997.85,30
10.0,7.0,700.0,200.0,1.0,0.1333,4,26,1.0222,1.0589,418.24,997.85,30
15.0,5.0,400.0,100.0,2.0,0.1333,4,26,1.5425,0.6431,376.26,953.43,30
15.0,5.0,400.0,200.0,2.0,0.1333,4,26,1.5425,0.6431,376.26,953.43,30
15.0,7.0,700.0,100.0,1.0,0.1333,4,26,1.6189,0.7982,220.9,1238.52,30
15.0,7.0,700.0,200.0,1.0,0.1333,4,26,1.6189,0.7982,220.9,1238.52,30
15.0,7.0,400.0,100.0,2.0,0.1333,4,26,1.6471,0.5845,376.26,1068.78,30
15.0,7.0,400.0,200.0,2.0,0.1333,4,26,1.6471,0.5845,376.26,1068.78,30
8.0,3.0,400.0,100.0,1.0,0.1,3,27,0.7635,1.2869,249.22,1229.35,30
8.0,3.0,400.0,200.0,1.0,0.1,3,27,0.7635,1.2869,249.22,1229.35,30
8.0,7.0,700.0,100.0,1.0,0.1,3,27,0.8062,1.4668,408.84,1059.93,30
8.0,7.0,700.0,200.0,1.0,0.1,3,27,0.8062,1.4668,408.84,1059.93,30
10.0,3.0,400.0,100.0,1.0,0.1,3,27,1.0049,0.8602,351.96,1088.61,30
10.0,3.0,400.0,200.0,1.0,0.1,3,27,1.0049,0.8602,351.96,1088.61,30
8.0,5.0,400.0,100.0,1.0,0.1,3,27,1.1236,1.1343,478.55,1471.61,30
8.0,5.0,400.0,200.0,1.0,0.1,3,27,1.1236,1.1343,478.55,1471.61,30
12.0,7.0,700.0,100.0,1.0,0.1,3,27,1.1973,0.926,297.58,1116.29,30
12.0,7.0,700.0,200.0,1.0,0.1,3,27,1.1973,0.926,297.58,1116.29,30
10.0,5.0,400.0,100.0,1.0,0.1,3,27,1.4037,0.805,487.96,1400.87,30
10.0,5.0,400.0,200.0,1.0,0.1,3,27,1.4037,0.805,487.96,1400.87,30
15.0,3.0,400.0,100.0,1.0,0.1,3,27,1.546,0.5993,220.96,1174.95,30
15.0,3.0,400.0,200.0,1.0,0.1,3,27,1.546,0.5993,220.96,1174.95,30
12.0,7.0,200.0,100.0,2.0,0.1,3,27,1.6611,0.4577,450.82,1403.46,30
12.0,7.0,200.0,200.0,2.0,0.1,3,27,1.6611,0.4577,450.82,1403.46,30
15.0,3.0,200.0,100.0,2.0,0.1,3,27,1.7249,0.4142,376.3,1131.15,30
15.0,3.0,200.0,200.0,2.0,0.1,3,27,1.7249,0.4142,376.3,1131.15,30
15.0,5.0,200.0,100.0,2.0,0.1,3,27,1.8082,0.4116,396.96,1213.15,30
15.0,5.0,200.0,200.0,2.0,0.1,3,27,1.8082,0.4116,396.96,1213.15,30
15.0,7.0,200.0,100.0,2.0,0.1,3,27,1.8976,0.3902,396.96,1299.82,30
15.0,7.0,200.0,200.0,2.0,0.1,3,27,1.8976,0.3902,396.96,1299.82,30
15.0,5.0,400.0,100.0,1.0,0.1,3,27,1.9849,0.5776,220.96,1618.54,30
15.0,5.0,400.0,200.0,1.0,0.1,3,27,1.9849,0.5776,220.96,1618.54,30
12.0,3.0,200.0,100.0,1.0,0.1,3,27,1.9941,0.4894,241.92,2012.52,30
12.0,3.0,200.0,200.0,1.0,0.1,3,27,1.9941,0.4894,241.92,2012.52,30
12.0,5.0,200.0,100.0,1.0,0.1,3,27,2.1433,0.4653,517.79,1820.52,30
12.0,5.0,200.0,200.0,1.0,0.1,3,27,2.1433,0.4653,517.79,1820.52,30
15.0,7.0,400.0,100.0,1.0,0.1,3,27,2.1622,0.5569,220.96,1785.82,30
15.0,7.0,400.0,200.0,1.0,0.1,3,27,2.1622,0.5569,220.96,1785.82,30
15.0,3.0,200.0,100.0,1.0,0.1,3,27,2.3215,0.4169,267.46,1916.42,30
15.0,3.0,200.0,200.0,1.0,0.1,3,27,2.3215,0.4169,267.46,1916.42,30
15.0,5.0,200.0,100.0,1.0,0.1,3,27,2.4428,0.3894,407.33,1863.09,30
15.0,5.0,200.0,200.0,1.0,0.1,3,27,2.4428,0.3894,407.33,1863.09,30
8.0,3.0,200.0,100.0,2.0,0.0667,2,28,1.0699,0.8579,348.32,1240.89,30
8.0,3.0,200.0,200.0,2.0,0.0667,2,28,1.0699,0.8579,348.32,1240.89,30
10.0,3.0,200.0,100.0,2.0,0.0667,2,28,1.2117,0.6723,383.99,1240.89,30
10.0,3.0,200.0,200.0,2.0,0.0667,2,28,1.2117,0.6723,383.99,1240.89,30
8.0,5.0,200.0,100.0,2.0,0.0667,2,28,1.2186,0.7973,368.32,1364.89,30
8.0,5.0,200.0,200.0,2.0,0.0667,2,28,1.2186,0.7973,368.32,1364.89,30
12.0,3.0,400.0,100.0,1.0,0.0667,2,28,1.2739,0.6773,331.46,1091.71,30
12.0,3.0,400.0,200.0,1.0,0.0667,2,28,1.2739,0.6773,331.46,1091.71,30
8.0,7.0,200.0,100.0,2.0,0.0667,2,28,1.3313,0.7273,462.99,1428.89,30
8.0,7.0,200.0,200.0,2.0,0.0667,2,28,1.3313,0.7273,462.99,1428.89,30
8.0,7.0,400.0,100.0,1.0,0.0667,2,28,1.3657,1.043,478.55,1694.22,30
8.0,7.0,400.0,200.0,1.0,0.0667,2,28,1.3657,1.043,478.55,1694.22,30
10.0,5.0,200.0,100.0,2.0,0.0667,2,28,1.3683,0.647,404.66,1364.89,30
10.0,5.0,200.0,200.0,2.0,0.0667,2,28,1.3683,0.647,404.66,1364.89,30
12.0,3.0,200.0,100.0,2.0,0.0667,2,28,1.4177,0.4857,430.82,1208.79,30
12.0,3.0,200.0,200.0,2.0,0.0667,2,28,1.4177,0.4857,430.82,1208.79,30
10.0,7.0,200.0,100.0,2.0,0.0667,2,28,1.457,0.5977,482.66,1428.89,30
10.0,7.0,200.0,200.0,2.0,0.0667,2,28,1.457,0.5977,482.66,1428.89,30
8.0,3.0,200.0,100.0,1.0,0.0667,2,28,1.5162,0.8609,241.68,2104.16,30
8.0,3.0,200.0,200.0,1.0,0.0667,2,28,1.5162,0.8609,241.68,2104.16,30
12.0,5.0,200.0,100.0,2.0,0.0667,2,28,1.5597,0.4817,450.82,1316.79,30
12.0,5.0,200.0,200.0,2.0,0.0667,2,28,1.5597,0.4817,450.82,1316.79,30
10.0,7.0,400.0,100.0,1.0,0.0667,2,28,1.5797,0.7797,487.96,1606.82,30
10.0,7.0,400.0,200.0,1.0,0.0667,2,28,1.5797,0.7797,487.96,1606.82,30
12.0,5.0,400.0,100.0,1.0,0.0667,2,28,1.6589,0.6555,331.46,1543.97,30
12.0,5.0,400.0,200.0,1.0,0.0667,2,28,1.6589,0.6555,331.46,1543.97,30
8.0,5.0,200.0,100.0,1.0,0.0667,2,28,1.6861,0.7814,590.02,1870.16,30
8.0,5.0,200.0,200.0,1.0,0.0667,2,28,1.6861,0.7814,590.02,1870.16,30
10.0,3.0,200.0,100.0,1.0,0.0667,2,28,1.7496,0.6363,256.42,2016.09,30
10.0,3.0,200.0,200.0,1.0,0.0667,2,28,1.7496,0.6363,256.42,2016.09,30
12.0,7.0,400.0,100.0,1.0,0.0667,2,28,1.7948,0.6328,331.46,1724.59,30
12.0,7.0,400.0,200.0,1.0,0.0667,2,28,1.7948,0.6328,331.46,1724.59,30
8.0,7.0,200.0,100.0,1.0,0.0667,2,28,1.8439,0.7153,766.89,1824.01,30
8.0,7.0,200.0,200.0,1.0,0.0667,2,28,1.8439,0.7153,766.89,1824.01,30
10.0,5.0,200.0,100.0,1.0,0.0667,2,28,1.9028,0.5881,600.76,1780.75,30
10.0,5.0,200.0,200.0,1.0,0.0667,2,28,1.9028,0.5881,600.76,1780.75,30
10.0,7.0,200.0,100.0,1.0,0.0667,2,28,2.018,0.5473,705.63,1793.27,30
10.0,7.0,200.0,200.0,1.0,0.0667,2,28,2.018,0.5473,705.63,1793.27,30
12.0,7.0,200.0,100.0,1.0,0.0667,2,28,2.2325,0.4418,689.13,1741.04,30
12.0,7.0,200.0,200.0,1.0,0.0667,2,28,2.2325,0.4418,689.13,1741.04,30
15.0,7.0,200.0,100.0,1.0,0.0667,2,28,2.5133,0.3679,428.0,1935.61,30
15.0,7.0,200.0,200.0,1.0,0.0667,2,28,2.5133,0.3679,428.0,1935.61,30
