open_margin_db,sustain_margin_db,close_margin_db,release_ms,hold_ms,pass_rate,passed,failed,mean_missed_speech,mean_false_open,mean_start_delay_ms,mean_early_close_ms,total_scenarios
12.0,4.0,1.0,400.0,150.0,0.5,15,15,0.8471,1.0264,313.15,87.06,30
12.0,4.0,1.0,400.0,250.0,0.5,15,15,0.8471,1.0264,313.15,87.06,30
12.0,4.0,2.0,400.0,150.0,0.5,15,15,0.8478,1.0164,313.15,87.06,30
12.0,4.0,2.0,400.0,250.0,0.5,15,15,0.8478,1.0164,313.15,87.06,30
12.0,6.0,1.0,400.0,150.0,0.5,15,15,0.8771,0.9784,158.7,256.4,30
12.0,6.0,1.0,400.0,250.0,0.5,15,15,0.8771,0.9784,158.7,256.4,30
12.0,8.0,1.0,400.0,150.0,0.5,15,15,0.8783,0.9689,158.7,257.55,30
12.0,8.0,1.0,400.0,250.0,0.5,15,15,0.8783,0.9689,158.7,257.55,30
12.0,6.0,2.0,400.0,150.0,0.5,15,15,0.8798,0.9658,158.7,257.06,30
12.0,6.0,2.0,400.0,250.0,0.5,15,15,0.8798,0.9658,158.7,257.06,30
12.0,4.0,4.0,400.0,150.0,0.5,15,15,0.9104,0.9511,313.15,87.06,30
12.0,4.0,4.0,400.0,250.0,0.5,15,15,0.9104,0.9511,313.15,87.06,30
12.0,8.0,2.0,400.0,150.0,0.5,15,15,0.9343,0.9536,313.15,130.89,30
12.0,8.0,2.0,400.0,250.0,0.5,15,15,0.9343,0.9536,313.15,130.89,30
12.0,6.0,4.0,400.0,150.0,0.5,15,15,0.9438,0.9358,313.15,131.73,30
12.0,6.0,4.0,400.0,250.0,0.5,15,15,0.9438,0.9358,313.15,131.73,30
12.0,8.0,4.0,400.0,150.0,0.5,15,15,0.9523,0.9203,313.15,140.22,30
12.0,8.0,4.0,400.0,250.0,0.5,15,15,0.9523,0.9203,313.15,140.22,30
10.0,6.0,4.0,600.0,150.0,0.4667,14,16,0.5842,1.3855,195.54,273.99,30
10.0,6.0,4.0,600.0,250.0,0.4667,14,16,0.5842,1.3855,195.54,273.99,30
10.0,4.0,4.0,400.0,150.0,0.4667,14,16,0.5974,1.1467,349.99,189.15,30
10.0,4.0,4.0,400.0,250.0,0.4667,14,16,0.5974,1.1467,349.99,189.15,30
12.0,4.0,1.0,600.0,150.0,0.4667,14,16,0.8323,1.175,157.91,122.4,30
12.0,4.0,1.0,600.0,250.0,0.4667,14,16,0.8323,1.175,157.91,122.4,30
12.0,6.0,1.0,600.0,150.0,0.4667,14,16,0.8323,1.175,157.91,122.4,30
12.0,6.0,1.0,600.0,250.0,0.4667,14,16,0.8323,1.175,157.91,122.4,30
12.0,8.0,1.0,600.0,150.0,0.4667,14,16,0.8331,1.1518,158.72,122.4,30
12.0,8.0,1.0,600.0,250.0,0.4667,14,16,0.8331,1.1518,158.72,122.4,30
12.0,4.0,2.0,600.0,150.0,0.4667,14,16,0.8343,1.165,157.91,124.4,30
12.0,4.0,2.0,600.0,250.0,0.4667,14,16,0.8343,1.165,157.91,124.4,30
12.0,6.0,2.0,600.0,150.0,0.4667,14,16,0.8343,1.165,157.91,124.4,30
12.0,6.0,2.0,600.0,250.0,0.4667,14,16,0.8343,1.165,157.91,124.4,30
12.0,8.0,2.0,600.0,150.0,0.4667,14,16,0.8351,1.1411,158.72,124.4,30
12.0,8.0,2.0,600.0,250.0,0.4667,14,16,0.8351,1.1411,158.72,124.4,30
12.0,4.0,4.0,600.0,150.0,0.4667,14,16,0.8643,1.153,157.91,190.4,30
12.0,4.0,4.0,600.0,250.0,0.4667,14,16,0.8643,1.153,157.91,190.4,30
12.0,6.0,4.0,600.0,150.0,0.4667,14,16,0.8923,1.151,157.91,253.06,30
12.0,6.0,4.0,600.0,250.0,0.4667,14,16,0.8923,1.151,157.91,253.06,30
12.0,8.0,4.0,600.0,150.0,0.4667,14,16,0.8949,1.1196,158.72,254.89,30
12.0,8.0,4.0,600.0,250.0,0.4667,14,16,0.8949,1.1196,158.72,254.89,30
15.0,4.0,1.0,400.0,150.0,0.4667,14,16,1.0687,0.7634,195.0,87.06,30
15.0,4.0,1.0,400.0,250.0,0.4667,14,16,1.0687,0.7634,195.0,87.06,30
15.0,6.0,1.0,400.0,150.0,0.4667,14,16,1.0687,0.7634,195.0,87.06,30
15.0,6.0,1.0,400.0,250.0,0.4667,14,16,1.0687,0.7634,195.0,87.06,30
15.0,4.0,2.0,400.0,150.0,0.4667,14,16,1.0929,0.7515,195.0,111.21,30
15.0,4.0,2.0,400.0,250.0,0.4667,14,16,1.0929,0.7515,195.0,111.21,30
15.0,6.0,2.0,400.0,150.0,0.4667,14,16,1.0929,0.7515,195.0,111.21,30
15.0,6.0,2.0,400.0,250.0,0.4667,14,16,1.0929,0.7515,195.0,111.21,30
15.0,4.0,4.0,400.0,150.0,0.4667,14,16,1.0942,0.7282,195.0,112.54,30
15.0,4.0,4.0,400.0,250.0,0.4667,14,16,1.0942,0.7282,195.0,112.54,30
15.0,6.0,4.0,400.0,150.0,0.4667,14,16,1.0942,0.7262,195.0,112.54,30
15.0,6.0,4.0,400.0,250.0,0.4667,14,16,1.0942,0.7262,195.0,112.54,30
15.0,8.0,1.0,400.0,150.0,0.4667,14,16,1.1209,0.7556,195.0,139.25,30
15.0,8.0,1.0,400.0,250.0,0.4667,14,16,1.1209,0.7556,195.0,139.25,30
15.0,8.0,2.0,400.0,150.0,0.4667,14,16,1.1303,0.7463,195.0,148.59,30
15.0,8.0,2.0,400.0,250.0,0.4667,14,16,1.1303,0.7463,195.0,148.59,30
15.0,8.0,4.0,400.0,150.0,0.4667,14,16,1.1643,0.7229,195.0,182.59,30
15.0,8.0,4.0,400.0,250.0,0.4667,14,16,1.1643,0.7229,195.0,182.59,30
10.0,4.0,1.0,600.0,150.0,0.4333,13,17,0.4367,1.4794,40.73,231.33,30
10.0,4.0,1.0,600.0,250.0,0.4333,13,17,0.4367,1.4794,40.73,231.33,30
10.0,6.0,1.0,600.0,150.0,0.4333,13,17,0.4567,1.4747,40.73,242.66,30
10.0,6.0,1.0,600.0,250.0,0.4333,13,17,0.4567,1.4747,40.73,242.66,30
10.0,4.0,2.0,600.0,150.0,0.4333,13,17,0.5067,1.4714,194.73,130.66,30
10.0,4.0,2.0,600.0,250.0,0.4333,13,17,0.5067,1.4714,194.73,130.66,30
10.0,8.0,1.0,600.0,150.0,0.4333,13,17,0.508,1.402,195.54,137.82,30
10.0,8.0,1.0,600.0,250.0,0.4333,13,17,0.508,1.402,195.54,137.82,30
10.0,6.0,2.0,600.0,150.0,0.4333,13,17,0.5187,1.4661,194.73,142.66,30
10.0,6.0,2.0,600.0,250.0,0.4333,13,17,0.5187,1.4661,194.73,142.66,30
10.0,4.0,4.0,600.0,150.0,0.4333,13,17,0.5455,1.4375,195.54,200.66,30
10.0,4.0,4.0,600.0,250.0,0.4333,13,17,0.5455,1.4375,195.54,200.66,30
10.0,4.0,1.0,400.0,150.0,0.4333,13,17,0.5475,1.2322,349.99,181.82,30
10.0,4.0,1.0,400.0,250.0,0.4333,13,17,0.5475,1.2322,349.99,181.82,30
10.0,4.0,2.0,400.0,150.0,0.4333,13,17,0.5535,1.2182,349.99,185.15,30
10.0,4.0,2.0,400.0,250.0,0.4333,13,17,0.5535,1.2182,349.99,185.15,30
10.0,6.0,1.0,400.0,150.0,0.4333,13,17,0.5769,1.2122,41.54,519.82,30
10.0,6.0,1.0,400.0,250.0,0.4333,13,17,0.5769,1.2122,41.54,519.82,30
10.0,6.0,2.0,400.0,150.0,0.4333,13,17,0.5822,1.1922,195.54,367.82,30
10.0,6.0,2.0,400.0,250.0,0.4333,13,17,0.5822,1.1922,195.54,367.82,30
10.0,8.0,1.0,400.0,150.0,0.4333,13,17,0.586,1.2067,41.54,519.82,30
10.0,8.0,1.0,400.0,250.0,0.4333,13,17,0.586,1.2067,41.54,519.82,30
10.0,6.0,4.0,400.0,150.0,0.4333,13,17,0.6254,1.1534,349.99,244.48,30
10.0,6.0,4.0,400.0,250.0,0.4333,13,17,0.6254,1.1534,349.99,244.48,30
10.0,8.0,2.0,400.0,150.0,0.4333,13,17,0.6267,1.202,349.99,240.48,30
10.0,8.0,2.0,400.0,250.0,0.4333,13,17,0.6267,1.202,349.99,240.48,30
10.0,8.0,4.0,400.0,150.0,0.4333,13,17,0.6474,1.1334,349.99,244.48,30
10.0,8.0,4.0,400.0,250.0,0.4333,13,17,0.6474,1.1334,349.99,244.48,30
12.0,4.0,4.0,250.0,150.0,0.4333,13,17,0.9563,0.6523,348.48,224.89,30
12.0,4.0,4.0,250.0,250.0,0.4333,13,17,0.9563,0.6523,348.48,224.89,30
12.0,6.0,4.0,250.0,150.0,0.4333,13,17,1.0323,0.6469,313.15,341.55,30
12.0,6.0,4.0,250.0,250.0,0.4333,13,17,1.0323,0.6469,313.15,341.55,30
15.0,4.0,1.0,600.0,150.0,0.4333,13,17,1.0687,0.9674,195.02,87.06,30
15.0,4.0,1.0,600.0,250.0,0.4333,13,17,1.0687,0.9674,195.02,87.06,30
15.0,4.0,2.0,600.0,150.0,0.4333,13,17,1.0687,0.9561,195.02,87.06,30
15.0,4.0,2.0,600.0,250.0,0.4333,13,17,1.0687,0.9561,195.02,87.06,30
15.0,4.0,4.0,600.0,150.0,0.4333,13,17,1.0687,0.9474,195.02,87.06,30
15.0,4.0,4.0,600.0,250.0,0.4333,13,17,1.0687,0.9474,195.02,87.06,30
15.0,6.0,1.0,600.0,150.0,0.4333,13,17,1.0687,0.9674,195.02,87.06,30
15.0,6.0,1.0,600.0,250.0,0.4333,13,17,1.0687,0.9674,195.02,87.06,30
15.0,6.0,2.0,600.0,150.0,0.4333,13,17,1.0687,0.9561,195.02,87.06,30
15.0,6.0,2.0,600.0,250.0,0.4333,13,17,1.0687,0.9561,195.02,87.06,30
15.0,6.0,4.0,600.0,150.0,0.4333,13,17,1.0687,0.9454,195.02,87.06,30
15.0,6.0,4.0,600.0,250.0,0.4333,13,17,1.0687,0.9454,195.02,87.06,30
15.0,8.0,1.0,600.0,150.0,0.4333,13,17,1.0687,0.9594,195.02,87.06,30
15.0,8.0,1.0,600.0,250.0,0.4333,13,17,1.0687,0.9594,195.02,87.06,30
15.0,8.0,2.0,600.0,150.0,0.4333,13,17,1.0687,0.9467,195.02,87.06,30
15.0,8.0,2.0,600.0,250.0,0.4333,13,17,1.0687,0.9467,195.02,87.06,30
12.0,8.0,4.0,250.0,150.0,0.4333,13,17,1.0776,0.6436,313.15,382.22,30
12.0,8.0,4.0,250.0,250.0,0.4333,13,17,1.0776,0.6436,313.15,382.22,30
15.0,8.0,4.0,600.0,150.0,0.4333,13,17,1.1021,0.9355,195.02,120.44,30
15.0,8.0,4.0,600.0,250.0,0.4333,13,17,1.1021,0.9355,195.02,120.44,30
18.0,4.0,1.0,400.0,150.0,0.4333,13,17,1.5087,0.704,11.86,43.51,30
18.0,4.0,1.0,400.0,250.0,0.4333,13,17,1.5087,0.704,11.86,43.51,30
18.0,4.0,2.0,400.0,150.0,0.4333,13,17,1.5087,0.6974,11.86,43.51,30
18.0,4.0,2.0,400.0,250.0,0.4333,13,17,1.5087,0.6974,11.86,43.51,30
18.0,4.0,4.0,400.0,150.0,0.4333,13,17,1.5087,0.6787,11.86,43.51,30
18.0,4.0,4.0,400.0,250.0,0.4333,13,17,1.5087,0.6787,11.86,43.51,30
18.0,6.0,1.0,400.0,150.0,0.4333,13,17,1.5087,0.704,11.86,43.51,30
18.0,6.0,1.0,400.0,250.0,0.4333,13,17,1.5087,0.704,11.86,43.51,30
18.0,6.0,2.0,400.0,150.0,0.4333,13,17,1.5087,0.6974,11.86,43.51,30
18.0,6.0,2.0,400.0,250.0,0.4333,13,17,1.5087,0.6974,11.86,43.51,30
18.0,6.0,4.0,400.0,150.0,0.4333,13,17,1.5087,0.6774,11.86,43.51,30
18.0,6.0,4.0,400.0,250.0,0.4333,13,17,1.5087,0.6774,11.86,43.51,30
18.0,8.0,1.0,400.0,150.0,0.4333,13,17,1.5087,0.704,11.86,43.51,30
18.0,8.0,1.0,400.0,250.0,0.4333,13,17,1.5087,0.704,11.86,43.51,30
18.0,8.0,2.0,400.0,150.0,0.4333,13,17,1.5087,0.6974,11.86,43.51,30
18.0,8.0,2.0,400.0,250.0,0.4333,13,17,1.5087,0.6974,11.86,43.51,30
18.0,8.0,4.0,400.0,150.0,0.4333,13,17,1.5087,0.6767,11.86,43.51,30
18.0,8.0,4.0,400.0,250.0,0.4333,13,17,1.5087,0.6767,11.86,43.51,30
10.0,8.0,2.0,600.0,150.0,0.4,12,18,0.5267,1.43,195.54,149.82,30
10.0,8.0,2.0,600.0,250.0,0.4,12,18,0.5267,1.43,195.54,149.82,30
10.0,8.0,4.0,600.0,150.0,0.4,12,18,0.6014,1.4047,195.54,291.15,30
10.0,8.0,4.0,600.0,250.0,0.4,12,18,0.6014,1.4047,195.54,291.15,30
10.0,8.0,1.0,250.0,150.0,0.4,12,18,0.718,0.9127,349.99,420.47,30
10.0,8.0,1.0,250.0,250.0,0.4,12,18,0.718,0.9127,349.99,420.47,30
10.0,6.0,4.0,250.0,150.0,0.4,12,18,0.7234,0.8274,349.32,415.15,30
10.0,6.0,4.0,250.0,250.0,0.4,12,18,0.7234,0.8274,349.32,415.15,30
10.0,8.0,2.0,250.0,150.0,0.4,12,18,0.734,0.8693,349.32,425.14,30
10.0,8.0,2.0,250.0,250.0,0.4,12,18,0.734,0.8693,349.32,425.14,30
10.0,8.0,4.0,250.0,150.0,0.4,12,18,0.8636,0.8029,349.32,554.71,30
10.0,8.0,4.0,250.0,250.0,0.4,12,18,0.8636,0.8029,349.32,554.71,30
12.0,4.0,1.0,250.0,150.0,0.4,12,18,0.9375,0.7542,313.15,213.49,30
12.0,4.0,1.0,250.0,250.0,0.4,12,18,0.9375,0.7542,313.15,213.49,30
12.0,4.0,2.0,250.0,150.0,0.4,12,18,0.9475,0.7369,348.48,218.83,30
12.0,4.0,2.0,250.0,250.0,0.4,12,18,0.9475,0.7369,348.48,218.83,30
12.0,6.0,1.0,250.0,150.0,0.4,12,18,0.9569,0.7422,313.15,244.16,30
12.0,6.0,1.0,250.0,250.0,0.4,12,18,0.9569,0.7422,313.15,244.16,30
12.0,6.0,2.0,250.0,150.0,0.4,12,18,0.9782,0.7342,313.15,293.49,30
12.0,6.0,2.0,250.0,250.0,0.4,12,18,0.9782,0.7342,313.15,293.49,30
12.0,8.0,1.0,250.0,150.0,0.4,12,18,1.0055,0.7402,313.15,288.18,30
12.0,8.0,1.0,250.0,250.0,0.4,12,18,1.0055,0.7402,313.15,288.18,30
12.0,8.0,2.0,250.0,150.0,0.4,12,18,1.0362,0.7322,313.15,332.84,30
12.0,8.0,2.0,250.0,250.0,0.4,12,18,1.0362,0.7322,313.15,332.84,30
15.0,4.0,1.0,250.0,150.0,0.4,12,18,1.1159,0.598,195.0,236.29,30
15.0,4.0,1.0,250.0,250.0,0.4,12,18,1.1159,0.598,195.0,236.29,30
15.0,4.0,2.0,250.0,150.0,0.4,12,18,1.136,0.5907,195.0,256.33,30
15.0,4.0,2.0,250.0,250.0,0.4,12,18,1.136,0.5907,195.0,256.33,30
15.0,6.0,1.0,250.0,150.0,0.4,12,18,1.1513,0.5953,195.0,251.66,30
15.0,6.0,1.0,250.0,250.0,0.4,12,18,1.1513,0.5953,195.0,251.66,30
15.0,6.0,2.0,250.0,150.0,0.4,12,18,1.1773,0.5867,195.0,277.66,30
15.0,6.0,2.0,250.0,250.0,0.4,12,18,1.1773,0.5867,195.0,277.66,30
15.0,4.0,4.0,250.0,150.0,0.4,12,18,1.216,0.586,347.66,151.01,30
15.0,4.0,4.0,250.0,250.0,0.4,12,18,1.216,0.586,347.66,151.01,30
15.0,8.0,1.0,250.0,150.0,0.4,12,18,1.2193,0.5933,195.0,319.68,30
15.0,8.0,1.0,250.0,250.0,0.4,12,18,1.2193,0.5933,195.0,319.68,30
15.0,8.0,2.0,250.0,150.0,0.4,12,18,1.2487,0.5853,195.0,349.01,30
15.0,8.0,2.0,250.0,250.0,0.4,12,18,1.2487,0.5853,195.0,349.01,30
15.0,6.0,4.0,250.0,150.0,0.4,12,18,1.292,0.578,347.66,227.01,30
15.0,6.0,4.0,250.0,250.0,0.4,12,18,1.292,0.578,347.66,227.01,30
15.0,8.0,4.0,250.0,150.0,0.4,12,18,1.322,0.5773,347.66,272.35,30
15.0,8.0,4.0,250.0,250.0,0.4,12,18,1.322,0.5773,347.66,272.35,30
18.0,4.0,1.0,600.0,150.0,0.4,12,18,1.5087,0.8754,11.86,43.51,30
18.0,4.0,1.0,600.0,250.0,0.4,12,18,1.5087,0.8754,11.86,43.51,30
18.0,4.0,2.0,600.0,150.0,0.4,12,18,1.5087,0.8674,11.86,43.51,30
18.0,4.0,2.0,600.0,250.0,0.4,12,18,1.5087,0.8674,11.86,43.51,30
18.0,4.0,4.0,600.0,150.0,0.4,12,18,1.5087,0.864,11.86,43.51,30
18.0,4.0,4.0,600.0,250.0,0.4,12,18,1.5087,0.864,11.86,43.51,30
18.0,6.0,1.0,600.0,150.0,0.4,12,18,1.5087,0.8754,11.86,43.51,30
18.0,6.0,1.0,600.0,250.0,0.4,12,18,1.5087,0.8754,11.86,43.51,30
18.0,6.0,2.0,600.0,150.0,0.4,12,18,1.5087,0.8674,11.86,43.51,30
18.0,6.0,2.0,600.0,250.0,0.4,12,18,1.5087,0.8674,11.86,43.51,30
18.0,6.0,4.0,600.0,150.0,0.4,12,18,1.5087,0.864,11.86,43.51,30
18.0,6.0,4.0,600.0,250.0,0.4,12,18,1.5087,0.864,11.86,43.51,30
18.0,8.0,1.0,600.0,150.0,0.4,12,18,1.5087,0.8754,11.86,43.51,30
18.0,8.0,1.0,600.0,250.0,0.4,12,18,1.5087,0.8754,11.86,43.51,30
18.0,8.0,2.0,600.0,150.0,0.4,12,18,1.5087,0.8674,11.86,43.51,30
18.0,8.0,2.0,600.0,250.0,0.4,12,18,1.5087,0.8674,11.86,43.51,30
18.0,8.0,4.0,600.0,150.0,0.4,12,18,1.5087,0.864,11.86,43.51,30
18.0,8.0,4.0,600.0,250.0,0.4,12,18,1.5087,0.864,11.86,43.51,30
10.0,4.0,2.0,250.0,150.0,0.3667,11,19,0.6527,0.9693,349.32,325.12,30
10.0,4.0,2.0,250.0,250.0,0.3667,11,19,0.6527,0.9693,349.32,325.12,30
10.0,6.0,1.0,250.0,150.0,0.3667,11,19,0.656,0.9633,349.99,363.79,30
10.0,6.0,1.0,250.0,250.0,0.3667,11,19,0.656,0.9633,349.99,363.79,30
10.0,4.0,4.0,250.0,150.0,0.3667,11,19,0.6607,0.9367,349.32,329.18,30
10.0,4.0,4.0,250.0,250.0,0.3667,11,19,0.6607,0.9367,349.32,329.18,30
10.0,6.0,2.0,250.0,150.0,0.3667,11,19,0.6647,0.924,349.32,337.12,30
10.0,6.0,2.0,250.0,250.0,0.3667,11,19,0.6647,0.924,349.32,337.12,30
18.0,4.0,1.0,250.0,150.0,0.3667,11,19,1.5278,0.5411,11.84,164.64,30
18.0,4.0,1.0,250.0,250.0,0.3667,11,19,1.5278,0.5411,11.84,164.64,30
18.0,4.0,2.0,250.0,150.0,0.3667,11,19,1.5311,0.5391,11.84,167.97,30
18.0,4.0,2.0,250.0,250.0,0.3667,11,19,1.5311,0.5391,11.84,167.97,30
18.0,6.0,1.0,250.0,150.0,0.3667,11,19,1.5478,0.5398,11.84,164.64,30
18.0,6.0,1.0,250.0,250.0,0.3667,11,19,1.5478,0.5398,11.84,164.64,30
18.0,8.0,1.0,250.0,150.0,0.3667,11,19,1.5478,0.5398,11.84,164.64,30
18.0,8.0,1.0,250.0,250.0,0.3667,11,19,1.5478,0.5398,11.84,164.64,30
18.0,6.0,2.0,250.0,150.0,0.3667,11,19,1.5511,0.5271,11.84,167.97,30
18.0,6.0,2.0,250.0,250.0,0.3667,11,19,1.5511,0.5271,11.84,167.97,30
18.0,8.0,2.0,250.0,150.0,0.3667,11,19,1.5511,0.5271,11.84,167.97,30
18.0,8.0,2.0,250.0,250.0,0.3667,11,19,1.5511,0.5271,11.84,167.97,30
18.0,4.0,4.0,250.0,150.0,0.3667,11,19,1.6098,0.5371,165.18,60.64,30
18.0,4.0,4.0,250.0,250.0,0.3667,11,19,1.6098,0.5371,165.18,60.64,30
18.0,6.0,4.0,250.0,150.0,0.3667,11,19,1.6098,0.5218,165.18,60.64,30
18.0,6.0,4.0,250.0,250.0,0.3667,11,19,1.6098,0.5218,165.18,60.64,30
18.0,8.0,4.0,250.0,150.0,0.3667,11,19,1.6298,0.5218,165.18,80.64,30
18.0,8.0,4.0,250.0,250.0,0.3667,11,19,1.6298,0.5218,165.18,80.64,30
10.0,4.0,1.0,250.0,150.0,0.3333,10,20,0.6393,0.9947,349.99,319.79,30
10.0,4.0,1.0,250.0,250.0,0.3333,10,20,0.6393,0.9947,349.99,319.79,30
